3
3

5363
0.000000 -25.522753 -19.492416
0.000000 -21.627245 -20.790918
10.000000 -25.522753 -19.492416
10.000000 -21.627245 -20.790918
0.000000 -25.522753 19.492416
35.000000 -25.522753 -19.492416
0.000000 -21.627245 20.790918
10.000000 -25.522753 19.492416
35.000000 -21.627245 -20.790918
45.000000 -25.522753 -19.492416
10.000000 -21.627245 20.790918
45.000000 -21.627245 -20.790918
35.000000 -25.522753 19.492416
35.000000 -21.627245 20.790918
45.000000 -25.522753 19.492416
45.000000 -21.627245 20.790918
80.000000 21.627245 -20.790918
80.000000 25.522753 -19.492416
90.000000 21.627245 -20.790918
90.000000 25.522753 -19.492416
80.000000 21.627245 20.790918
115.000000 21.627245 -20.790918
80.000000 25.522753 19.492416
90.000000 21.627245 20.790918
115.000000 25.522753 -19.492416
125.000000 21.627245 -20.790918
90.000000 25.522753 19.492416
125.000000 25.522753 -19.492416
115.000000 21.627245 20.790918
115.000000 25.522753 19.492416
125.000000 21.627245 20.790918
125.000000 25.522753 19.492416
0.000000 -27.001555 -19.773956
0.000000 -28.909372 -19.970241
0.000000 -31.165716 -19.965999
0.000000 -33.633644 -19.667146
0.000000 -36.532948 -18.902926
0.000000 -40.049194 -17.292012
0.000000 -43.263362 -14.969410
0.000000 -45.953667 -12.061531
0.000000 -48.019252 -8.677934
0.000000 -49.376017 -4.956811
0.000000 -49.972753 -1.043617
0.000000 -49.785314 2.922556
0.000000 -48.821067 6.765165
0.000000 -47.114996 10.347797
0.000000 -44.749137 13.507885
0.000000 -41.884435 16.086025
0.000000 -39.168411 17.774708
0.000000 -36.408242 18.945565
0.000000 -33.497086 19.691886
0.000000 -31.066584 19.971540
0.000000 -28.838989 19.966273
0.000000 -26.981338 19.770880
0.000000 -24.217640 -19.927453
0.000000 -22.923155 -20.358948
1.357840 -25.522753 -19.492416
3.221238 -25.522753 -19.492416
5.061045 -25.522753 -19.492416
6.828440 -25.522753 -19.492416
8.622278 -25.522753 -19.492416
125.000000 26.989432 19.772114
125.000000 28.589159 19.950176
125.000000 30.366074 19.996649
125.000000 32.323212 19.864609
125.000000 34.481135 19.491522
125.000000 37.081070 18.704503
125.000000 40.143252 17.237008
125.000000 43.238522 14.991382
125.000000 45.999247 12.001004
125.000000 48.093836 8.521332
125.000000 49.443513 4.685063
125.000000 49.989003 0.663141
125.000000 49.709377 -3.397127
125.000000 48.617753 -7.306111
125.000000 46.753239 -10.923780
125.000000 44.194978 -14.089095
125.000000 41.087674 -16.645224
125.000000 37.621456 -18.490901
125.000000 34.543020 -19.477191
125.000000 31.705884 -19.927116
125.000000 29.151721 -19.982002
125.000000 27.087376 -19.786779
0.000000 -20.553709 -21.852804
0.000000 -19.215701 -23.038160
0.000000 -17.607074 -24.289729
0.000000 -15.562812 -25.647590
0.000000 -12.914632 -27.077893
0.000000 -9.388478 -28.493095
0.000000 -4.840350 -29.606942
0.000000 0.331124 -29.998173
0.000000 5.325279 -29.523574
0.000000 11.040186 -27.894700
0.000000 16.314827 -25.175909
0.000000 20.967425 -21.456167
0.000000 24.760086 -16.939248
0.000000 27.472714 -12.051970
0.000000 29.225408 -6.773148
0.000000 29.974389 -1.239354
0.000000 29.760473 3.783421
0.000000 28.666885 8.843626
0.000000 26.589874 13.891674
0.000000 23.358108 18.825483
0.000000 19.300654 22.967036
0.000000 14.532730 26.244995
0.000000 9.397942 28.489975
0.000000 3.636057 29.778836
0.000000 -1.358802 29.969212
0.000000 -5.639921 29.465086
0.000000 -9.447655 28.473528
0.000000 -12.602693 27.224477
0.000000 -15.162217 25.886428
0.000000 -17.354094 24.471114
0.000000 -19.174487 23.072474
0.000000 -20.612474 21.797383
115.000000 24.258652 19.913783
115.000000 22.963490 20.345503
1.996821 -21.627245 -20.790918
4.298682 -21.627245 -20.790918
6.408908 -21.627245 -20.790918
8.293115 -21.627245 -20.790918
10.000000 -24.246733 -19.917756
10.000000 -22.926390 -20.357870
125.000000 22.947097 20.350968
125.000000 24.224698 19.925101
10.000000 -27.027181 -19.777825
10.000000 -28.974821 -19.973708
10.000000 -31.197182 -19.964137
10.000000 -33.388048 -19.710939
10.000000 -35.959198 -19.091568
10.000000 -38.783481 -17.968040
10.000000 -41.656717 -16.251798
10.000000 -44.373340 -13.907088
10.000000 -46.805296 -10.843525
10.000000 -48.435496 -7.754515
10.000000 -49.600344 -3.978257
10.000000 -49.999998 0.008472
10.000000 -49.636260 3.797013
10.000000 -48.512788 7.568136
10.000000 -46.901226 10.693389
10.000000 -44.687115 13.575296
10.000000 -41.841070 16.117973
10.000000 -38.703112 18.007105
10.000000 -35.817622 19.135184
10.000000 -33.244641 19.735053
10.000000 -31.067116 19.971511
10.000000 -28.859364 19.967447
10.000000 -26.989112 19.772065
123.418396 25.522753 19.492416
121.586285 25.522753 19.492416
119.228785 25.522753 19.492416
116.786459 25.522753 19.492416
125.000000 24.235714 -19.921429
125.000000 22.915158 -20.361614
10.000000 -20.507202 -21.896453
10.000000 -18.949581 -23.257545
10.000000 -16.851330 -24.820005
10.000000 -14.487655 -26.269904
10.000000 -11.263432 -27.805307
10.000000 -7.026006 -29.165652
10.000000 -2.170883 -29.921351
10.000000 3.486281 -29.796742
10.000000 9.227471 -28.545644
10.000000 14.641516 -26.184461
10.000000 19.508634 -22.790638
10.000000 23.612600 -18.505273
10.000000 26.792870 -13.496003
10.000000 28.925037 -7.958785
10.000000 29.907528 -2.353676
10.000000 29.794479 3.505566
10.000000 28.521769 9.301004
10.000000 26.133323 14.732598
10.000000 22.722574 19.587870
10.000000 18.422946 23.676888
10.000000 13.402636 26.839697
10.000000 7.875392 28.947853
10.000000 2.809528 29.868153
10.000000 -1.883610 29.940809
10.000000 -6.107957 29.371634
10.000000 -9.857213 28.334349
10.000000 -12.890154 27.089554
10.000000 -15.539274 25.661858
10.000000 -17.562042 24.322308
10.000000 -19.282283 22.982462
10.000000 -20.622432 21.787962
125.000000 20.559172 21.847664
125.000000 19.216382 23.037592
125.000000 17.497702 24.368636
125.000000 15.463641 25.707505
125.000000 12.936179 27.067606
125.000000 9.907541 28.316791
125.000000 5.441318 29.502408
125.000000 1.054443 29.981463
125.000000 -3.824626 29.755205
125.000000 -8.378120 28.806373
125.000000 -13.043165 27.016215
125.000000 -18.094867 23.928556
125.000000 -22.443380 19.907152
125.000000 -25.830825 15.256751
125.000000 -28.303369 9.945818
125.000000 -29.715451 4.122133
125.000000 -29.941910 -1.866021
125.000000 -28.973711 -7.779722
125.000000 -26.967936 -13.142696
125.000000 -23.912752 -18.115747
125.000000 -19.949341 -22.405887
125.000000 -15.695843 -25.566394
125.000000 -10.842771 -27.972027
125.000000 -5.704456 -29.452660
125.000000 -0.131480 -29.999712
125.000000 5.001416 -29.580160
125.000000 8.899883 -28.649469
125.000000 12.248937 -27.385462
125.000000 14.991163 -25.985862
125.000000 17.268730 -24.531428
125.000000 19.060364 -23.166841
125.000000 20.526693 -21.878182
90.000000 27.098945 19.788478
90.000000 28.861263 19.967556
90.000000 31.080690 19.970781
90.000000 33.713016 19.652316
90.000000 36.655524 18.860117
90.000000 39.743035 17.466347
90.000000 42.836698 15.336857
90.000000 45.489733 12.651805
90.000000 47.726143 9.261956
90.000000 49.173506 5.690048
90.000000 49.919470 1.792966
90.000000 49.956378 -1.320213
90.000000 49.492989 -4.474750
90.000000 48.196229 -8.300436
90.000000 46.279206 -11.618410
90.000000 43.817905 -14.459097
90.000000 40.990707 -16.709409
90.000000 38.223678 -18.231048
90.000000 35.326417 -19.277689
90.000000 32.351428 -19.861289
90.000000 29.556213 -19.995076
90.000000 27.189610 -19.801558
123.588698 21.627245 -20.790918
122.043920 21.627245 -20.790918
120.351141 21.627245 -20.790918
118.461091 21.627245 -20.790918
116.535868 21.627245 -20.790918
90.000000 22.892388 20.369204
90.000000 24.195654 19.934782
81.438759 25.522753 19.492416
82.986298 25.522753 19.492416
84.687147 25.522753 19.492416
86.738104 25.522753 19.492416
88.451740 25.522753 19.492416
80.000000 27.313454 19.818740
80.000000 29.233274 19.985298
80.000000 31.579701 19.937516
80.000000 34.011499 19.593567
80.000000 36.602339 18.878801
80.000000 39.549588 17.572859
80.000000 42.764311 15.397154
80.000000 45.492983 12.647826
80.000000 47.628990 9.445566
80.000000 49.114173 5.886288
80.000000 49.893801 2.058317
80.000000 49.913409 -1.859072
80.000000 49.178109 -5.674517
80.000000 47.715785 -9.281754
80.000000 45.565086 -12.558984
80.000000 42.864085 -15.313893
80.000000 39.654958 -17.515187
80.000000 36.486041 -18.919072
80.000000 33.660570 -19.662152
80.000000 30.971731 -19.976380
80.000000 28.936164 -19.971686
80.000000 27.093593 -19.787693
115.000000 22.893816 -20.368728
115.000000 24.209598 -19.930134
116.928715 25.522753 -19.492416
119.298029 25.522753 -19.492416
121.501154 25.522753 -19.492416
123.428654 25.522753 -19.492416
115.000000 27.048477 -19.781014
115.000000 28.891985 -19.969284
115.000000 31.096544 -19.969917
115.000000 33.444258 -19.701195
115.000000 35.990468 -19.081779
115.000000 38.694922 -18.011062
115.000000 41.405165 -16.429309
115.000000 44.280557 -14.002346
115.000000 46.707468 -10.993659
115.000000 48.345536 -7.965004
115.000000 49.536936 -4.278800
115.000000 49.991489 -0.583419
115.000000 49.777927 2.972138
115.000000 48.810151 6.795457
115.000000 47.110924 10.354530
115.000000 45.226570 12.967327
115.000000 42.737403 15.419422
115.000000 39.768795 17.451952
115.000000 36.926983 18.762114
115.000000 34.356031 19.519862
115.000000 31.648459 19.931949
115.000000 29.176867 19.983054
115.000000 27.050458 19.781309
90.000000 24.235714 -19.921429
90.000000 22.915158 -20.361614
88.483130 21.627245 -20.790918
86.809539 21.627245 -20.790918
84.947586 21.627245 -20.790918
83.067209 21.627245 -20.790918
81.442724 21.627245 -20.790918
88.571772 25.522753 -19.492416
86.859107 25.522753 -19.492416
84.889349 25.522753 -19.492416
82.980738 25.522753 -19.492416
81.400525 25.522753 -19.492416
80.000000 20.503497 21.899922
80.000000 19.260528 23.000697
80.000000 17.671805 24.242675
80.000000 15.779068 25.515114
80.000000 13.468036 26.806940
80.000000 10.427033 28.129646
80.000000 6.546741 29.276957
80.000000 1.288008 29.972338
80.000000 -4.037513 29.727067
80.000000 -9.355247 28.504023
80.000000 -14.646790 26.181512
80.000000 -19.470823 22.822950
80.000000 -23.142107 19.090387
80.000000 -26.437357 14.179780
80.000000 -28.481390 9.423929
80.000000 -29.650062 4.568788
80.000000 -29.985437 -0.934651
80.000000 -29.304699 -6.421419
80.000000 -27.458723 -12.083812
80.000000 -24.577004 -17.203804
80.000000 -21.296925 -21.129150
80.000000 -17.150853 -24.613985
80.000000 -12.707311 -27.175803
80.000000 -7.737859 -28.984919
80.000000 -2.609385 -29.886303
80.000000 2.499567 -29.895688
80.000000 6.711989 -29.239514
80.000000 10.444046 -28.123334
80.000000 13.262025 -26.909454
80.000000 15.683185 -25.574161
80.000000 17.595130 -24.298383
80.000000 19.231268 -23.025167
80.000000 20.479244 -21.922604
81.396459 21.627245 20.790918
82.975143 21.627245 20.790918
84.890377 21.627245 20.790918
86.971357 21.627245 20.790918
88.599850 21.627245 20.790918
90.000000 20.420293 -21.977525
90.000000 18.793132 -23.384144
90.000000 16.682806 -24.933591
90.000000 13.927073 -26.571350
90.000000 10.641688 -28.049144
90.000000 6.761421 -29.228123
90.000000 2.222076 -29.917593
90.000000 -2.946726 -29.854929
90.000000 -8.277369 -28.835484
90.000000 -13.725021 -26.676278
90.000000 -18.718689 -23.443777
90.000000 -22.995781 -19.266397
90.000000 -26.373887 -14.297485
90.000000 -28.694058 -8.755059
90.000000 -29.863224 -2.861442
90.000000 -29.834488 3.146956
90.000000 -28.609002 9.029120
90.000000 -26.235924 14.549099
90.000000 -22.810446 19.485471
90.000000 -18.469973 23.640222
90.000000 -13.428932 26.826550
90.000000 -7.865935 28.950424
90.000000 -2.132716 29.924096
90.000000 3.410127 29.805554
90.000000 7.710894 28.992104
90.000000 11.277520 27.799596
90.000000 14.266301 26.390769
90.000000 16.744593 24.892140
90.000000 18.852659 23.336179
90.000000 20.609595 21.800105
80.000000 22.875238 -20.374921
80.000000 24.195805 -19.934732
80.000000 22.962678 20.345774
80.000000 24.252848 19.915717
115.000000 20.556776 -21.849919
115.000000 18.968682 -23.241968
115.000000 16.762373 -24.880170
115.000000 14.017786 -26.523606
115.000000 10.216880 -28.206654
115.000000 4.832936 -29.608153
115.000000 -0.854394 -29.987831
115.000000 -6.701365 -29.241951
115.000000 -12.332869 -27.347767
115.000000 -17.480625 -24.380889
115.000000 -21.940723 -20.459831
115.000000 -25.511868 -15.784315
115.000000 -28.121621 -10.448657
115.000000 -29.618623 -4.768352
115.000000 -29.977720 1.155989
115.000000 -29.177767 6.975521
115.000000 -27.253592 12.539606
115.000000 -24.283361 17.615856
115.000000 -20.373582 22.020835
115.000000 -15.689289 25.570417
115.000000 -10.426017 28.130023
115.000000 -4.681174 29.632526
115.000000 1.165359 29.977357
115.000000 5.620898 29.468721
115.000000 9.162788 28.566472
115.000000 12.157289 27.426271
115.000000 14.796274 26.097323
115.000000 17.201339 24.578729
115.000000 19.129429 23.109846
115.000000 20.583781 21.824481
0.000000 -24.243164 19.918945
0.000000 -22.975196 20.341601
123.438129 21.627245 20.790918
121.463879 21.627245 20.790918
119.624586 21.627245 20.790918
117.937973 21.627245 20.790918
116.418583 21.627245 20.790918
1.357840 -25.522753 19.492416
3.221238 -25.522753 19.492416
5.061045 -25.522753 19.492416
6.828440 -25.522753 19.492416
8.622278 -25.522753 19.492416
35.000000 -27.000714 -19.773828
35.000000 -28.730224 -19.959651
35.000000 -30.862174 -19.981408
35.000000 -32.999743 -19.773759
35.000000 -35.316853 -19.280329
35.000000 -37.876807 -18.383577
35.000000 -41.126849 -16.619062
35.000000 -44.103957 -14.180211
35.000000 -46.600412 -11.154654
35.000000 -48.466855 -7.679537
35.000000 -49.618009 -3.890210
35.000000 -49.999778 -0.094148
35.000000 -49.750395 3.149903
35.000000 -48.875389 6.612087
35.000000 -47.202434 10.201778
35.000000 -44.884064 13.359066
35.000000 -42.182371 15.861583
35.000000 -39.496314 17.601705
35.000000 -36.856029 18.788158
35.000000 -34.106027 19.573976
35.000000 -31.445252 19.947713
35.000000 -28.857625 19.967348
35.000000 -26.988730 19.772007
35.000000 -24.244406 -19.918531
35.000000 -22.942933 -20.352356
36.531273 -25.522753 -19.492416
38.651147 -25.522753 -19.492416
41.011177 -25.522753 -19.492416
43.237059 -25.522753 -19.492416
1.501747 -21.627245 20.790918
3.219549 -21.627245 20.790918
5.116493 -21.627245 20.790918
6.933980 -21.627245 20.790918
8.528309 -21.627245 20.790918
10.000000 -24.237996 19.920668
10.000000 -22.941055 20.352982
35.000000 -20.498945 -21.904183
35.000000 -19.042880 -23.181215
35.000000 -16.932022 -24.765028
35.000000 -14.231593 -26.409501
35.000000 -11.192317 -27.834009
35.000000 -7.321167 -29.092963
35.000000 -3.006615 -29.848958
35.000000 2.262606 -29.914555
35.000000 7.943994 -28.929102
35.000000 13.372606 -26.854672
35.000000 18.370795 -23.717375
35.000000 22.685606 -19.630672
35.000000 26.123977 -14.749163
35.000000 28.523326 -9.296230
35.000000 29.778893 -3.635592
35.000000 29.928751 2.066360
35.000000 28.943733 7.890520
35.000000 26.810294 13.461358
35.000000 23.635977 18.475405
35.000000 19.568545 22.739219
35.000000 14.679917 26.162951
35.000000 9.273452 28.530739
35.000000 3.927716 29.741773
35.000000 -1.095917 29.979976
35.000000 -5.692152 29.455040
35.000000 -9.688755 28.392394
35.000000 -12.892525 27.088425
35.000000 -15.511235 25.678816
35.000000 -17.725720 24.203282
35.000000 -19.312747 22.956869
35.000000 -20.558540 21.848260
45.000000 -24.243229 19.918924
45.000000 -22.950510 20.349830
45.000000 -27.010755 19.775349
45.000000 -28.752280 19.961042
45.000000 -30.685060 19.988264
45.000000 -32.826412 19.799278
45.000000 -35.141900 19.327723
45.000000 -38.010330 18.325791
45.000000 -41.031294 16.682642
45.000000 -44.013347 14.269762
45.000000 -46.557604 11.218099
45.000000 -48.456072 7.705414
45.000000 -49.616092 3.899864
45.000000 -49.999963 -0.038367
45.000000 -49.593764 -4.010537
45.000000 -48.406600 -7.822856
45.000000 -46.506287 -11.293471
45.000000 -43.984490 -14.298043
45.000000 -41.199750 -16.570021
45.000000 -38.451875 -18.126384
45.000000 -35.771588 -19.149119
45.000000 -33.286819 -19.728072
45.000000 -30.987718 -19.975595
45.000000 -28.913352 -19.970458
45.000000 -27.031819 -19.778521
36.371443 -21.627245 20.790918
37.911952 -21.627245 20.790918
39.599764 -21.627245 20.790918
41.584237 -21.627245 20.790918
43.435546 -21.627245 20.790918
36.368499 -25.522753 19.492416
37.905495 -25.522753 19.492416
39.822862 -25.522753 19.492416
41.886860 -25.522753 19.492416
43.580462 -25.522753 19.492416
35.000000 -24.252487 19.915838
35.000000 -22.976133 20.341289
45.000000 -20.563536 21.843557
45.000000 -19.145975 23.096139
45.000000 -17.174506 24.597486
45.000000 -14.640166 26.185216
45.000000 -11.309633 27.786547
45.000000 -6.994976 29.173109
45.000000 -1.862477 29.942131
45.000000 3.968648 29.736339
45.000000 9.686634 28.393118
45.000000 15.076518 25.936434
45.000000 19.737184 22.592998
45.000000 23.318352 18.874705
45.000000 26.555581 13.957116
45.000000 28.780256 8.467399
45.000000 29.882943 2.647586
45.000000 29.883143 -2.645329
45.000000 28.946377 -7.880817
45.000000 26.859155 -13.363599
45.000000 23.758948 -18.316998
45.000000 19.856147 -22.488518
45.000000 15.303660 -25.803062
45.000000 10.308836 -28.173177
45.000000 5.580787 -29.476343
45.000000 0.306008 -29.998439
45.000000 -4.646035 -29.638056
45.000000 -8.808928 -28.677566
45.000000 -12.380195 -27.326375
45.000000 -15.225436 -25.849296
45.000000 -17.306743 -24.504625
45.000000 -19.234539 -23.022435
45.000000 -20.607073 -21.802489
36.473649 -21.627245 -20.790918
38.490805 -21.627245 -20.790918
40.465012 -21.627245 -20.790918
42.108668 -21.627245 -20.790918
43.603074 -21.627245 -20.790918
45.000000 -22.852787 -20.382404
45.000000 -24.132551 -19.955816
90.000000 30.000000 -10.000000
90.000000 27.987016 -9.795300
90.000000 26.056443 -9.189579
90.000000 24.287318 -8.207635
90.000000 22.752072 -6.889669
90.000000 21.513557 -5.289639
90.000000 20.622478 -3.473052
90.000000 20.115317 -1.514278
90.000000 20.012835 0.506490
90.000000 20.319228 2.506524
90.000000 21.021954 4.403940
90.000000 22.092242 6.121059
90.000000 23.486275 7.587581
90.000000 25.146981 8.743466
90.000000 27.006369 9.541393
90.000000 28.988316 9.948693
90.000000 31.011681 9.948693
90.000000 32.993629 9.541393
90.000000 34.853018 8.743467
90.000000 36.513724 7.587582
90.000000 37.907757 6.121060
90.000000 38.978045 4.403942
90.000000 39.680771 2.506526
90.000000 39.987165 0.506494
90.000000 39.884684 -1.514275
90.000000 39.377522 -3.473051
90.000000 38.486443 -5.289639
90.000000 37.247928 -6.889669
90.000000 35.712682 -8.207634
90.000000 33.943559 -9.189578
90.000000 32.012988 -9.795299
80.000000 15.000000 0.000000
80.000000 14.692949 3.019476
80.000000 13.784368 5.915336
80.000000 12.311452 8.569022
80.000000 10.334504 10.871892
80.000000 7.934459 12.729664
80.000000 5.209577 14.066282
80.000000 2.271416 14.827025
80.000000 -0.759736 14.980748
80.000000 -3.759785 14.521157
80.000000 -6.605910 13.467069
80.000000 -9.181589 11.861637
80.000000 -11.381372 9.770587
80.000000 -13.115200 7.279529
80.000000 -14.312089 4.490447
80.000000 -14.923040 1.517527
80.000000 -14.923040 -1.517522
80.000000 -14.312090 -4.490444
80.000000 -13.115200 -7.279528
80.000000 -11.381372 -9.770587
80.000000 -9.181590 -11.861636
80.000000 -6.605912 -13.467068
80.000000 -3.759789 -14.521156
80.000000 -0.759741 -14.980747
80.000000 2.271413 -14.827025
80.000000 5.209576 -14.066283
80.000000 7.934458 -12.729665
80.000000 10.334503 -10.871892
80.000000 12.311451 -8.569024
80.000000 13.784367 -5.915339
80.000000 14.692948 -3.019481
0.000000 0.000000 -15.000000
0.000000 -3.019476 -14.692949
0.000000 -5.915336 -13.784368
0.000000 -8.569022 -12.311452
0.000000 -10.871892 -10.334504
0.000000 -12.729664 -7.934459
0.000000 -14.066282 -5.209577
0.000000 -14.827025 -2.271416
0.000000 -14.980748 0.759736
0.000000 -14.521157 3.759785
0.000000 -13.467069 6.605910
0.000000 -11.861637 9.181589
0.000000 -9.770587 11.381372
0.000000 -7.279529 13.115200
0.000000 -4.490447 14.312089
0.000000 -1.517527 14.923040
0.000000 1.517522 14.923040
0.000000 4.490444 14.312090
0.000000 7.279528 13.115200
0.000000 9.770587 11.381372
0.000000 11.861636 9.181590
0.000000 13.467068 6.605912
0.000000 14.521156 3.759789
0.000000 14.980747 0.759741
0.000000 14.827025 -2.271413
0.000000 14.066283 -5.209576
0.000000 12.729665 -7.934458
0.000000 10.871892 -10.334503
0.000000 8.569024 -12.311451
0.000000 5.915339 -13.784367
0.000000 3.019481 -14.692948
35.000000 -30.000000 -10.000000
35.000000 -27.987016 -9.795300
35.000000 -26.056443 -9.189579
35.000000 -24.287318 -8.207635
35.000000 -22.752072 -6.889669
35.000000 -21.513557 -5.289639
35.000000 -20.622478 -3.473052
35.000000 -20.115317 -1.514278
35.000000 -20.012835 0.506490
35.000000 -20.319228 2.506524
35.000000 -21.021954 4.403940
35.000000 -22.092242 6.121059
35.000000 -23.486275 7.587581
35.000000 -25.146981 8.743466
35.000000 -27.006369 9.541393
35.000000 -28.988316 9.948693
35.000000 -31.011681 9.948693
35.000000 -32.993629 9.541393
35.000000 -34.853018 8.743467
35.000000 -36.513724 7.587582
35.000000 -37.907757 6.121060
35.000000 -38.978045 4.403942
35.000000 -39.680771 2.506526
35.000000 -39.987165 0.506494
35.000000 -39.884684 -1.514275
35.000000 -39.377522 -3.473051
35.000000 -38.486443 -5.289639
35.000000 -37.247928 -6.889669
35.000000 -35.712682 -8.207634
35.000000 -33.943559 -9.189578
35.000000 -32.012988 -9.795299
45.000000 15.000000 0.000000
45.000000 14.692949 -3.019476
45.000000 13.784368 -5.915336
45.000000 12.311452 -8.569022
45.000000 10.334504 -10.871892
45.000000 7.934459 -12.729664
45.000000 5.209577 -14.066282
45.000000 2.271416 -14.827025
45.000000 -0.759736 -14.980748
45.000000 -3.759785 -14.521157
45.000000 -6.605910 -13.467069
45.000000 -9.181589 -11.861637
45.000000 -11.381372 -9.770587
45.000000 -13.115200 -7.279529
45.000000 -14.312089 -4.490447
45.000000 -14.923040 -1.517527
45.000000 -14.923040 1.517522
45.000000 -14.312090 4.490444
45.000000 -13.115200 7.279528
45.000000 -11.381372 9.770587
45.000000 -9.181590 11.861636
45.000000 -6.605912 13.467068
45.000000 -3.759789 14.521156
45.000000 -0.759741 14.980747
45.000000 2.271413 14.827025
45.000000 5.209576 14.066283
45.000000 7.934458 12.729665
45.000000 10.334503 10.871892
45.000000 12.311451 8.569024
45.000000 13.784367 5.915339
45.000000 14.692948 3.019481
10.000000 -20.000000 0.000000
10.000000 -20.204700 -2.012984
10.000000 -20.810421 -3.943557
10.000000 -21.792365 -5.712682
10.000000 -23.110331 -7.247928
10.000000 -24.710361 -8.486443
10.000000 -26.526948 -9.377522
10.000000 -28.485722 -9.884683
10.000000 -30.506490 -9.987165
10.000000 -32.506524 -9.680772
10.000000 -34.403940 -8.978046
10.000000 -36.121059 -7.907758
10.000000 -37.587581 -6.513725
10.000000 -38.743466 -4.853019
10.000000 -39.541393 -2.993631
10.000000 -39.948693 -1.011684
10.000000 -39.948693 1.011681
10.000000 -39.541393 2.993629
10.000000 -38.743467 4.853018
10.000000 -37.587582 6.513724
10.000000 -36.121060 7.907757
10.000000 -34.403942 8.978045
10.000000 -32.506526 9.680771
10.000000 -30.506494 9.987165
10.000000 -28.485725 9.884684
10.000000 -26.526949 9.377522
10.000000 -24.710361 8.486443
10.000000 -23.110331 7.247928
10.000000 -21.792366 5.712682
10.000000 -20.810422 3.943559
10.000000 -20.204701 2.012988
125.000000 0.000000 -15.000000
125.000000 -3.019476 -14.692949
125.000000 -5.915336 -13.784368
125.000000 -8.569022 -12.311452
125.000000 -10.871892 -10.334504
125.000000 -12.729664 -7.934459
125.000000 -14.066282 -5.209577
125.000000 -14.827025 -2.271416
125.000000 -14.980748 0.759736
125.000000 -14.521157 3.759785
125.000000 -13.467069 6.605910
125.000000 -11.861637 9.181589
125.000000 -9.770587 11.381372
125.000000 -7.279529 13.115200
125.000000 -4.490447 14.312089
125.000000 -1.517527 14.923040
125.000000 1.517522 14.923040
125.000000 4.490444 14.312090
125.000000 7.279528 13.115200
125.000000 9.770587 11.381372
125.000000 11.861636 9.181590
125.000000 13.467068 6.605912
125.000000 14.521156 3.759789
125.000000 14.980747 0.759741
125.000000 14.827025 -2.271413
125.000000 14.066283 -5.209576
125.000000 12.729665 -7.934458
125.000000 10.871892 -10.334503
125.000000 8.569024 -12.311451
125.000000 5.915339 -13.784367
125.000000 3.019481 -14.692948
-40.000000 0.000000 15.000000
-40.000000 -3.019476 14.692949
-40.000000 -5.915336 13.784368
-40.000000 -8.569022 12.311452
-40.000000 -10.871892 10.334504
-40.000000 -12.729664 7.934459
-40.000000 -14.066282 5.209577
-40.000000 -14.827025 2.271416
-40.000000 -14.980748 -0.759736
-40.000000 -14.521157 -3.759785
-40.000000 -13.467069 -6.605910
-40.000000 -11.861637 -9.181589
-40.000000 -9.770587 -11.381372
-40.000000 -7.279529 -13.115200
-40.000000 -4.490447 -14.312089
-40.000000 -1.517527 -14.923040
-40.000000 1.517522 -14.923040
-40.000000 4.490444 -14.312090
-40.000000 7.279528 -13.115200
-40.000000 9.770587 -11.381372
-40.000000 11.861636 -9.181590
-40.000000 13.467068 -6.605912
-40.000000 14.521156 -3.759789
-40.000000 14.980747 -0.759741
-40.000000 14.827025 2.271413
-40.000000 14.066283 5.209576
-40.000000 12.729665 7.934458
-40.000000 10.871892 10.334503
-40.000000 8.569024 12.311451
-40.000000 5.915339 13.784367
-40.000000 3.019481 14.692948
115.000000 30.000000 10.000000
115.000000 27.987016 9.795300
115.000000 26.056443 9.189579
115.000000 24.287318 8.207635
115.000000 22.752072 6.889669
115.000000 21.513557 5.289639
115.000000 20.622478 3.473052
115.000000 20.115317 1.514278
115.000000 20.012835 -0.506490
115.000000 20.319228 -2.506524
115.000000 21.021954 -4.403940
115.000000 22.092242 -6.121059
115.000000 23.486275 -7.587581
115.000000 25.146981 -8.743466
115.000000 27.006369 -9.541393
115.000000 28.988316 -9.948693
115.000000 31.011681 -9.948693
115.000000 32.993629 -9.541393
115.000000 34.853018 -8.743467
115.000000 36.513724 -7.587582
115.000000 37.907757 -6.121060
115.000000 38.978045 -4.403942
115.000000 39.680771 -2.506526
115.000000 39.987165 -0.506494
115.000000 39.884684 1.514275
115.000000 39.377522 3.473051
115.000000 38.486443 5.289639
115.000000 37.247928 6.889669
115.000000 35.712682 8.207634
115.000000 33.943559 9.189578
115.000000 32.012988 9.795299
165.000000 -15.000000 0.000000
165.000000 -14.692949 -3.019476
165.000000 -13.784368 -5.915336
165.000000 -12.311452 -8.569022
165.000000 -10.334504 -10.871892
165.000000 -7.934459 -12.729664
165.000000 -5.209577 -14.066282
165.000000 -2.271416 -14.827025
165.000000 0.759736 -14.980748
165.000000 3.759785 -14.521157
165.000000 6.605910 -13.467069
165.000000 9.181589 -11.861637
165.000000 11.381372 -9.770587
165.000000 13.115200 -7.279529
165.000000 14.312089 -4.490447
165.000000 14.923040 -1.517527
165.000000 14.923040 1.517522
165.000000 14.312090 4.490444
165.000000 13.115200 7.279528
165.000000 11.381372 9.770587
165.000000 9.181590 11.861636
165.000000 6.605912 13.467068
165.000000 3.759789 14.521156
165.000000 0.759741 14.980747
165.000000 -2.271413 14.827025
165.000000 -5.209576 14.066283
165.000000 -7.934458 12.729665
165.000000 -10.334503 10.871892
165.000000 -12.311451 8.569024
165.000000 -13.784367 5.915339
165.000000 -14.692948 3.019481
0.000000 -26.182716 -18.144632
0.000000 -30.047450 -17.749832
0.000000 -34.773128 -16.958684
0.000000 -39.862600 -13.248751
0.000000 -43.641790 -7.381300
0.000000 -46.303104 -4.153356
0.000000 -46.156778 0.094807
0.000000 -44.257630 6.712386
0.000000 -42.477555 10.766522
0.000000 -39.381296 13.606356
0.000000 -34.344058 16.696868
0.000000 -29.789463 18.012429
0.000000 -26.154823 18.098872
0.000000 -24.602391 -18.417132
0.000000 -23.054181 -18.858359
0.000000 -21.610392 -19.395628
0.000000 -20.190657 -20.278193
0.000000 -18.805633 -21.279692
0.000000 -17.284411 -22.345786
0.000000 -15.733098 -23.656688
0.000000 -10.027109 -24.780082
0.000000 -6.087117 -25.674675
0.000000 -1.287126 -26.285265
0.000000 4.746945 -25.571624
0.000000 10.421089 -22.345889
0.000000 14.897112 -17.603047
0.000000 20.034898 -13.279077
0.000000 22.421858 -7.098454
0.000000 25.359578 -0.978521
0.000000 24.756135 4.716511
0.000000 22.477363 9.878690
0.000000 19.237523 15.694451
0.000000 13.666429 18.710244
0.000000 8.492355 22.273731
0.000000 2.903642 24.309812
0.000000 -2.518960 24.974521
0.000000 -9.946433 25.300976
0.000000 -12.200144 23.774121
0.000000 -14.635280 22.571611
0.000000 -16.918800 21.406374
0.000000 -18.786708 20.271158
0.000000 -24.619812 18.374425
0.000000 -21.750369 19.371481
0.000000 -2.048528 -17.340866
0.000000 -5.631357 -16.689315
0.000000 -8.626645 -15.260641
0.000000 -11.292036 -13.210178
0.000000 -14.284437 -10.756644
0.000000 -15.911919 -7.423580
0.000000 -17.055013 -4.169881
0.000000 -17.627113 -0.789541
0.000000 -17.413793 2.648489
0.000000 -16.637976 6.244234
0.000000 -15.194974 9.580014
0.000000 -13.124038 12.468549
0.000000 -10.603638 15.193433
0.000000 -7.520608 17.613977
0.000000 -3.707705 17.545861
0.000000 -0.426961 19.488018
0.000000 3.954274 18.741731
0.000000 7.829455 17.174556
0.000000 10.554845 14.598699
0.000000 14.091720 12.966441
0.000000 15.357656 9.173186
0.000000 16.579815 6.019447
0.000000 17.668436 2.838007
0.000000 17.951168 -0.832103
0.000000 17.654076 -4.444932
0.000000 16.828068 -8.143979
0.000000 14.606673 -11.710647
0.000000 11.599017 -13.693878
0.000000 8.747439 -16.925478
0.000000 4.893232 -17.242268
0.000000 1.242282 -17.361216
0.000000 -28.046988 -17.982401
0.000000 -32.346187 -17.287804
0.000000 -37.104265 -15.278301
0.000000 -42.511304 -11.289915
0.000000 -46.163286 3.726596
0.000000 -36.818275 15.316762
0.000000 -32.030097 17.668257
0.000000 -27.869579 18.016579
0.000000 -13.358694 -24.051942
0.000000 -6.632619 25.225224
0.000000 -23.129115 18.821551
0.000000 -20.512901 20.131632
0.000000 -33.885417 -13.915723
0.000000 -36.639526 -11.429465
0.000000 -39.705407 -9.255256
0.000000 -42.538390 2.245772
0.000000 -30.513740 16.122253
0.000000 -42.907986 -2.745213
0.000000 -34.365477 13.400878
0.000000 -39.124077 9.988660
0.000000 -40.021635 6.171713
0.000000 -32.255715 14.898365
0.000000 -26.779772 16.308015
0.000000 -28.765401 -15.748403
0.000000 -20.032885 -18.511395
0.000000 -4.939614 21.340725
0.000000 -21.763039 -17.809394
0.000000 -16.953190 -20.394601
0.000000 -14.927943 -21.763901
0.000000 21.338961 1.578221
0.000000 -11.600515 -21.413496
0.000000 -3.205131 -22.919408
0.000000 1.550488 -22.916151
0.000000 20.434430 5.449610
0.000000 -25.102857 16.671493
0.000000 -8.945621 22.119042
0.000000 -4.678202 -19.818157
0.000000 -11.769326 19.755815
0.000000 -14.738778 19.732002
0.000000 -21.796869 17.712629
0.000000 -19.066573 9.454350
0.000000 -25.111889 -16.826133
0.000000 -36.624692 11.705844
0.000000 -23.392516 17.203057
0.000000 -31.020424 -14.963433
0.000000 -23.391483 -17.370607
0.000000 -18.658864 -19.660580
0.000000 -7.444823 -22.199140
0.000000 -26.790305 -16.249630
0.000000 -8.859189 -18.703133
0.000000 -11.487914 -16.177118
0.000000 -14.038400 -14.241761
0.000000 -18.027140 -9.787033
0.000000 -19.431863 -6.492714
0.000000 -20.273909 -2.668053
0.000000 -20.303765 1.066068
0.000000 -16.448186 12.753419
0.000000 18.639998 8.425232
0.000000 21.000467 -2.475224
0.000000 2.641615 -19.839600
0.000000 -20.232479 18.548751
0.000000 -28.628693 16.138892
0.000000 -39.694105 -5.274697
0.000000 5.874430 -21.039317
0.000000 17.980085 11.544235
0.000000 -16.701927 18.653279
0.000000 -19.932155 5.085730
0.000000 -16.924652 -12.736826
0.000000 -14.309589 16.404641
0.000000 -18.583722 17.840377
0.000000 -0.723559 -20.083509
0.000000 -23.672279 15.380447
0.000000 -36.409780 -7.583188
0.000000 -39.354888 -1.248314
0.000000 -25.492660 14.677559
0.000000 -27.394741 14.075723
0.000000 -29.745748 13.909546
0.000000 -23.050013 3.470040
0.000000 -19.461488 13.159443
0.000000 -17.475277 15.722056
0.000000 -33.830577 9.867987
0.000000 -20.174610 16.172700
0.000000 -12.130975 -18.666382
0.000000 -22.143084 16.092698
0.000000 -21.465627 -9.246917
0.000000 -20.148624 -16.551368
0.000000 -23.086937 -5.174125
0.000000 -14.380963 -17.112252
0.000000 -36.432423 7.983203
0.000000 -22.574998 7.387495
0.000000 -23.199889 -0.759818
0.000000 -14.666634 -19.487383
0.000000 -33.537470 -9.855030
0.000000 -31.528739 11.792956
0.000000 -22.172451 -16.066429
0.000000 -25.195416 -14.430240
0.000000 -22.507809 11.161978
0.000000 -38.830235 2.487788
0.000000 -36.193997 4.294530
0.000000 -17.538607 -17.779372
0.000000 -25.591865 12.226991
0.000000 -28.297873 11.111135
0.000000 -26.135176 1.832238
0.000000 -36.270826 -3.716491
0.000000 -23.835165 -15.842194
0.000000 -27.190441 -14.221121
0.000000 -18.690061 -14.843879
0.000000 -26.280911 -11.931666
0.000000 -29.043704 -12.965795
0.000000 -36.003313 0.405935
0.000000 -31.434882 -12.112440
0.000000 -29.327286 -9.014901
0.000000 -26.218201 -2.353355
0.000000 -16.347397 -15.475483
0.000000 -19.875256 -12.124724
0.000000 -24.851932 -9.130870
0.000000 -25.673414 5.723204
0.000000 -32.860488 -6.245419
0.000000 -21.100563 -14.262419
0.000000 -23.871864 13.469538
0.000000 -23.185122 -12.079488
0.000000 -21.858649 14.192930
0.000000 -33.259159 6.327794
0.000000 -30.755801 8.680391
0.000000 -29.286165 4.680353
0.000000 -23.089475 -14.380891
0.000000 -25.336049 9.263754
0.000000 -27.746497 7.868178
0.000000 -26.658652 -6.133482
0.000000 -29.374353 0.023229
0.000000 -32.767097 2.361302
0.000000 -32.728112 -2.028913
0.000000 -29.619900 -4.458943
1.578243 -28.404385 -19.936249
1.803724 -30.329859 -19.997280
1.934046 -32.676913 -19.820044
2.132587 -35.461932 -19.239732
2.718978 -38.615219 -18.049321
3.391265 -44.553538 -13.718402
3.516244 -46.998884 -10.537454
3.651969 -48.688930 -7.122071
4.878105 -49.749860 -3.153254
4.068868 -49.983763 0.805732
3.508243 -49.468970 4.578121
3.524412 -48.231946 8.221688
3.620253 -46.330975 11.545530
5.002367 -43.368733 14.875382
2.911061 -40.620803 16.946933
3.134392 -38.032299 18.316172
3.085222 -35.198075 19.312691
2.700447 -32.492429 19.844087
2.272338 -29.868536 19.999568
4.299117 -27.148672 -19.795705
7.963015 -27.488490 -19.841681
8.041113 -29.755544 -19.998506
8.068857 -34.434039 -19.502289
6.458112 -39.856880 -17.402354
6.789192 -45.689447 -12.403276
7.036097 -49.011515 -6.209855
6.728314 -49.034716 6.138370
7.115157 -45.882256 12.155408
6.552411 -36.972039 18.745417
7.679443 -31.553505 19.939574
8.019776 -27.575505 19.852502
2.092126 -27.528173 19.846664
4.072468 -26.941526 19.764760
5.839230 -27.298630 19.816725
36.481244 -27.742206 -19.872151
36.676826 -29.728891 -19.998162
36.996505 -31.930427 -19.906618
37.205605 -34.147735 -19.565181
37.136276 -36.500561 -18.914088
40.030930 -45.220110 -12.974909
40.030060 -47.513005 -9.658916
40.085955 -49.090575 -5.962378
40.098708 -49.896635 -2.030746
39.885326 -49.923375 1.749042
39.915913 -49.269883 5.354589
39.998011 -47.798158 9.122805
39.880883 -45.490830 12.650462
37.859895 -43.357031 14.885890
38.002464 -40.936606 16.744870
37.680030 -38.331067 18.182226
37.494315 -35.634188 19.189996
37.618384 -33.033857 19.768554
37.362366 -30.581476 19.991545
37.908213 -26.901274 -19.758489
41.781034 -27.296033 -19.816371
42.898163 -27.369141 19.826209
42.564340 -29.802005 19.999020
43.105785 -31.834752 19.915664
42.654972 -33.932242 19.609627
42.430736 -36.412144 18.944245
41.218337 -42.509425 15.604944
40.093703 -41.906808 -16.069471
42.079722 -38.281085 -18.205044
42.391558 -34.656268 -19.450428
42.749457 -32.132611 -19.885974
42.816794 -29.465716 -19.992862
37.041937 -26.820918 19.745719
39.003494 -27.355130 19.824345
40.954326 -26.803913 19.742974
3.287495 -41.660278 -16.249244
6.018182 -26.887076 -19.756257
2.299373 -27.065093 -19.783486
8.064060 -32.096577 -19.889806
7.626634 -37.025698 -18.725372
6.744612 -43.006134 -15.193435
6.812841 -47.746293 -9.223290
6.743886 -49.772223 3.009848
6.839063 -47.653660 9.399378
6.351750 -40.036645 17.299299
6.464318 -33.925237 19.611030
8.400259 -29.639193 19.996745
37.117753 -28.423124 19.937740
38.329487 -38.839731 -17.940434
39.666419 -27.139531 -19.794386
43.601134 -27.245246 -19.809375
41.300283 -39.345367 17.682311
3.871030 -31.610287 -19.935069
4.028729 -34.156636 -19.563292
4.738904 -36.968922 -18.746576
5.857028 -30.669815 -19.988781
5.935276 -28.577120 -19.949321
41.022082 -28.275498 19.925514
38.342303 -28.562385 -19.948265
39.456033 -29.568415 19.995343
38.775027 -30.569100 -19.991902
39.621817 -35.889860 -19.113073
40.364898 -28.979517 -19.973948
39.996678 -34.531102 19.479967
40.312362 -31.971786 19.902564
40.910237 -30.871112 -19.981020
4.895829 -31.017998 19.974075
3.649338 -29.092776 -19.979413
6.000024 -32.992691 -19.774827
6.071092 -35.217979 -19.307322
4.237921 -28.759629 19.961500
6.457727 -29.312906 19.988194
39.715703 -32.989530 -19.775306
39.752846 -36.939265 18.757575
1.704504 -23.806686 -20.064438
3.665065 -23.612498 -20.129167
5.803423 -23.555950 -20.148017
36.497173 -23.424774 -20.191742
39.797151 -23.626675 -20.124442
43.758671 -23.901070 -20.032977
42.013974 -23.453981 -20.182006
37.976610 -23.925203 -20.024932
8.027140 -23.550498 -20.149834
125.000000 26.149577 18.170563
125.000000 27.796998 18.209113
125.000000 29.646745 18.142537
125.000000 31.414154 18.087260
125.000000 33.336966 18.127744
125.000000 37.492468 15.232216
125.000000 40.151764 12.804646
125.000000 43.235533 9.647057
125.000000 45.491450 6.117336
125.000000 45.165771 2.360021
125.000000 44.753352 -1.559071
125.000000 44.576346 -6.196491
125.000000 41.051862 -9.607629
125.000000 38.701715 -14.105307
125.000000 35.655577 -16.459405
125.000000 33.008171 -16.863407
125.000000 30.413491 -17.281092
125.000000 28.120074 -17.668099
125.000000 21.697641 19.362928
125.000000 23.112259 18.820282
125.000000 24.646642 18.373191
125.000000 24.630527 -18.347526
125.000000 23.145728 -18.789263
125.000000 21.717520 -19.325024
125.000000 20.227044 20.162923
125.000000 17.186180 22.155021
125.000000 12.879657 24.069332
125.000000 6.877230 25.882153
125.000000 -0.865918 25.937596
125.000000 -7.630007 22.375268
125.000000 -22.287988 10.396323
125.000000 -24.530464 1.013795
125.000000 -21.793747 -8.843814
125.000000 -18.217695 -17.862676
125.000000 -11.840555 -22.714142
125.000000 -2.208597 -23.803715
125.000000 6.431615 -25.269330
125.000000 12.654921 -24.537215
125.000000 17.078008 -22.249485
125.000000 20.249614 -20.060520
125.000000 -2.214404 -18.220993
125.000000 -5.731299 -16.983815
125.000000 -8.933908 -15.656932
125.000000 -14.309373 -10.851861
125.000000 -16.499515 -8.034378
125.000000 -18.407752 -4.447880
125.000000 -17.576919 -0.859570
125.000000 -18.986195 2.509704
125.000000 -17.884272 6.697949
125.000000 -15.146091 9.284204
125.000000 -14.212210 12.903577
125.000000 -11.106982 15.386582
125.000000 -7.672636 17.152866
125.000000 -4.084464 18.062730
125.000000 -0.276563 18.302219
125.000000 3.801216 18.343855
125.000000 7.388123 16.498597
125.000000 10.411311 14.621079
125.000000 13.045817 12.191856
125.000000 15.181173 9.322473
125.000000 16.772413 6.250407
125.000000 17.815659 2.696985
125.000000 17.862683 -1.085537
125.000000 17.049732 -4.591813
125.000000 15.813085 -7.786561
125.000000 13.839652 -10.750749
125.000000 11.386336 -13.254744
125.000000 8.567816 -15.347219
125.000000 5.335782 -17.187878
125.000000 1.664572 -19.198111
125.000000 35.184906 16.951700
125.000000 26.275861 -18.041751
125.000000 25.134737 -16.752841
125.000000 18.880861 21.161335
125.000000 15.255552 23.060847
125.000000 10.186980 25.171995
125.000000 3.092978 26.002274
125.000000 -4.915989 25.657901
125.000000 -12.064541 20.455495
125.000000 -19.692224 14.730782
125.000000 -23.512042 5.700568
125.000000 -24.188801 -3.989708
125.000000 -20.810411 -14.019585
125.000000 -15.785897 -21.179526
125.000000 -7.276798 -24.080326
125.000000 2.592934 -24.833805
125.000000 9.734470 -25.269071
125.000000 15.014355 -23.439594
125.000000 18.788107 -21.081688
125.000000 -11.932804 -13.716276
125.000000 28.703114 16.234415
125.000000 30.667679 16.078692
125.000000 32.914675 16.049899
125.000000 20.241380 18.434789
125.000000 25.165044 16.730360
125.000000 39.078914 8.317588
125.000000 23.462062 -16.986729
125.000000 41.631343 5.145200
125.000000 40.688506 0.994181
125.000000 39.611354 -4.108203
125.000000 21.857908 17.739981
125.000000 36.930116 -11.062444
125.000000 34.649513 -13.810821
125.000000 31.548124 -14.207161
125.000000 28.807529 -15.042997
125.000000 20.322200 -18.337775
125.000000 23.477430 17.172811
125.000000 21.987577 -17.638181
125.000000 -16.010530 -14.384948
125.000000 10.483761 22.004589
125.000000 17.250721 20.326998
125.000000 4.906464 22.738243
125.000000 13.062838 21.314015
125.000000 -2.868692 21.985134
125.000000 -20.972054 -1.179449
125.000000 -13.014974 -17.724553
125.000000 -8.805389 -19.593746
125.000000 8.244158 -22.381070
125.000000 12.931477 -21.871245
125.000000 15.114280 -20.945529
125.000000 18.729312 -18.999507
125.000000 8.039314 23.234141
125.000000 34.779131 13.962605
125.000000 26.835521 16.454229
125.000000 36.746027 11.314277
125.000000 1.250993 22.323708
125.000000 7.607953 20.044336
125.000000 13.939153 15.594617
125.000000 16.208193 12.396577
125.000000 19.277393 9.382456
125.000000 20.578628 5.359552
125.000000 21.507489 0.943656
125.000000 20.293826 -3.685073
125.000000 19.147798 -7.379203
125.000000 17.372263 -10.986086
125.000000 14.457395 -13.813297
125.000000 11.647671 -16.556183
125.000000 8.117168 -18.808326
125.000000 15.461160 20.708362
125.000000 18.615602 19.260410
125.000000 26.717598 -15.830680
125.000000 -17.908441 -11.169351
125.000000 -18.033801 10.906534
125.000000 5.227522 -21.403818
125.000000 10.784795 -22.902967
125.000000 17.041973 -19.963924
125.000000 10.878375 18.426696
125.000000 -5.251924 -20.608052
125.000000 31.991118 13.626543
125.000000 33.071013 -10.236998
125.000000 24.302437 -14.723421
125.000000 26.740589 -13.261857
125.000000 37.657416 4.261929
125.000000 36.161454 0.053599
125.000000 18.533825 17.268898
125.000000 36.918505 -7.609459
125.000000 18.929463 -16.889682
125.000000 20.444615 16.635364
125.000000 23.892429 15.185540
125.000000 17.049523 -17.615562
125.000000 33.840199 -4.942905
125.000000 15.443534 -18.801460
125.000000 16.893870 15.163706
125.000000 19.517189 12.870670
125.000000 23.020446 8.158025
125.000000 24.236776 4.487568
125.000000 23.774892 -2.909293
125.000000 22.370436 -6.516175
125.000000 21.248298 -10.214982
125.000000 17.355260 -14.840523
125.000000 22.078628 15.890431
125.000000 35.316063 7.663279
125.000000 29.573671 13.904759
125.000000 22.206119 -15.641806
125.000000 29.433540 -11.816626
125.000000 16.361859 18.228815
125.000000 20.687669 -16.670616
125.000000 10.711996 -20.149907
125.000000 13.253715 -19.061548
125.000000 25.662516 14.830869
125.000000 33.486172 10.771540
125.000000 25.812060 0.924905
125.000000 27.515562 14.427911
125.000000 13.871623 18.766984
125.000000 22.300686 11.196372
125.000000 14.838322 -16.597432
125.000000 22.059382 -13.317682
125.000000 29.941965 -8.086837
125.000000 26.864235 -10.056092
125.000000 24.064610 -8.980532
125.000000 -15.988623 17.849020
125.000000 19.580506 -12.675899
125.000000 26.530751 7.381293
125.000000 24.115150 -11.838512
125.000000 30.995961 -0.290345
125.000000 26.215186 -6.215854
125.000000 30.370911 11.337974
125.000000 20.092299 -14.912221
125.000000 24.288220 13.070498
125.000000 19.109740 15.327913
125.000000 28.617416 4.093329
125.000000 27.971100 12.208701
125.000000 33.407173 3.858705
125.000000 22.186039 13.673750
125.000000 30.826676 7.694574
125.000000 20.728793 14.803727
125.000000 25.439672 10.704860
125.000000 27.220173 -2.563489
125.000000 29.827240 -4.478937
125.000000 28.183935 9.772228
125.000000 26.171978 13.037406
123.553276 27.553846 19.849845
123.190548 31.284682 19.958697
122.678990 35.741910 19.158039
121.280776 41.640996 16.263063
121.580527 47.201598 10.203187
121.316372 49.808539 2.760757
119.567456 49.053460 -6.079940
121.756698 45.278771 -12.905780
121.606273 40.359887 -17.107681
122.128678 33.118324 -19.755406
123.251669 28.518797 -19.945076
122.244728 26.783118 19.739597
120.454314 27.371657 19.826543
118.358860 27.103221 19.789105
88.095581 27.398128 19.830034
87.293716 32.118953 19.887434
86.534631 38.538619 18.085685
87.374321 44.262157 14.021087
84.939712 48.475829 7.657920
87.498575 49.997767 0.298835
86.800761 48.985411 -6.289211
86.761795 45.270363 -12.915728
86.606712 39.765579 -17.453752
86.285164 33.674586 -19.659538
87.651346 28.692734 -19.957231
82.140739 27.066902 19.783754
85.835839 27.636007 19.859797
81.513570 28.580612 19.949570
81.867893 30.482679 19.994175
82.100211 32.760165 19.808622
82.294790 35.318839 19.279781
82.689826 38.057038 18.305304
83.791695 44.121514 14.162728
83.132700 46.616037 11.131366
83.912398 49.999279 0.169826
83.423118 49.602895 -3.965668
83.367824 46.575783 -11.191220
83.385799 44.167249 -14.116977
83.356806 41.329293 -16.481721
83.199295 38.183979 -18.248904
82.988523 35.263879 -19.294859
82.579060 32.654004 -19.823124
81.953315 28.287021 -19.926508
118.383683 26.964004 -19.768225
120.334844 27.097156 -19.788216
116.771982 27.849841 -19.884085
117.143434 32.202607 -19.878343
117.769256 37.157228 -18.675494
118.676013 42.966994 -15.226853
117.847875 47.699103 -9.313525
117.944705 49.933949 1.624090
118.306057 48.073270 8.564864
118.160831 43.914471 14.366193
118.261601 38.735757 17.991291
117.221101 32.937675 19.783075
116.744106 28.056592 19.905355
87.770151 26.892004 -19.757033
83.597377 27.124139 -19.792156
123.348649 29.368754 19.990036
122.960402 33.473483 19.696063
122.215890 38.627396 18.043504
121.566996 44.810501 13.440575
121.595062 48.852323 6.677567
119.718685 49.924876 -1.731848
121.394944 47.482738 -9.713593
122.281934 42.852872 -15.323305
122.627104 35.756397 -19.153691
122.766606 30.531421 -19.992939
122.449390 27.049938 -19.781232
87.896227 29.538309 19.994670
87.369726 35.204322 19.311008
86.840235 41.658444 16.250559
86.654126 46.354607 11.512029
86.715707 49.706277 3.415060
86.929132 49.828701 -2.612015
86.820905 47.449171 -9.773763
86.766173 42.661888 -15.481492
86.490188 36.685040 -18.849675
87.303670 30.911674 -19.979210
83.911804 26.980258 19.770715
83.209788 40.876889 16.783721
83.139782 49.620779 3.876215
83.333862 48.437254 -7.750332
82.208015 30.203177 -19.998968
117.021925 29.936351 -19.999899
117.315312 34.644325 -19.453284
118.202184 39.873375 -17.393001
118.252116 45.777750 -12.290753
118.157580 49.384574 4.923239
118.295651 46.178036 11.758876
117.594211 41.412845 16.423975
117.480053 35.669178 19.179688
116.929833 30.378132 19.996425
85.834626 27.192606 -19.801983
120.020043 35.401694 -19.256731
84.717648 36.292190 18.984424
122.064941 28.224350 19.921021
118.811059 29.041309 19.977010
85.725375 29.898197 19.999741
84.606448 29.085560 -19.979084
84.566728 31.317299 -19.956571
84.044897 31.407747 19.950395
84.590000 33.865707 19.622852
121.236442 32.060564 19.893569
81.622428 26.682961 -19.723013
119.363976 33.254288 -19.733464
119.864946 30.972533 -19.976341
118.875548 28.669954 -19.955725
120.073490 36.628075 18.869781
120.114916 34.084703 19.578437
121.078208 29.792203 19.998920
83.618078 28.885565 19.968927
119.124593 31.422628 19.949339
121.298285 28.857594 -19.967346
120.862537 37.896911 -18.374950
1.488539 -20.093496 -22.276701
2.383749 -16.863754 -24.811566
4.862106 -10.862604 -27.964331
4.879963 -1.230830 -29.974740
4.829869 7.668982 -29.003219
4.805249 18.039208 -23.970544
4.851294 25.783342 -15.336861
4.848348 29.661142 -4.496293
4.867859 29.274048 6.559736
4.820801 24.830230 16.836261
4.982171 16.535109 25.031784
4.973994 6.008676 29.392105
5.208636 -4.010913 29.730667
2.661322 -11.222296 27.821935
2.284664 -16.174243 25.266457
2.271263 -19.583372 22.726450
3.295011 -20.193710 -22.185898
5.351723 -20.407853 -21.989078
7.258733 -20.651784 -21.760143
8.411111 -19.619529 -22.695243
7.497618 -17.876162 -24.092381
7.618130 -15.499148 -25.686113
7.704109 -13.077472 -26.999624
5.059839 0.836934 29.988323
6.383927 -11.384098 27.756122
7.130571 -14.338179 26.351786
7.961831 -16.440791 25.093832
7.675909 -18.228017 23.827282
7.830148 -19.659916 22.660267
123.443207 19.954042 22.401701
123.070927 18.327165 23.751106
122.698696 16.442485 25.092721
122.391969 14.311446 26.366314
122.026525 12.025419 27.484346
119.871056 3.042830 29.845288
120.000418 -1.663182 29.953862
120.121276 -6.719786 29.237724
120.082868 -12.013931 27.489370
120.101429 -16.939293 24.760056
120.139669 -21.367504 21.057773
119.999744 -25.088719 16.448592
119.974547 -27.811695 11.247649
120.095598 -29.497556 5.467556
120.224060 -29.998484 -0.301616
120.028221 -29.369543 -6.118003
119.997497 -27.612784 -11.727496
119.898258 -24.824840 -16.844208
120.134565 -21.321977 -21.103869
121.056812 -17.703729 -24.219372
120.329757 -13.715284 -26.681285
120.161271 -8.721476 -28.704283
120.062374 -3.347387 -29.812665
120.266592 2.156513 -29.922390
121.279972 6.803035 -29.218465
122.473592 10.306542 -28.174016
122.128500 13.142323 -26.968117
122.389763 15.953064 -25.406687
123.623127 19.546880 -22.757845
122.911258 20.603481 -21.805884
121.199868 20.573370 -21.834295
119.443054 20.589594 -21.818997
117.641435 20.640551 -21.770798
87.429301 20.586082 -21.822310
85.743733 20.576138 -21.831687
83.898075 20.664181 -21.748370
82.121550 20.710653 -21.704121
81.465145 19.633745 22.682946
81.868524 16.673628 24.939730
83.113203 11.712129 27.619305
84.927827 4.908855 29.595661
85.088920 -5.781225 29.437687
84.845260 -16.605484 24.985154
84.823266 -24.754311 16.947687
85.087225 -29.273122 6.563864
84.895461 -29.684150 -4.341799
84.824063 -26.704276 -13.670466
84.909661 -20.114917 -22.257361
84.918837 -10.558875 -28.080423
85.213155 -0.164492 -29.999549
83.382733 9.055465 -28.600674
83.404576 14.511140 -26.256938
81.773113 18.419607 -23.679486
82.233082 20.646840 21.764834
84.141291 20.523397 21.881275
86.027918 20.672104 21.740840
87.887707 20.220075 22.161872
88.491758 19.564380 -22.742802
87.316111 15.281886 -25.815963
86.996192 8.721066 -28.704408
86.567709 9.632552 28.411511
86.799255 15.741363 25.538392
116.487206 19.623233 -22.692041
117.017561 17.891036 -24.081338
117.309530 15.900654 -25.439520
119.131477 10.293666 28.178723
118.648565 13.549667 26.765772
117.623359 16.093329 25.318072
117.412185 18.057034 23.957118
117.371537 19.569981 22.737983
122.097959 20.645205 21.766385
118.729471 20.590447 21.818191
2.204675 -20.766575 21.650621
6.178888 -20.522136 21.882457
37.766264 -19.315717 -22.954369
38.005658 -15.332842 -25.785731
38.238692 -9.200380 -28.554387
40.205670 -1.805223 -29.945637
40.409569 10.475678 -28.111566
40.198338 21.285883 -21.140274
40.109580 27.697970 -11.524861
40.214412 29.997694 -0.371943
39.956881 27.972956 10.840376
40.117792 21.652338 20.764785
39.907998 12.202740 27.406078
40.008619 0.525715 29.995393
38.242586 -7.468054 29.055605
38.117656 -14.307327 26.368550
37.168219 -18.854268 23.334879
36.725539 -20.389841 22.005781
40.737586 -20.198545 22.181496
43.036784 -20.289546 22.098288
41.324287 -16.159362 25.275977
41.590148 -9.275984 28.529916
41.574096 -6.795068 -29.220319
41.643675 -14.267187 -26.390289
42.598338 -18.605391 -23.533793
37.746306 -20.673223 -21.739776
39.454064 -20.390179 -22.005468
41.347972 -20.292278 -22.095779
43.225898 -20.356480 -22.036645
1.997688 -18.724082 -23.439470
2.746280 -14.376465 -26.330918
5.042565 -6.244507 -29.342906
3.932862 3.273734 -29.820843
4.913515 13.042908 -27.016339
4.931474 22.304305 -20.062851
4.928920 28.227331 -10.159614
4.840848 29.987966 0.849629
4.841284 27.623474 11.702295
4.874929 21.076680 21.348854
4.961889 11.421082 27.740924
3.443850 -8.174045 28.864944
3.397932 -13.995426 26.535411
2.529324 -18.065077 23.951054
7.074031 -8.046846 28.900662
123.132581 18.057222 -23.956976
119.797188 7.067239 29.155688
116.129481 20.826342 -21.593135
88.861280 20.786445 -21.631544
81.568900 18.333195 23.746452
83.140287 14.430354 26.301423
82.863577 8.494417 28.772294
85.148534 -0.162495 29.999560
84.950363 -11.488587 27.713036
84.957080 -21.076668 21.348865
84.947568 -27.546304 11.882809
85.071322 -29.980793 1.073325
84.147497 -28.571764 -9.146273
84.931302 -23.804741 -18.257445
84.806656 -15.563608 -25.647107
85.086750 -5.399369 -29.510114
85.146683 4.944763 -29.589683
82.601264 11.939354 -27.521843
82.359498 16.811730 -24.846846
81.349810 19.706481 -22.619784
88.034060 17.713809 -24.212001
86.287420 12.185758 -27.413633
86.695709 12.825202 27.120365
87.771288 18.120845 23.908889
120.377113 20.551425 21.854952
117.334327 20.790751 21.627406
4.030228 -20.511686 21.892253
7.894552 -20.789250 21.628848
37.663773 -17.568293 -24.317793
38.256323 -12.659149 -27.198271
38.050511 -5.591333 -29.474345
40.062290 4.271797 -29.694305
40.158904 16.606991 -24.984152
40.071826 24.973159 -16.623517
40.119248 29.454060 -5.697224
40.060941 29.526783 5.307453
40.006738 25.205215 16.269515
40.103238 17.395236 24.441885
39.961125 6.461610 29.295863
38.039653 -3.676617 29.773856
38.214135 -11.278555 27.799176
37.688663 -16.845621 24.823881
38.666647 -20.256030 22.129014
42.473506 -18.523729 23.598125
41.460480 -12.983296 27.045037
41.550142 -4.802212 29.613152
41.680858 -10.842236 -27.972235
42.932379 -16.412482 -25.112356
5.123901 -16.698506 24.923080
5.020109 -16.329408 -25.166455
120.125172 17.430474 -24.416768
120.149194 17.510324 24.359568
120.224481 15.576808 25.639092
120.271517 19.415018 -22.870441
84.642386 19.597899 -22.713924
83.295312 17.689482 24.229780
86.333344 19.020010 -23.199983
85.816301 19.377850 22.901941
85.339396 17.802723 24.146699
119.022744 10.223167 -28.204377
121.962768 19.293421 -22.973113
116.220852 20.323219 22.067324
5.154317 -18.977781 23.234540
36.338801 -20.189755 -22.189498
40.457894 -16.777906 -24.869698
4.566664 -18.480319 -23.632135
82.962833 19.539116 -22.764511
39.586008 -18.524858 23.597238
40.070105 -18.883436 -23.311282
83.489735 19.229978 23.026245
8.771134 -20.828362 -21.591186
121.426305 19.302873 22.965172
85.374799 16.863189 -24.811950
83.962195 18.271259 -23.794140
5.469143 -14.060690 -26.500887
6.585291 -19.346260 -22.928634
118.397832 19.177954 -23.069592
84.128433 16.307690 25.180533
119.221615 19.226544 23.029112
118.827983 13.900086 -26.585477
115.000000 24.421294 18.610962
115.000000 23.098727 18.882173
115.000000 21.689675 19.303349
115.000000 21.664131 -19.299986
115.000000 23.095885 -18.734384
115.000000 24.660179 -18.192970
115.000000 26.308525 -17.975854
115.000000 28.173394 -17.996704
115.000000 30.157850 -18.111168
115.000000 32.452669 -17.912120
115.000000 35.441780 -17.067288
115.000000 38.516828 -14.711442
115.000000 41.506419 -12.382538
115.000000 44.287501 -9.403448
115.000000 46.570112 -2.318244
115.000000 45.780557 1.290534
115.000000 45.131564 5.584498
115.000000 43.062655 9.236883
115.000000 39.923478 14.013934
115.000000 37.260310 15.443504
115.000000 33.986980 16.562432
115.000000 31.459419 18.085006
115.000000 28.893082 17.955725
115.000000 26.899505 17.778375
115.000000 20.195408 -20.042462
115.000000 16.437135 -21.983808
115.000000 10.279812 -23.804867
115.000000 1.582303 -25.697097
115.000000 -8.813960 -22.485351
115.000000 -14.783850 -20.520302
115.000000 -17.913961 -15.750208
115.000000 -23.890131 -6.699204
115.000000 -23.795704 3.609916
115.000000 -20.861738 12.504727
115.000000 -15.299726 20.792638
115.000000 -6.960340 24.014195
115.000000 2.558035 26.058108
115.000000 9.463917 25.310848
115.000000 14.735906 23.369910
115.000000 18.701326 21.027570
115.000000 20.259810 20.034576
115.000000 28.688700 11.797503
115.000000 26.335698 11.483902
115.000000 24.178622 10.589948
115.000000 22.281713 9.035713
115.000000 20.613273 7.289206
115.000000 19.209616 5.149397
115.000000 18.475095 2.951259
115.000000 18.183710 0.635184
115.000000 18.364935 -1.885703
115.000000 18.944951 -4.144480
115.000000 20.000385 -6.316760
115.000000 21.465740 -8.237071
115.000000 23.331602 -9.802269
115.000000 25.468627 -11.024576
115.000000 27.593046 -11.709773
115.000000 29.858127 -11.852675
115.000000 32.295424 -11.604657
115.000000 34.534310 -10.868403
115.000000 36.724932 -9.789777
115.000000 38.555981 -8.334790
115.000000 40.060771 -6.452779
115.000000 41.174584 -4.218952
115.000000 41.762764 -1.980405
115.000000 42.207353 0.482931
115.000000 42.222364 3.153487
115.000000 41.361362 5.684314
115.000000 39.618136 7.800191
115.000000 37.684924 9.377764
115.000000 35.661656 10.644032
115.000000 33.294724 11.487604
115.000000 31.064699 11.836786
115.000000 42.239448 12.384428
115.000000 45.940829 -5.756372
115.000000 18.553507 -21.025188
115.000000 13.714721 -22.800325
115.000000 5.933782 -24.631480
115.000000 -3.280530 -24.126285
115.000000 -20.880097 -11.034105
115.000000 -23.890628 -1.738868
115.000000 -23.775668 8.642221
115.000000 -17.717907 16.800345
115.000000 -11.631530 23.176794
115.000000 -1.951572 25.205213
115.000000 6.424400 25.970003
115.000000 12.310476 24.444304
115.000000 16.923749 22.193234
115.000000 22.046683 17.594630
115.000000 30.708760 16.037509
115.000000 23.394435 -16.841938
115.000000 20.202184 -18.320683
115.000000 29.276401 -16.066327
115.000000 31.268265 -16.352229
115.000000 33.359709 -15.555667
115.000000 42.834051 -6.514085
115.000000 -5.179887 -17.971313
115.000000 37.648235 12.204710
115.000000 40.049302 10.767494
115.000000 28.269687 15.900186
115.000000 25.322045 17.464946
115.000000 -17.484587 -5.573429
115.000000 6.702895 -20.385771
115.000000 16.887742 -19.792149
115.000000 1.216490 -20.331596
115.000000 10.889348 -20.075108
115.000000 -14.388256 -11.005700
115.000000 -11.518392 -16.377619
115.000000 -14.766110 12.210688
115.000000 -10.610883 17.704139
115.000000 -4.332852 19.950144
115.000000 4.299523 23.146062
115.000000 10.013862 22.314379
115.000000 14.784200 20.936054
115.000000 16.726884 19.894773
115.000000 -18.041957 7.140013
115.000000 24.410351 13.597739
115.000000 27.153398 13.766145
115.000000 25.249516 -16.262116
115.000000 23.660160 17.329356
115.000000 21.864405 -17.572482
115.000000 27.189457 -15.973800
115.000000 22.043966 11.391865
115.000000 19.987290 9.529667
115.000000 17.956632 7.423536
115.000000 16.149988 2.014517
115.000000 16.108912 -0.781263
115.000000 16.660510 -3.600762
115.000000 17.614964 -6.199931
115.000000 19.158191 -8.779289
115.000000 21.114325 -10.837557
115.000000 25.876694 -13.773278
115.000000 28.401029 -13.954220
115.000000 31.208133 -14.031063
115.000000 36.511461 -12.300348
115.000000 43.803612 -3.706243
115.000000 32.299574 13.848441
115.000000 29.709019 13.922210
115.000000 14.349212 -19.319324
115.000000 26.155431 15.725076
115.000000 41.124399 -9.067292
115.000000 44.104451 -1.237981
115.000000 34.997747 13.385048
115.000000 -18.274590 0.904902
115.000000 18.543222 -18.968930
115.000000 35.659020 -14.602157
115.000000 38.952800 -11.095705
115.000000 0.859576 21.095344
115.000000 7.211573 22.834825
115.000000 12.542942 21.750546
115.000000 24.480344 15.950968
115.000000 16.668735 4.858269
115.000000 23.522808 -12.348608
115.000000 20.307989 18.169618
115.000000 33.847568 -13.101640
115.000000 18.577045 18.942532
115.000000 22.807271 15.703732
115.000000 12.909372 19.507618
115.000000 17.344856 9.998752
115.000000 14.972475 -5.723765
115.000000 -14.024104 3.543499
115.000000 -12.782739 -1.437246
115.000000 8.119597 -16.791891
115.000000 -10.811697 -6.835649
115.000000 23.649350 -14.676494
115.000000 -8.115781 -11.982384
115.000000 10.687672 19.579507
115.000000 7.899752 19.628687
115.000000 4.792147 19.813395
115.000000 -9.504299 12.193596
115.000000 14.742811 18.436437
115.000000 18.709311 -16.888998
115.000000 -1.346348 17.007783
115.000000 20.740573 16.101387
115.000000 18.609597 -12.007579
115.000000 13.791127 3.966673
115.000000 14.691848 7.543537
115.000000 16.427332 -8.900401
115.000000 21.412506 -13.384414
115.000000 19.589630 11.927627
115.000000 14.027311 -2.739204
115.000000 -5.270024 14.674176
115.000000 11.733910 -16.761526
115.000000 -11.781070 7.956550
115.000000 21.539412 13.755571
115.000000 -1.650423 -13.469090
115.000000 14.666650 -15.885141
115.000000 21.841966 -15.621153
115.000000 16.647538 -17.628851
115.000000 13.637460 0.587700
115.000000 20.447526 -16.636983
115.000000 2.496153 16.652834
115.000000 16.744837 17.573423
115.000000 3.836863 -16.166117
115.000000 18.763862 16.782602
115.000000 12.657802 -13.861674
115.000000 17.231188 -14.842374
115.000000 13.285539 -8.242736
115.000000 14.655690 10.993946
115.000000 10.887432 -1.522646
115.000000 17.226896 12.640659
115.000000 -4.899687 -7.451618
115.000000 -6.990471 -2.204478
115.000000 2.859147 -11.750425
115.000000 12.012395 16.789040
115.000000 9.106679 17.128949
115.000000 -8.930037 3.264777
115.000000 6.246993 16.554470
115.000000 19.115596 14.423180
115.000000 11.902039 -5.074485
115.000000 15.170028 -12.066605
115.000000 6.299422 -12.963217
115.000000 10.992098 5.983340
115.000000 10.807385 2.165694
115.000000 -5.333941 8.878719
115.000000 11.405180 10.016164
115.000000 -0.548437 12.798336
115.000000 0.644836 -7.602430
115.000000 19.693168 -14.827680
115.000000 14.652365 15.906854
115.000000 9.756730 -13.726440
115.000000 11.706473 -10.876509
115.000000 15.169116 13.639352
115.000000 16.980271 15.155854
115.000000 8.951203 13.574531
115.000000 4.410987 12.596871
115.000000 5.701728 -8.096096
115.000000 1.087359 8.013172
115.000000 7.687449 3.870849
115.000000 -1.119726 -2.352807
115.000000 8.589403 -10.524259
115.000000 6.810792 8.313724
115.000000 8.195441 -4.272723
115.000000 7.362260 -0.092238
115.000000 9.860369 -7.568412
115.000000 -2.834307 3.081028
115.000000 4.032637 -3.241062
115.000000 12.561693 13.516509
115.000000 3.258855 2.526587
116.363926 23.784615 20.071795
115.907896 22.535574 20.488142
123.564537 23.202662 20.265779
123.850783 24.507416 19.830861
120.420830 23.670530 20.109823
88.845351 23.384792 20.205069
88.985700 24.571489 19.809504
81.964318 24.295082 19.901639
83.812598 23.549285 20.150238
85.979257 23.532096 20.155968
87.706064 24.265668 19.911444
82.331199 22.859896 20.380035
122.329977 24.075853 19.974716
118.376275 23.660484 20.113172
87.598415 22.884374 20.371875
117.102688 22.670944 20.443019
81.120746 23.285012 20.238329
10.000000 -24.681294 -18.161693
10.000000 -21.563837 -19.347612
10.000000 -26.349192 -17.956942
10.000000 -28.242783 -18.018179
10.000000 -30.327521 -17.895297
10.000000 -32.648415 -17.735032
10.000000 -35.525473 -17.252056
10.000000 -38.136368 -14.799044
10.000000 -41.314803 -12.652167
10.000000 -44.253393 -9.309559
10.000000 -45.752932 -5.061405
10.000000 -46.803483 -1.370038
10.000000 -46.869712 2.054098
10.000000 -45.227265 7.776907
10.000000 -43.182200 10.559394
10.000000 -40.161758 13.611682
10.000000 -36.692370 15.651050
10.000000 -33.871162 16.776774
10.000000 -31.375957 17.554320
10.000000 -28.780544 18.064670
10.000000 -26.469883 18.126839
10.000000 -20.131543 -20.107854
10.000000 -16.629294 -22.135333
10.000000 -11.525318 -24.330865
10.000000 -4.181282 -25.515693
10.000000 5.237429 -24.667750
10.000000 14.218273 -19.939592
10.000000 21.647034 -13.311054
10.000000 25.046477 -4.253496
10.000000 24.634434 5.442373
10.000000 19.298212 14.215731
10.000000 13.847054 21.512911
10.000000 4.568341 24.887677
10.000000 -3.139073 26.066922
10.000000 -10.030609 25.063981
10.000000 -15.302820 23.059691
10.000000 -18.928543 20.968524
10.000000 -24.758592 18.404563
10.000000 -23.269273 18.796800
10.000000 -21.742693 19.308367
10.000000 -18.262016 -1.144463
10.000000 -18.741101 -3.431801
10.000000 -19.748260 -5.700852
10.000000 -21.122978 -7.611642
10.000000 -22.827641 -9.220570
10.000000 -24.762677 -10.579765
10.000000 -26.952387 -11.566736
10.000000 -29.261215 -11.871049
10.000000 -31.547066 -11.679180
10.000000 -33.972993 -11.127048
10.000000 -36.235617 -10.175208
10.000000 -38.232900 -8.702304
10.000000 -39.784726 -6.876714
10.000000 -40.813975 -4.674606
10.000000 -41.537722 -2.467236
10.000000 -41.960961 -0.122269
10.000000 -41.818587 2.389976
10.000000 -41.018839 4.759396
10.000000 -39.653810 7.031159
10.000000 -38.006410 8.391982
10.000000 -36.526258 10.001365
10.000000 -34.458522 11.218227
10.000000 -31.848715 12.141491
10.000000 -29.165621 11.859089
10.000000 -26.760228 11.440234
10.000000 -24.656633 10.506939
10.000000 -22.731393 9.189066
10.000000 -21.088061 7.631905
10.000000 -19.701259 5.646547
10.000000 -18.714785 3.462518
10.000000 -18.245323 1.193722
10.000000 -23.178828 -18.732246
10.000000 -18.557480 -21.056266
10.000000 -14.339485 -23.215688
10.000000 -8.133227 -25.181732
10.000000 0.255934 -25.437356
10.000000 9.957542 -22.736353
10.000000 18.206663 -16.491796
10.000000 22.956167 -8.560330
10.000000 24.416997 0.563096
10.000000 21.954339 9.695090
10.000000 17.289259 18.607531
10.000000 9.265683 22.761712
10.000000 0.601582 26.734570
10.000000 -6.736926 25.732586
10.000000 -12.951406 24.155319
10.000000 -17.256330 21.992875
10.000000 -20.359692 20.023013
10.000000 17.270284 -9.773534
10.000000 -29.313552 -15.945370
10.000000 -31.590986 -15.689143
10.000000 -34.386817 -15.247448
10.000000 9.900758 -17.374143
10.000000 -25.382385 16.939030
10.000000 -46.781693 5.137211
10.000000 -39.650396 10.050775
10.000000 -34.320832 13.871327
10.000000 -20.128950 -18.422966
10.000000 -31.877563 14.997001
10.000000 -9.189676 -21.862958
10.000000 -16.674796 -19.859111
10.000000 -2.288144 -21.407508
10.000000 -12.047790 -21.226476
10.000000 6.208932 -19.679109
10.000000 -5.869564 -21.928513
10.000000 13.549777 -14.145139
10.000000 1.794203 -20.962665
10.000000 19.361974 -3.264221
10.000000 19.100609 4.133866
10.000000 16.208833 9.967509
10.000000 12.006025 15.673160
10.000000 5.122931 19.293764
10.000000 0.407445 22.362208
10.000000 -3.748278 22.041474
10.000000 -10.566874 22.241525
10.000000 -15.414928 20.695350
10.000000 -18.925020 19.071669
10.000000 -16.125601 0.100222
10.000000 -21.729676 -17.635856
10.000000 -22.098482 17.586524
10.000000 -17.312304 -5.331697
10.000000 -25.387845 -15.869338
10.000000 -18.528934 -19.170036
10.000000 -27.339168 -16.336676
10.000000 -38.467787 -11.412974
10.000000 -14.490586 -20.557418
10.000000 -23.797657 17.126467
10.000000 -18.736693 -7.844233
10.000000 -20.580058 -9.809874
10.000000 -22.715149 -11.596878
10.000000 -25.098215 -13.053652
10.000000 -30.310801 -13.848026
10.000000 -40.816198 -9.299911
10.000000 -42.537772 -6.749073
10.000000 -43.038351 -4.233021
10.000000 -44.219415 1.046378
10.000000 -42.208983 7.490859
10.000000 -36.924539 12.456028
10.000000 -29.956993 13.765263
10.000000 -24.680299 12.779967
10.000000 -22.395146 11.463771
10.000000 -20.364957 9.825542
10.000000 -18.554579 7.814190
10.000000 -16.347209 2.718878
10.000000 -23.442641 -16.749960
10.000000 -16.402683 -2.590541
10.000000 -20.433674 18.231878
10.000000 -43.875487 4.228798
10.000000 -44.022956 -1.920941
10.000000 -29.407396 15.784286
10.000000 -35.835777 -12.735747
10.000000 -17.264993 19.909283
10.000000 -7.418051 22.480954
10.000000 -13.145543 21.526378
10.000000 -27.655331 -14.092533
10.000000 -17.153245 5.352931
10.000000 -27.400681 13.875778
10.000000 -32.907567 -13.453107
10.000000 -27.134505 16.179699
10.000000 -14.413681 4.744127
10.000000 -15.949837 -7.769883
10.000000 10.387096 9.856559
10.000000 -20.268741 -16.641690
10.000000 6.098589 -15.229728
10.000000 -13.849451 -1.431057
10.000000 13.946010 5.533304
10.000000 -13.543232 18.992453
10.000000 5.705745 13.849917
10.000000 -0.170084 17.698105
10.000000 14.489569 0.549613
10.000000 -11.161198 19.674252
10.000000 -8.615437 20.207766
10.000000 -17.509345 18.041935
10.000000 -22.893879 -14.203563
10.000000 -15.715504 18.383981
10.000000 -13.830060 1.656310
10.000000 -17.909172 -10.332883
10.000000 -15.757841 7.808079
10.000000 -20.320223 -12.227582
10.000000 -21.998266 13.962245
10.000000 -19.821752 12.219728
10.000000 -17.703394 10.275918
10.000000 -21.824523 -15.892426
10.000000 -14.433832 -4.564365
10.000000 -20.789871 16.178572
10.000000 -10.121378 -19.121582
10.000000 -24.730151 15.096730
10.000000 2.917376 -17.002706
10.000000 -12.621410 -18.716098
10.000000 12.239494 -9.515590
10.000000 -18.716060 -17.350177
10.000000 -0.675204 -16.976276
10.000000 9.300171 -12.680785
10.000000 -4.553675 -17.504261
10.000000 -22.684779 15.890244
10.000000 -18.999057 16.995511
10.000000 -5.359708 18.586062
10.000000 -14.899924 -18.255474
10.000000 -16.940925 -17.868563
10.000000 14.233757 -4.834593
10.000000 9.194785 3.959041
10.000000 -14.724136 10.589450
10.000000 -7.540182 -19.476882
10.000000 -10.851857 -16.459553
10.000000 -11.279612 3.700791
10.000000 0.693587 11.863682
10.000000 -19.259290 14.636416
10.000000 -11.129714 0.102341
10.000000 -12.439203 7.571465
10.000000 10.207616 -5.886209
10.000000 -11.632601 17.105087
10.000000 -8.685166 17.371462
10.000000 5.176317 8.700318
10.000000 -13.309108 -16.057479
10.000000 -17.137067 12.875717
10.000000 -14.785524 -10.425173
10.000000 -16.762308 15.806523
10.000000 10.053856 -1.706835
10.000000 -7.970219 -16.563441
10.000000 5.601164 -11.469113
10.000000 -18.941092 -15.582698
10.000000 7.769127 -8.756353
10.000000 -11.515445 -3.466429
10.000000 -2.555382 -12.817037
10.000000 -3.154197 14.465616
10.000000 -15.528710 -15.704205
10.000000 -14.245830 16.383206
10.000000 -17.478203 -13.393139
10.000000 -12.567570 -7.139005
10.000000 -20.428626 -14.502424
10.000000 1.770181 -12.849662
10.000000 -6.840957 14.113893
10.000000 -17.434224 -16.013532
10.000000 0.031248 6.793957
10.000000 -8.491603 6.508665
10.000000 -11.766964 -13.956867
10.000000 -10.699931 11.204351
10.000000 -14.578338 13.466805
10.000000 3.942060 4.239507
10.000000 -8.421766 -2.009561
10.000000 -0.788489 -8.561837
10.000000 -9.147799 -5.985107
10.000000 -10.550821 -10.363540
10.000000 -4.843660 9.852856
10.000000 3.563034 -8.236178
10.000000 -6.368006 -12.874239
10.000000 -9.846022 14.747970
10.000000 6.132260 -4.670652
10.000000 -7.941257 2.069895
10.000000 -14.201903 -13.202986
10.000000 -5.675297 -8.469245
10.000000 5.164870 -0.197572
10.000000 -12.337237 14.462917
10.000000 -9.322444 -13.883400
10.000000 0.062078 1.724461
10.000000 -6.160398 -4.334533
10.000000 -4.313989 4.302045
10.000000 -4.175355 -0.796195
10.000000 0.983085 -3.439639
10.000000 -3.036438 -4.868339
123.728256 23.803515 -20.065495
124.023340 22.562487 -20.479171
121.156430 22.926421 -20.357860
117.612077 22.977123 -20.340959
116.155840 23.192226 -20.269258
116.552376 24.347855 -19.884048
120.340098 24.249406 -19.916865
88.957954 23.812568 -20.062477
88.987465 22.624292 -20.458569
85.822827 23.601163 -20.132946
82.336923 22.853787 -20.382071
87.576972 23.435352 -20.188216
81.991192 24.220025 -19.926658
81.147138 23.170650 -20.276450
122.728253 22.811632 -20.396123
119.405779 22.942182 -20.352606
118.387272 24.288778 -19.903741
122.167468 24.172872 -19.942376
83.812817 23.580738 -20.139754
90.000000 26.165765 17.980244
90.000000 28.091932 17.923298
90.000000 30.179829 17.981930
90.000000 32.319907 18.122922
90.000000 37.026301 15.596938
90.000000 40.014619 13.674157
90.000000 42.986109 10.290961
90.000000 45.601736 6.603122
90.000000 46.639811 3.207185
90.000000 47.078646 0.181706
90.000000 45.344114 -4.945718
90.000000 44.160710 -8.592406
90.000000 41.759481 -11.934669
90.000000 38.348170 -13.766877
90.000000 35.024234 -15.015608
90.000000 31.790521 -17.210169
90.000000 28.721706 -17.727691
90.000000 21.814182 19.463115
90.000000 23.220213 18.938374
90.000000 24.586943 18.449777
90.000000 24.422954 -18.589404
90.000000 23.093128 -18.906628
90.000000 21.625840 -19.367279
90.000000 20.098546 -20.144677
90.000000 18.421161 -21.291324
90.000000 16.735080 -22.520100
90.000000 10.851341 -24.276363
90.000000 7.190972 -25.166109
90.000000 2.790787 -25.620535
90.000000 -2.839426 -25.514605
90.000000 -8.831805 -23.301724
90.000000 -13.707064 -20.053282
90.000000 -18.938221 -16.259515
90.000000 -20.975153 -10.377577
90.000000 -22.532772 -4.380875
90.000000 -23.421120 2.670167
90.000000 -20.425717 14.469193
90.000000 -16.167243 18.020592
90.000000 -11.468358 22.357560
90.000000 -4.607960 22.585906
90.000000 0.917174 24.881354
90.000000 8.045457 24.851345
90.000000 11.255446 23.664625
90.000000 14.219156 22.892904
90.000000 16.690280 22.267592
90.000000 18.213574 20.460396
90.000000 28.575743 -11.945540
90.000000 26.299203 -11.266277
90.000000 24.228232 -10.282965
90.000000 22.283634 -8.869487
90.000000 20.659679 -7.225186
90.000000 19.381126 -5.191046
90.000000 18.610227 -2.908936
90.000000 18.197337 -0.668349
90.000000 18.183576 1.813010
90.000000 18.858971 4.142366
90.000000 19.958493 6.217395
90.000000 21.344378 8.422267
90.000000 23.450396 9.685397
90.000000 25.466463 10.788427
90.000000 27.579835 11.510371
90.000000 29.910144 11.813276
90.000000 32.339001 11.763394
90.000000 34.690783 11.048980
90.000000 36.831675 9.741612
90.000000 38.537308 8.113581
90.000000 39.972781 6.343217
90.000000 41.189799 4.246118
90.000000 41.860890 1.960771
90.000000 42.161250 -0.434916
90.000000 42.026621 -2.964320
90.000000 41.419633 -5.759538
90.000000 39.384106 -7.336869
90.000000 38.323123 -9.819296
90.000000 35.846359 -11.149852
90.000000 33.434729 -11.869479
90.000000 30.969941 -12.104763
90.000000 34.475127 16.996876
90.000000 47.268517 -2.397320
90.000000 20.257310 19.931111
90.000000 26.730707 -18.204957
90.000000 25.368969 -17.506652
90.000000 14.103563 -22.763897
90.000000 -21.818416 9.068874
90.000000 4.865719 26.117874
90.000000 29.369828 15.765362
90.000000 31.915846 15.943522
90.000000 21.996209 -11.329592
90.000000 39.436540 10.603433
90.000000 29.405074 -14.833098
90.000000 44.369176 1.122519
90.000000 24.731718 16.519653
90.000000 20.806979 18.499718
90.000000 4.529728 22.253314
90.000000 22.159107 17.895688
90.000000 44.637497 -1.547998
90.000000 20.175827 -18.348584
90.000000 23.485963 17.505965
90.000000 21.932602 -17.729477
90.000000 16.065640 -20.386427
90.000000 11.187168 -21.106353
90.000000 4.121518 -21.837499
90.000000 -0.332734 -21.737913
90.000000 -8.585341 -17.310292
90.000000 -17.020347 5.356861
90.000000 24.277834 -12.683777
90.000000 -13.741990 -12.920061
90.000000 -16.161363 -6.669079
90.000000 -17.078089 -0.805761
90.000000 -15.039494 11.665908
90.000000 -10.010000 16.674452
90.000000 8.239451 20.765500
90.000000 -4.293499 15.652062
90.000000 11.910647 19.518782
90.000000 15.324102 19.970830
90.000000 -4.766324 -20.890699
90.000000 26.693766 15.582927
90.000000 23.688676 -17.333793
90.000000 18.261532 -19.185687
90.000000 7.964287 -21.504192
90.000000 19.928660 -9.388334
90.000000 18.197140 -7.255152
90.000000 17.000051 -4.819463
90.000000 16.328826 -2.046319
90.000000 15.988503 0.653546
90.000000 16.240939 3.546219
90.000000 17.320900 6.292421
90.000000 21.722628 10.763168
90.000000 23.606543 12.085189
90.000000 25.989905 12.996092
90.000000 28.433541 13.600059
90.000000 34.048818 13.890535
90.000000 37.005856 12.459380
90.000000 42.543330 6.691372
90.000000 43.787000 3.946965
90.000000 26.671285 -13.774284
90.000000 26.899742 -16.190167
90.000000 41.148214 -8.823611
90.000000 32.209757 -14.237345
90.000000 16.663700 17.646343
90.000000 0.398089 19.691883
90.000000 19.057219 17.812320
90.000000 18.931898 8.092251
90.000000 30.994549 13.771345
90.000000 13.308973 -18.811563
90.000000 19.326097 10.469819
90.000000 40.798422 8.406284
90.000000 21.838801 -13.968624
90.000000 20.626871 -16.307609
90.000000 19.335896 -12.108285
90.000000 20.844413 13.297409
90.000000 14.195406 17.437031
90.000000 0.878071 13.995180
90.000000 -8.621215 11.306924
90.000000 -11.163941 -8.256096
90.000000 4.708964 17.562318
90.000000 8.601350 16.092854
90.000000 24.598914 -15.391981
90.000000 18.053456 15.092713
90.000000 1.716573 -18.526732
90.000000 20.913535 17.057149
90.000000 14.110242 6.545193
90.000000 13.787492 -0.931419
90.000000 15.398530 -7.054806
90.000000 14.415686 -4.016258
90.000000 13.544306 2.434863
90.000000 16.511782 9.140952
90.000000 16.989933 -9.771195
90.000000 24.122694 14.406023
90.000000 22.577852 -16.047100
90.000000 9.371993 -18.254896
90.000000 18.507275 -17.071776
90.000000 16.133643 -17.940401
90.000000 15.192873 14.754202
90.000000 -3.225066 9.909160
90.000000 -11.737298 -3.311141
90.000000 -12.070654 2.217544
90.000000 22.535296 15.914597
90.000000 -12.194217 7.127336
90.000000 -2.861435 -16.444380
90.000000 5.524914 -18.117511
90.000000 -7.542188 -12.110005
90.000000 20.170157 15.576311
90.000000 17.302434 12.292174
90.000000 10.847431 0.481924
90.000000 10.584879 4.450043
90.000000 12.410938 -6.232557
90.000000 12.048869 15.054686
90.000000 -7.361320 5.447715
90.000000 -1.970156 -10.285902
90.000000 18.957531 -14.611187
90.000000 2.157763 -14.511936
90.000000 11.706191 -3.000264
90.000000 11.228482 -15.461992
90.000000 -6.403817 -6.220538
90.000000 16.824062 -15.653643
90.000000 11.020625 8.245062
90.000000 13.520064 -9.725042
90.000000 13.599429 11.074581
90.000000 9.632584 11.794386
90.000000 5.538754 12.558020
90.000000 14.441849 -15.802442
90.000000 -6.496166 -0.293003
90.000000 2.018739 8.449911
90.000000 16.286635 -12.964506
90.000000 6.976977 -14.119133
90.000000 6.907174 7.256949
90.000000 7.398339 1.879204
90.000000 9.994619 -8.167327
90.000000 -2.056603 3.626490
90.000000 0.183820 -3.460184
90.000000 10.317744 -11.682813
90.000000 3.350219 -9.517828
90.000000 3.071010 2.704147
90.000000 8.319101 -2.111652
90.000000 7.269362 -9.849466
90.000000 13.211756 -13.100486
90.000000 9.670883 -5.155572
90.000000 6.228133 -5.840062
90.000000 4.830538 -1.437854
80.000000 26.341849 18.171235
80.000000 30.233836 17.992682
80.000000 34.667746 16.960830
80.000000 39.482506 13.661620
80.000000 44.381739 9.552162
80.000000 45.758229 3.226502
80.000000 46.872367 -3.221894
80.000000 43.495581 -8.969712
80.000000 39.237129 -13.438390
80.000000 34.601986 -17.241476
80.000000 30.042237 -17.936967
80.000000 26.202649 -18.191697
80.000000 20.217079 20.188337
80.000000 18.826636 21.194884
80.000000 17.242483 22.299953
80.000000 15.477394 23.512662
80.000000 13.708894 24.664821
80.000000 7.671463 25.585652
80.000000 3.340806 25.697469
80.000000 -1.601025 25.353563
80.000000 -7.422175 23.566894
80.000000 -12.026751 19.050835
80.000000 -17.367247 15.996766
80.000000 -21.327235 11.440962
80.000000 -22.897980 5.450223
80.000000 -24.803926 -0.802665
80.000000 -23.006384 -6.820287
80.000000 -20.747023 -11.935977
80.000000 -17.410960 -16.919571
80.000000 -8.240346 -23.368380
80.000000 -3.339672 -24.520767
80.000000 1.607378 -24.973095
80.000000 6.130148 -25.997952
80.000000 9.821452 -24.752285
80.000000 12.832114 -23.775026
80.000000 15.310898 -22.841865
80.000000 17.379931 -21.662664
80.000000 20.249660 -20.290966
80.000000 21.611978 -19.374056
80.000000 23.080432 -18.833380
80.000000 24.566942 -18.408338
80.000000 21.683157 19.337249
80.000000 24.728362 18.372710
80.000000 17.810451 1.770777
80.000000 17.081579 5.320060
80.000000 15.603263 8.549978
80.000000 13.466276 11.514437
80.000000 10.817705 13.896665
80.000000 7.872379 15.719154
80.000000 4.840460 16.923009
80.000000 -2.298378 17.999815
80.000000 -6.426990 17.888163
80.000000 -9.376599 15.347413
80.000000 -12.593778 13.797358
80.000000 -15.609851 10.946191
80.000000 -17.466435 7.193135
80.000000 -17.849987 3.548691
80.000000 -17.528248 0.281849
80.000000 -19.029755 -3.178536
80.000000 -15.511425 -11.184476
80.000000 -12.606863 -14.126460
80.000000 -5.918312 -16.798734
80.000000 -2.880253 -17.358420
80.000000 0.572771 -19.629099
80.000000 4.910835 -17.657188
80.000000 8.082106 -15.866078
80.000000 11.036140 -14.081779
80.000000 13.570800 -11.570949
80.000000 15.457813 -8.519208
80.000000 16.675935 -5.215017
80.000000 17.621788 -1.882535
80.000000 28.249700 18.193003
80.000000 32.370628 17.577641
80.000000 36.996424 15.616285
80.000000 41.937480 11.530751
80.000000 45.080086 6.539217
80.000000 46.327386 -0.086530
80.000000 45.262970 -5.927279
80.000000 42.080804 -11.884777
80.000000 36.776129 -15.468793
80.000000 32.336552 -17.490202
80.000000 28.008148 -18.119590
80.000000 11.183604 25.035756
80.000000 -12.327144 -19.929528
80.000000 19.164186 -21.324962
80.000000 23.144348 18.800169
80.000000 1.383477 17.846003
80.000000 -17.550152 -7.390340
80.000000 -9.244407 -15.805193
80.000000 32.830641 15.289295
80.000000 38.578051 9.689053
80.000000 41.609496 7.791884
80.000000 42.731378 0.763751
80.000000 43.639628 -2.534694
80.000000 39.143034 -9.124412
80.000000 35.375238 -11.354419
80.000000 33.617740 -14.573255
80.000000 31.040227 -15.166740
80.000000 26.870392 -16.576631
80.000000 4.052700 19.832403
80.000000 18.614092 -19.752075
80.000000 16.960970 20.380800
80.000000 15.256946 21.585609
80.000000 12.824936 22.574363
80.000000 20.141681 -18.557723
80.000000 0.926567 21.704526
80.000000 5.929562 -21.962419
80.000000 9.261058 22.512433
80.000000 -4.539392 -20.340904
80.000000 10.219642 -21.412831
80.000000 13.057459 -20.820527
80.000000 25.094851 -16.862954
80.000000 21.176046 -0.232460
80.000000 23.400271 -17.245586
80.000000 23.552733 17.161898
80.000000 29.028744 16.407019
80.000000 25.347167 16.751454
80.000000 20.252976 18.424682
80.000000 21.894816 17.665881
80.000000 18.537899 19.299094
80.000000 5.532621 22.630515
80.000000 21.794196 -17.767823
80.000000 30.735753 15.492311
80.000000 19.328924 8.097083
80.000000 14.369623 15.008569
80.000000 10.876895 17.047185
80.000000 7.670182 19.393456
80.000000 11.323007 -17.838897
80.000000 14.428844 -14.962982
80.000000 17.139483 -11.501937
80.000000 18.723120 -7.831264
80.000000 19.870308 -4.255045
80.000000 27.176822 16.393650
80.000000 20.441115 4.077394
80.000000 34.666059 14.264126
80.000000 36.114165 11.955553
80.000000 41.515337 -5.573389
80.000000 42.024132 4.310310
80.000000 28.843453 -16.039659
80.000000 -20.774089 1.043853
80.000000 -3.617840 21.324775
80.000000 -8.152756 -19.287873
80.000000 15.308020 -20.574778
80.000000 16.819408 11.690479
80.000000 8.094832 -18.968884
80.000000 16.699717 -19.182918
80.000000 22.246847 -7.031443
80.000000 38.249438 5.803115
80.000000 34.572388 8.370233
80.000000 31.634201 -12.013683
80.000000 40.148593 -1.725657
80.000000 24.121907 15.458587
80.000000 13.475149 20.581266
80.000000 31.837351 12.166038
80.000000 24.106441 2.801095
80.000000 25.654660 -14.994007
80.000000 22.875577 -3.513644
80.000000 35.594915 -7.788449
80.000000 28.499604 13.950217
80.000000 18.334461 -17.636598
80.000000 22.276389 15.901351
80.000000 38.959271 1.960608
80.000000 26.062616 14.746031
80.000000 18.062252 14.799568
80.000000 13.496256 18.224396
80.000000 20.415913 16.342241
80.000000 14.307095 -18.361632
80.000000 18.050763 -14.838249
80.000000 20.479319 -10.145908
80.000000 20.009780 11.611188
80.000000 22.897323 6.584308
80.000000 27.435947 -14.673819
80.000000 29.093859 -13.345610
80.000000 37.767808 -4.863029
80.000000 31.847055 -8.282470
80.000000 25.440649 -1.145682
80.000000 16.449332 17.898156
80.000000 23.856578 -15.567446
80.000000 11.143554 20.162969
80.000000 18.637193 17.395013
80.000000 20.242765 -16.564604
80.000000 22.140873 -16.029042
80.000000 15.189230 19.674463
80.000000 26.607928 -12.970875
80.000000 33.857615 -4.380991
80.000000 36.318039 -0.910338
80.000000 22.196786 9.439390
80.000000 34.229555 3.588863
80.000000 22.923901 14.173017
80.000000 20.943145 14.064240
80.000000 24.394460 -13.506887
80.000000 29.978274 7.552437
80.000000 19.767889 -12.609317
80.000000 16.276944 -16.895068
80.000000 20.795011 -14.422297
80.000000 23.013514 -9.843068
80.000000 25.603698 -5.109947
80.000000 22.218856 -12.320024
80.000000 28.281534 -10.484686
80.000000 22.655274 -14.319356
80.000000 28.494517 10.910791
80.000000 25.506798 9.251967
80.000000 23.100189 11.935239
80.000000 26.447214 5.786585
80.000000 24.513343 13.645202
80.000000 28.864337 2.245455
80.000000 32.426527 -0.372646
80.000000 26.148709 12.204181
80.000000 25.424812 -8.482327
80.000000 25.008453 -11.241987
80.000000 28.188008 -7.183430
80.000000 29.361668 -3.485316
1.042803 -23.978481 20.007173
1.316500 -22.852656 20.382448
3.967784 -24.217777 19.927408
7.358972 -24.162360 19.945880
2.813663 -22.909931 20.363356
4.580249 -22.934183 20.355272
6.292856 -22.946187 20.351271
7.991649 -22.878105 20.373965
8.757142 -23.962261 20.012580
43.033644 -23.662488 20.112504
36.930094 -22.809286 20.396905
38.636852 -23.546467 20.151178
40.801259 -23.575812 20.141396
36.673016 -24.138520 19.953827
2.302121 -24.150194 19.949935
5.699951 -24.216703 19.927766
35.000000 -26.141457 -18.192158
35.000000 -29.748910 -18.157062
35.000000 -33.845941 -17.546110
35.000000 -37.889654 -14.907882
35.000000 -43.136517 -10.692556
35.000000 -46.311611 -4.691435
35.000000 -47.456164 1.389754
35.000000 -45.149261 7.282107
35.000000 -41.389019 12.331393
35.000000 -37.336892 16.456575
35.000000 -32.468684 17.704092
35.000000 -28.054822 18.178829
35.000000 -24.578425 -18.395322
35.000000 -23.114326 -18.713789
35.000000 -21.581488 -19.257172
35.000000 -20.026609 -20.146139
35.000000 -18.491022 -21.250892
35.000000 -16.966868 -22.542485
35.000000 -11.370694 -24.435842
35.000000 -7.989433 -25.452604
35.000000 -3.780418 -25.892830
35.000000 2.140626 -25.253858
35.000000 8.109258 -22.858093
35.000000 13.495123 -19.622902
35.000000 18.672662 -15.488657
35.000000 22.547221 -10.680619
35.000000 22.549588 -5.186776
35.000000 21.806113 0.896899
35.000000 24.053230 6.890424
35.000000 20.554220 12.063416
35.000000 16.401030 16.700916
35.000000 12.134873 21.653533
35.000000 6.005767 23.379307
35.000000 0.519689 25.041480
35.000000 -4.199426 26.118688
35.000000 -10.457213 25.045127
35.000000 -12.903364 24.100523
35.000000 -15.272329 22.913677
35.000000 -17.303231 21.468126
35.000000 -20.301832 20.190592
35.000000 -24.602254 18.398289
35.000000 -21.698599 19.353447
35.000000 -28.702159 -11.995943
35.000000 -26.395136 -11.472487
35.000000 -24.266400 -10.433080
35.000000 -22.330475 -9.104000
35.000000 -20.616681 -7.316526
35.000000 -19.272455 -5.217929
35.000000 -18.495803 -2.890655
35.000000 -18.178401 -0.647355
35.000000 -18.361888 1.743404
35.000000 -18.954234 4.000923
35.000000 -20.059198 6.234859
35.000000 -21.500603 8.045110
35.000000 -23.270935 9.583192
35.000000 -25.266456 10.777519
35.000000 -27.583449 11.607263
35.000000 -29.944883 11.856286
35.000000 -32.498902 11.487817
35.000000 -34.806403 10.740782
35.000000 -36.568979 9.512079
35.000000 -38.585239 8.400461
35.000000 -40.196210 6.213680
35.000000 -40.883607 4.008375
35.000000 -41.831009 1.991849
35.000000 -42.049151 -0.449916
35.000000 -41.598920 -3.029048
35.000000 -40.732266 -5.345320
35.000000 -39.399209 -7.438061
35.000000 -37.812674 -9.110685
35.000000 -35.744305 -10.426853
35.000000 -33.552521 -11.233514
35.000000 -31.267185 -11.854742
35.000000 -27.835930 -18.101402
35.000000 -31.736170 -18.012146
35.000000 -35.950368 -17.089393
35.000000 -40.760774 -13.075946
35.000000 -45.031334 -7.873328
35.000000 -46.911468 -1.388395
35.000000 -46.355440 4.110690
35.000000 -43.919440 10.379700
35.000000 -39.147860 14.541736
35.000000 -34.914225 17.079817
35.000000 -30.134279 18.052547
35.000000 -26.281184 18.148518
35.000000 -14.311370 -22.870672
35.000000 -23.155512 18.813253
35.000000 -19.195028 21.235935
35.000000 -32.368495 -15.713206
35.000000 -34.699452 -15.226128
35.000000 -38.094449 -11.804405
35.000000 -44.523348 1.134127
35.000000 -43.092870 4.797865
35.000000 -37.780467 11.566041
35.000000 -36.114189 14.473281
35.000000 -33.436448 15.228000
35.000000 -28.915156 16.508438
35.000000 -11.618968 -21.595932
35.000000 3.887276 -19.531444
35.000000 -19.965225 -18.333797
35.000000 -21.871209 17.616137
35.000000 -21.778101 -17.417887
35.000000 -7.091923 23.905088
35.000000 -16.119777 -20.491948
35.000000 -28.594663 -16.041938
35.000000 18.740444 6.621695
35.000000 -5.334478 -22.533745
35.000000 -1.262489 -21.266995
35.000000 13.319717 -13.196840
35.000000 -18.589477 19.575660
35.000000 17.430334 -8.910981
35.000000 16.637039 -3.082497
35.000000 14.629223 10.450203
35.000000 -20.149708 18.418306
35.000000 -23.517848 17.230033
35.000000 9.217334 15.657922
35.000000 1.879358 19.169821
35.000000 -3.145742 22.319142
35.000000 -12.990656 21.649585
35.000000 -14.811711 20.309859
35.000000 -30.144980 -14.184821
35.000000 -25.197213 16.861885
35.000000 -25.165817 -16.959922
35.000000 -30.536108 -16.384340
35.000000 -23.520678 -16.881111
35.000000 -18.020627 -19.259919
35.000000 -8.620081 -21.880853
35.000000 8.716418 -16.797537
35.000000 -24.453025 -12.928298
35.000000 -19.963211 -9.803152
35.000000 -16.662049 -4.848089
35.000000 -16.160906 0.660576
35.000000 -17.699832 5.997273
35.000000 -19.200442 8.253069
35.000000 -21.055975 10.342095
35.000000 -23.278221 11.926001
35.000000 -25.553740 12.883208
35.000000 -31.600499 13.598684
35.000000 -34.360775 12.886722
35.000000 -41.407230 8.812356
35.000000 -43.340410 -5.144846
35.000000 -40.206292 -10.015955
35.000000 -32.872330 -13.513965
35.000000 -26.645197 -16.319232
35.000000 -27.067118 -14.034100
35.000000 -35.535481 -12.817674
35.000000 -44.199889 -2.209073
35.000000 -41.982757 -7.762442
35.000000 -13.468819 -19.639211
35.000000 -27.023721 16.448835
35.000000 -6.398118 20.197763
35.000000 -10.030706 21.795296
35.000000 14.395249 3.709406
35.000000 -16.604351 18.925152
35.000000 -28.337823 14.172878
35.000000 -16.677827 3.377149
35.000000 -16.163357 -1.982318
35.000000 -17.862359 -7.607626
35.000000 -22.139284 -11.602787
35.000000 -22.043637 -14.714867
35.000000 -30.857409 15.852042
35.000000 -2.874536 18.454510
35.000000 -8.928739 18.090632
35.000000 -24.032076 15.747869
35.000000 -18.378664 17.450376
35.000000 9.299538 8.713397
35.000000 4.274202 12.193916
35.000000 -20.166998 -16.388255
35.000000 -14.156901 17.780039
35.000000 -25.652459 14.987528
35.000000 12.613979 -7.381624
35.000000 -12.038099 19.343545
35.000000 8.810967 -11.520763
35.000000 -14.998170 5.512978
35.000000 -13.821092 -0.650070
35.000000 -19.555902 -12.380265
35.000000 -14.571588 -7.699041
35.000000 -17.073739 -10.323935
35.000000 -13.948353 -3.765426
35.000000 -14.065506 2.383100
35.000000 -16.533179 8.239223
35.000000 -20.817433 13.466724
35.000000 -23.613981 14.097580
35.000000 -20.315462 16.324301
35.000000 -24.830296 -15.200802
35.000000 -5.539430 16.184779
35.000000 -15.739488 -17.975884
35.000000 -10.008062 -18.611815
35.000000 -1.247636 14.262281
35.000000 -5.358428 -18.416591
35.000000 -22.312569 15.729186
35.000000 -17.982939 -17.002757
35.000000 -0.246838 -16.631316
35.000000 -16.287100 16.413969
35.000000 -13.516364 7.801353
35.000000 -18.514305 10.522739
35.000000 -12.601982 -15.978614
35.000000 -18.335575 15.171198
35.000000 -8.179869 -15.138598
35.000000 8.881787 3.431209
35.000000 4.679156 -14.437996
35.000000 11.037239 -1.704522
35.000000 4.425842 6.128916
35.000000 -11.967549 4.620143
35.000000 -3.803239 -13.674967
35.000000 7.407965 -6.255722
35.000000 -0.714372 9.092117
35.000000 -11.313407 1.235249
35.000000 -17.885277 12.727515
35.000000 -15.574744 10.779015
35.000000 -11.428686 16.401397
35.000000 -11.198347 -2.143281
35.000000 -18.800707 -14.687551
35.000000 -8.498783 14.431519
35.000000 0.948666 -11.747264
35.000000 -13.848507 15.145354
35.000000 -5.084983 11.863488
35.000000 -17.023205 -12.974973
35.000000 -11.440359 -5.697523
35.000000 -11.213740 -9.443366
35.000000 -14.022685 -12.198759
35.000000 -8.640640 3.560740
35.000000 4.488759 -0.603536
35.000000 4.878913 -10.093327
35.000000 -15.872483 -15.265595
35.000000 -10.095909 7.288736
35.000000 -7.051713 -10.738959
35.000000 -5.597568 6.851641
35.000000 -15.981680 13.865842
35.000000 -8.700006 -7.273404
35.000000 -10.668440 -12.797220
35.000000 -0.537170 3.339910
35.000000 2.406104 -6.476897
35.000000 -8.380818 -0.270711
35.000000 -2.302154 -8.785506
35.000000 -8.448195 -3.920265
35.000000 -13.841201 12.635583
35.000000 -12.138269 10.222697
35.000000 -8.748382 10.510170
35.000000 -5.324869 -6.069290
35.000000 -4.858744 1.661595
35.000000 -1.319170 -2.600743
35.000000 -5.507989 -2.333538
35.000000 -11.317882 13.304847
45.000000 -24.595157 18.352336
45.000000 -23.064854 18.759614
45.000000 -21.572047 19.335869
45.000000 -26.212358 18.120487
45.000000 -29.656755 18.214514
45.000000 -33.649344 17.384893
45.000000 -38.222777 14.760028
45.000000 -42.927933 10.190505
45.000000 -45.025479 3.888140
45.000000 -46.981331 0.095754
45.000000 -46.005760 -3.980210
45.000000 -42.695860 -10.285294
45.000000 -38.419291 -14.918483
45.000000 -34.005522 -17.493807
45.000000 -29.804117 -18.194016
45.000000 -26.300889 -18.217711
45.000000 -20.165714 20.188800
45.000000 -18.706453 21.300192
45.000000 -16.945075 22.505596
45.000000 -14.965806 23.729559
45.000000 -7.830446 24.784207
45.000000 -2.917213 24.925004
45.000000 3.142305 24.460859
45.000000 8.839379 22.197791
45.000000 13.404733 19.286912
45.000000 17.091888 14.801042
45.000000 21.506796 10.384578
45.000000 23.908383 4.938288
45.000000 24.324295 -0.353177
45.000000 23.371575 -6.224440
45.000000 20.089110 -12.306432
45.000000 17.559736 -18.485644
45.000000 12.056241 -20.436975
45.000000 6.311757 -22.439501
45.000000 0.768109 -24.306333
45.000000 -4.363633 -25.858092
45.000000 -8.732969 -24.261310
45.000000 -15.426087 -23.650132
45.000000 -17.165039 -22.322010
45.000000 -18.671607 -21.137352
45.000000 -21.580960 -19.342021
45.000000 -23.069218 -18.836949
45.000000 -24.592756 -18.412342
45.000000 18.867045 -1.792966
45.000000 17.857901 -6.209923
45.000000 15.678840 -9.785205
45.000000 13.082085 -11.797547
45.000000 10.825320 -14.925353
45.000000 7.423896 -15.603992
45.000000 4.870746 -17.438694
45.000000 0.950198 -19.000071
45.000000 -2.751440 -17.502338
45.000000 -6.458416 -16.994630
45.000000 -12.402896 -12.711763
45.000000 -14.575452 -9.919650
45.000000 -16.095165 -6.743964
45.000000 -17.084737 -3.485887
45.000000 -17.438429 0.001039
45.000000 -17.244277 3.443874
45.000000 -16.154197 6.739727
45.000000 -14.367790 9.990104
45.000000 -12.169651 12.623142
45.000000 -9.522225 14.666059
45.000000 -6.526679 16.117259
45.000000 -3.563110 17.667841
45.000000 -0.105517 19.655109
45.000000 4.533234 18.546971
45.000000 11.594811 14.455135
45.000000 13.552153 11.464047
45.000000 16.226324 9.197924
45.000000 18.257345 5.359321
45.000000 17.524942 1.715446
45.000000 -27.914725 18.140474
45.000000 -31.604496 18.086309
45.000000 -35.836855 16.295838
45.000000 -40.624685 12.717677
45.000000 -44.938222 7.839134
45.000000 -44.580042 -7.303497
45.000000 -40.615020 -12.873290
45.000000 -36.249345 -16.470564
45.000000 -31.828955 -18.043669
45.000000 -27.994120 -18.153616
45.000000 -11.993005 23.484058
45.000000 -12.537783 -23.290009
45.000000 -20.165314 -20.119310
45.000000 -9.772820 -15.115066
45.000000 8.538792 16.831217
45.000000 -21.641968 17.465967
45.000000 -30.426663 16.522437
45.000000 -40.951748 -6.911184
45.000000 -33.500795 14.556738
45.000000 -37.710779 11.348620
45.000000 -41.683703 6.385898
45.000000 -42.474792 -3.953673
45.000000 -37.553221 -11.690564
45.000000 -43.420438 -0.136786
45.000000 -9.045235 21.114188
45.000000 -39.182145 -9.313751
45.000000 -34.267519 -15.206739
45.000000 -30.663023 -16.543807
45.000000 -26.965559 -16.653930
45.000000 -20.057673 -18.318371
45.000000 -28.765179 16.149197
45.000000 -16.702891 20.541707
45.000000 -9.876282 -19.546368
45.000000 -21.770881 -17.652468
45.000000 -25.183051 -16.784129
45.000000 -15.010960 -21.630077
45.000000 -16.559276 -20.268728
45.000000 -23.412318 -17.111336
45.000000 -13.484353 -16.028296
45.000000 -25.182848 16.599432
45.000000 -23.387035 17.023296
45.000000 -35.753101 -13.641707
45.000000 -26.918038 16.261665
45.000000 -18.081193 -9.425061
45.000000 -19.437930 -5.856572
45.000000 -20.049702 -2.047437
45.000000 -20.015924 1.825696
45.000000 -19.906544 5.851579
45.000000 -15.437950 13.134213
45.000000 -12.483932 15.724954
45.000000 -9.564926 17.706162
45.000000 -32.058600 16.022700
45.000000 -20.000438 18.364166
45.000000 -35.553943 13.070946
45.000000 -39.707926 8.977671
45.000000 -40.768601 2.738835
45.000000 -12.379390 19.332486
45.000000 -28.848248 -16.183792
45.000000 -32.356958 -15.734971
45.000000 -16.208385 -12.865770
45.000000 20.685135 1.921036
45.000000 -14.517807 21.513520
45.000000 8.371861 -18.466911
45.000000 -4.410794 -21.300744
45.000000 -18.333122 -19.123608
45.000000 15.291325 -14.611906
45.000000 -17.599551 9.576645
45.000000 -18.420512 19.466985
45.000000 -4.835504 21.525969
45.000000 -6.662653 18.969708
45.000000 -16.133846 -17.974464
45.000000 -30.614666 -14.401003
45.000000 -39.454324 -4.242073
45.000000 -27.490381 -15.027390
45.000000 -36.994160 8.584306
45.000000 -20.075473 -12.031123
45.000000 -32.825636 11.833980
45.000000 -13.706852 -19.573009
45.000000 -23.917431 -15.259634
45.000000 -32.790701 -13.010182
45.000000 -17.979050 17.258329
45.000000 -25.733685 -15.041774
45.000000 -22.155384 -15.782967
45.000000 -34.852457 10.045084
45.000000 -18.340230 -17.052727
45.000000 -22.532402 3.463684
45.000000 -23.003062 -0.243403
45.000000 -22.762664 -4.575433
45.000000 -20.850649 9.440479
45.000000 -15.235239 16.710448
45.000000 -37.836471 5.464900
45.000000 -20.224775 -16.401309
45.000000 -19.980982 16.268092
45.000000 -16.637472 18.675722
45.000000 -18.749770 12.081982
45.000000 -30.453723 13.895922
45.000000 -39.874379 -0.973655
45.000000 -34.694519 -11.169220
45.000000 -25.702765 14.571904
45.000000 -14.891063 19.390331
45.000000 -27.714584 14.081418
45.000000 -35.850853 -8.715360
45.000000 -37.621804 -6.315441
45.000000 -23.936410 6.728541
45.000000 -22.015948 15.166343
45.000000 -24.018551 15.315076
45.000000 -21.504747 -8.386768
45.000000 -28.785981 -13.684206
45.000000 -30.490800 11.062029
45.000000 -18.637086 -14.733752
45.000000 -16.462932 -15.704390
45.000000 -26.697270 -13.200551
45.000000 -30.290583 -11.842787
45.000000 -36.715339 -2.835797
45.000000 -22.544991 -13.598778
45.000000 -25.791814 2.395483
45.000000 -23.242483 -10.978693
45.000000 -26.174786 -2.604745
45.000000 -36.867346 1.271882
45.000000 -17.656949 14.901178
45.000000 -25.418030 -7.445798
45.000000 -21.566237 12.373628
45.000000 -20.043104 14.152715
45.000000 -32.176783 -9.243267
45.000000 -31.931872 8.311660
45.000000 -28.255603 11.639949
45.000000 -28.106362 -11.701529
45.000000 -25.954432 12.235492
45.000000 -24.629347 -13.163380
45.000000 -23.837067 13.271754
45.000000 -34.758204 7.124522
45.000000 -20.680126 -14.498244
45.000000 -23.785674 10.521453
45.000000 -34.081163 -5.687834
45.000000 -28.462305 5.724537
45.000000 -28.601173 -9.228933
45.000000 -29.369123 0.578962
45.000000 -33.187152 -1.224580
45.000000 -29.612581 -5.240398
45.000000 -25.940618 -10.856357
45.000000 -33.102740 3.958482
45.000000 -26.372445 9.363888
45.000000 -28.975744 9.133113
91.729831 29.014957 -9.951366
91.726426 27.020893 -9.545937
91.736393 25.212956 -8.779762
91.730056 23.505651 -7.604172
91.741632 22.083728 -6.110044
91.713046 21.017071 -4.393972
91.709010 20.328583 -2.542378
91.709465 20.013197 -0.513572
91.731611 20.109022 1.472599
91.713410 20.611057 3.442055
91.720455 21.492058 5.254990
91.736797 22.727200 6.863408
91.711618 24.306205 8.220748
91.719339 26.039336 9.182219
91.725870 27.932834 9.784009
91.731707 29.971779 9.999960
91.739343 31.927769 9.812426
91.720821 33.908347 9.204609
91.719515 35.724091 8.199682
91.707129 37.211468 6.927822
91.722497 38.458853 5.333649
91.725985 39.378517 3.470363
91.710563 39.876750 1.565186
91.726560 39.988615 -0.477042
91.716835 39.700511 -2.429010
91.756829 38.983181 -4.393456
91.720577 37.947520 -6.069344
91.739250 36.557996 -7.549350
91.711598 34.886784 -8.724640
91.716965 33.067872 -9.517781
91.759315 31.029333 -9.946883
113.286266 29.047645 9.954548
113.271932 27.038674 9.551468
113.305230 25.172223 8.757430
113.262758 23.507521 7.605768
113.249345 22.103721 6.135860
113.282924 21.047536 4.455713
113.270772 20.327103 2.536741
113.272082 20.012532 0.500490
113.282703 20.108738 -1.470690
113.268618 20.615863 -3.455137
113.243558 21.497977 -5.264561
113.289655 22.726545 -6.862714
113.279598 24.266256 -8.192935
113.283958 26.042284 -9.183490
113.266054 27.956336 -9.788945
113.286004 29.934840 -9.999788
113.309408 31.986306 -9.800744
113.271223 33.930169 -9.195312
113.287871 35.665799 -8.240068
113.256104 37.228262 -6.910299
113.293846 38.450023 -5.347626
113.278305 39.365324 -3.505811
113.286107 39.873324 -1.586653
113.249730 39.988325 0.483081
113.274158 39.694736 2.451959
113.255699 38.996760 4.365582
113.284121 37.950295 6.065708
113.242927 36.539150 7.565680
113.264245 34.922131 8.704747
113.231855 33.010393 9.536117
113.232078 31.043392 9.945418
93.493014 26.114585 -9.214312
93.520601 24.350559 -8.251292
93.495182 22.753235 -6.890892
93.490969 21.532532 -5.319961
93.473608 20.637216 -3.512587
93.494191 20.123885 -1.569186
93.451411 20.010518 0.458521
93.482633 20.309614 2.469092
93.490594 21.001650 4.362304
93.489897 22.044260 6.058564
93.499638 23.433511 7.541964
93.446985 25.133333 8.735877
93.435896 26.944611 9.521796
93.462104 28.911294 9.940559
93.457380 30.923458 9.957270
93.507060 32.893659 9.572186
93.478188 34.809849 8.767289
93.463648 36.474316 7.621235
93.496123 37.846828 6.198975
93.511862 38.955851 4.448903
93.469583 39.657208 2.595828
93.475890 39.984344 0.559353
93.455521 39.903197 -1.388052
93.504165 39.405722 -3.395937
93.486830 38.529079 -5.220614
93.504302 37.315658 -6.817708
93.479961 35.829797 -8.124867
93.463813 34.047480 -9.144283
93.498034 32.059110 -9.785707
93.504033 30.070615 -9.999751
111.501914 30.101656 9.999483
111.483652 26.144432 9.226841
111.465543 24.311392 8.224338
111.496415 22.811427 6.951576
111.485585 21.565318 5.371791
111.481163 20.646432 3.537056
111.452044 20.119590 1.541915
111.468763 20.010056 -0.448355
111.486188 20.302467 -2.440870
111.520345 21.013081 -4.385805
111.550104 22.042844 -6.056704
111.566062 23.473120 -7.576268
111.541056 25.073755 -8.702420
111.529584 26.966720 -9.528862
111.532598 28.846563 -9.933256
111.520570 30.951334 -9.954645
111.490643 32.947146 -9.555853
111.492985 34.771773 -8.788071
111.491571 36.458045 -7.635028
111.493709 37.837342 -6.210964
111.518274 38.937006 -4.486638
111.518285 39.649644 -2.623810
111.503559 39.982292 -0.594854
111.497641 39.901474 1.400293
111.533457 39.406481 3.393834
111.503001 38.550535 5.185399
111.480781 37.310756 6.822964
111.465430 35.795243 8.149549
111.441752 34.003188 9.163759
111.507814 32.112558 9.774308
93.531937 28.051397 -9.808310
111.503253 28.025777 9.803185
95.313414 25.210834 -8.778604
95.281291 23.558593 -7.649070
95.219351 22.124611 -6.162649
95.204182 21.065546 -4.491717
95.217998 20.330416 -2.549342
95.221624 20.018665 -0.610699
95.214591 20.108232 1.467288
95.197760 20.592514 3.391047
95.229046 21.463012 5.207670
95.262264 22.709715 6.844833
95.287008 24.188358 8.137863
95.250562 25.944104 9.140553
95.239587 27.936066 9.784691
95.297898 29.872893 9.999192
95.281486 31.914789 9.814967
95.288986 33.805466 9.247617
95.241980 35.628479 8.265605
95.233198 37.197025 6.942826
95.240798 38.416422 5.400355
95.237656 39.331284 3.595433
95.249069 39.868573 1.615943
95.247028 39.993901 -0.349213
95.278084 39.712645 -2.380025
95.274529 39.056060 -4.241200
95.244796 37.984350 -6.020810
95.247788 36.652802 -7.465937
95.253869 35.017106 -8.650355
95.289031 33.121676 -9.500270
95.269733 31.147959 -9.933891
109.697187 23.572326 7.660614
109.654508 22.166198 6.215428
109.618410 21.083107 4.526480
109.636152 20.339915 2.585105
109.645573 20.017206 0.586369
109.636316 20.100677 -1.415418
109.697138 20.593889 -3.394860
109.716860 21.458676 -5.200556
109.706009 22.711276 -6.846496
109.737502 24.235643 -8.171425
109.712132 25.968467 -9.151324
109.701912 27.864589 -9.769341
109.644735 29.826478 -9.998494
109.639662 31.912603 -9.815393
109.649053 33.829904 -9.237523
109.634138 35.599240 -8.285440
109.636441 37.149229 -6.992033
109.634526 38.388580 -5.443503
109.659649 39.311834 -3.645511
109.667187 39.858970 -1.673534
109.654944 39.993803 0.351989
109.656637 39.722141 2.340936
109.639350 39.047904 4.258571
109.616745 38.021518 5.971201
109.626733 36.647466 7.470689
109.649687 34.962378 8.681866
109.634516 33.138765 9.494638
95.262635 29.060390 -9.955759
109.633702 31.145961 9.934122
109.666711 27.103665 9.571376
109.653094 29.119249 9.961138
109.688322 25.228707 8.788331
95.281272 27.092297 -9.567929
107.914555 24.417963 8.297040
107.913032 22.858129 6.999549
97.008164 22.832504 -6.973306
96.979077 21.557361 -5.359276
97.009231 20.666034 -3.588464
97.032731 20.133073 -1.625964
97.059708 20.006894 0.371249
97.005496 20.291386 2.396418
97.058031 20.983188 4.324015
97.095944 22.016476 6.021905
97.063298 23.383607 7.498223
97.114616 24.993777 8.656658
97.155272 26.827681 9.483480
97.171012 28.867486 9.935664
97.149790 30.845376 9.964203
97.102762 32.870070 9.579285
97.068081 34.710825 8.820891
97.071963 36.400110 7.683658
97.033707 37.807945 6.247880
97.077001 38.896673 4.566093
97.054366 39.632695 2.685366
97.056174 39.976790 0.680933
97.082453 39.913133 -1.315214
97.078499 39.443104 -3.290560
97.069325 38.608015 -5.089408
97.048074 37.400625 -6.725381
97.100788 35.918053 -8.060809
97.094478 34.129899 -9.107356
97.099917 32.228722 -9.748477
107.956950 28.136974 9.824924
97.058412 26.126038 -9.219133
107.902123 21.599186 5.424604
107.874063 20.696307 3.666236
107.864662 20.135331 1.639606
107.862224 20.007761 -0.393915
107.893013 20.282861 -2.361610
107.913507 21.003434 -4.365982
107.948480 22.046325 -6.061275
108.007305 23.397104 -7.510111
108.006238 25.019476 -8.671469
107.944231 26.855064 -9.492596
107.932176 28.755099 -9.922209
107.859574 30.836903 -9.964918
107.885602 32.798472 -9.600446
107.875120 34.694656 -8.829508
107.906436 36.357326 -7.719094
107.880133 37.763154 -6.303447
107.901422 38.855604 -4.645243
107.869788 39.613054 -2.754848
107.921736 39.973307 -0.730170
107.903593 39.919249 1.268265
107.916210 39.451992 3.264941
107.892720 38.607081 5.090988
107.909702 37.421702 6.702115
107.858112 35.933987 8.049087
107.876311 34.107956 9.117275
97.100553 30.185464 -9.998280
107.890716 32.219707 9.750533
97.058396 28.142509 -9.825972
107.945847 26.220259 9.258162
107.901513 30.184617 9.998296
97.081449 24.384218 -8.274236
98.657726 21.098030 -4.555757
98.866132 20.371998 -2.702145
98.831078 20.021621 -0.657224
98.789985 20.092737 1.358728
98.797274 20.574143 3.339643
98.822256 21.407802 5.116066
98.826663 22.619354 6.747300
98.840508 24.101928 8.075441
98.871861 25.829643 9.088901
98.934871 27.797975 9.754542
98.968915 29.771462 9.997388
98.893299 31.823659 9.832307
98.786258 33.778947 9.258486
98.783684 35.567408 8.306863
98.826033 37.097585 7.044451
98.797541 38.365417 5.479032
98.829730 39.279771 3.726372
98.793778 39.841813 1.771644
98.809781 39.995684 -0.293759
98.828240 39.745867 -2.240108
98.809321 39.101211 -4.143424
98.863692 38.091823 -5.875576
98.832168 36.739627 -7.387654
98.858386 35.126378 -8.586049
98.851410 33.276229 -9.448086
98.927446 25.224367 -8.785973
106.170477 29.217858 9.969366
106.138783 23.677385 7.747550
106.103428 21.149968 4.655849
106.025642 20.390896 2.768597
106.007656 20.024568 0.700547
106.111862 20.092804 -1.359214
106.128491 20.609813 -3.438660
106.186000 21.496394 -5.262003
106.312740 22.684381 -6.817750
106.359636 24.132706 -8.097831
106.191987 25.807789 -9.078842
106.167952 27.683587 -9.728013
106.127660 29.760138 -9.997123
106.116829 31.756109 -9.844597
106.125893 33.679278 -9.298544
106.110515 35.477479 -8.366434
106.108475 37.044537 -7.097499
106.082220 38.305207 -5.569878
106.084779 39.249102 -3.801856
106.111621 39.821553 -1.880718
106.143239 39.997879 0.205962
106.113611 39.758611 2.183920
106.106827 39.122357 4.096658
106.143968 38.135297 5.815234
106.136052 36.751993 7.376353
106.060816 35.163295 8.563900
98.873616 31.273692 -9.918554
106.028968 33.234341 9.462507
98.887437 23.585407 -7.671570
106.091198 31.243405 9.922396
106.178172 27.254223 9.615649
106.138311 22.266427 6.339704
98.918908 27.185244 -9.595684
98.715396 22.182060 -6.235369
98.875834 29.252318 -9.972009
106.157940 25.329548 8.842334
100.586629 20.774777 -3.859439
100.833393 20.168940 -1.830371
100.496448 20.007296 0.381929
100.558716 20.265104 2.287312
100.591207 20.929010 4.209173
100.620280 21.898261 5.861896
100.620342 23.269743 7.396191
100.661549 24.835210 8.562999
100.667427 26.673901 9.430645
100.738448 28.640519 9.907160
100.880507 30.709566 9.974794
100.529008 32.844219 9.586992
100.526858 34.673754 8.840590
100.586273 36.319593 7.750016
100.587188 37.713040 6.364669
100.600190 38.840907 4.673154
100.619976 39.580403 2.866336
100.593841 39.966149 0.822113
100.591803 39.928213 -1.196070
100.596194 39.507790 -3.098698
100.592842 38.672991 -4.977875
100.588448 37.507687 -6.605652
100.624286 36.044886 -7.966138
100.631277 34.286352 -9.034776
104.469445 30.184781 9.998293
104.340977 21.740752 5.637803
100.636301 22.789003 -6.928314
104.363419 26.401517 9.330108
104.261769 20.184977 1.914504
104.116540 20.002339 -0.216259
104.445145 20.325411 -2.530282
104.321207 21.044279 -4.449163
104.380229 22.141968 -6.184766
104.834236 23.359196 -7.476612
104.483485 24.795438 -8.538884
104.381212 26.566260 -9.391988
104.346080 28.578200 -9.898408
104.341241 30.657051 -9.978391
104.328371 32.628021 -9.648498
104.335553 34.512361 -8.924046
104.353535 36.206044 -7.841238
104.316509 37.665390 -6.421978
104.276275 38.768861 -4.806983
104.231662 39.553473 -2.954854
104.270245 39.950399 -0.994762
104.307016 39.940132 1.092604
104.318182 39.513415 3.081385
104.319530 38.738433 4.862077
104.263214 37.556337 6.549944
104.251921 36.079860 7.939478
100.688670 32.383136 -9.711883
104.225206 34.379341 8.990071
104.138484 32.325536 9.725836
100.204312 21.613461 -5.446647
104.324437 24.568455 8.396328
104.434042 28.269590 9.849146
104.337119 23.040039 7.180455
104.303624 20.773617 3.856663
100.743735 26.249392 -9.270002
100.784236 24.383189 -8.273538
100.662262 30.379155 -9.992809
100.724765 28.294876 -9.853555
102.872849 30.885432 9.960723
102.099042 20.007015 -0.374496
102.373154 20.080330 1.264966
102.486672 20.502358 3.129663
102.475407 21.299343 4.929358
102.489972 22.439024 6.544589
102.509766 23.925124 7.943291
102.510338 25.576334 8.968343
102.548090 27.458524 9.671654
102.100751 32.184612 9.758456
102.358973 33.734231 9.276612
102.470605 35.441553 8.389845
102.498182 36.974869 7.165975
102.459888 38.248106 5.654091
102.472683 39.227616 3.853712
102.467114 39.798662 1.996555
102.422371 39.999823 -0.059560
102.444740 39.778709 -2.092090
102.500189 39.167917 -3.993657
102.513333 38.209281 -5.710316
102.475475 36.880351 -7.256774
102.475036 35.301610 -8.478970
102.814345 23.424349 -7.533977
102.803621 20.153404 -1.744862
102.574343 20.621558 -3.470566
102.361658 21.621419 -5.458881
102.590622 25.382402 -8.870050
102.508807 27.375765 -9.649528
102.471358 29.449345 -9.984827
102.497075 31.552428 -9.878764
102.611619 29.273873 9.973602
102.466835 33.447912 -9.386794
77.408167 14.930384 1.443475
77.327736 14.326252 4.445053
77.333026 13.128820 7.254935
77.326824 11.410548 9.736498
77.401870 9.213267 11.837049
77.397736 6.641571 13.449518
77.332441 3.800890 14.510453
77.361001 0.790576 14.979152
77.415201 -2.202583 14.837406
77.396198 -5.176510 14.078485
77.390896 -7.880505 12.763136
77.387138 -10.272666 10.930340
77.408824 -12.279307 8.615023
77.424338 -13.757565 5.977409
77.399238 -14.684895 3.058410
77.382546 -14.999698 0.095146
77.370598 -14.700310 -2.983433
77.335877 -13.831548 -5.804161
77.360026 -12.325587 -8.548679
77.378213 -10.360409 -10.847208
77.396322 -8.007835 -12.683634
77.420770 -5.262744 -14.046477
77.368329 -2.362299 -14.812817
77.346407 0.692621 -14.984001
77.392763 3.665226 -14.545313
77.422303 6.557478 -13.490719
77.387716 9.128726 -11.902368
77.413391 11.328212 -9.832173
77.423746 13.087372 -7.329440
77.431021 14.300964 -4.525751
77.410316 14.915159 -1.593122
-2.606206 -1.478952 -14.926912
-2.613361 -7.242452 -13.135710
-2.581875 -11.841739 -9.207237
-2.605517 -14.532709 -3.714884
-2.601107 -14.837085 2.204749
-2.552970 -12.729647 7.934487
-2.550610 -8.541676 12.330441
-2.592280 -3.040425 14.688629
-2.593075 3.020451 14.692749
-2.588600 8.538708 12.332496
-2.601604 12.751309 7.899627
-2.607032 14.835046 2.218425
-2.590370 14.534668 -3.707214
-2.592976 11.846812 -9.200709
-2.589601 7.233114 -13.140855
-2.586956 1.501561 -14.924655
47.638801 14.930198 -1.445399
47.614973 14.324847 -4.449580
47.608868 13.159272 -7.199552
47.612896 11.383403 -9.768221
47.566379 9.201995 -11.845813
47.642918 6.649830 -13.445436
47.626021 3.791318 -14.512957
47.580120 0.821563 -14.977484
47.562468 -2.219195 -14.834931
47.642839 -5.146444 -14.089504
47.596836 -7.888700 -12.758072
47.633216 -10.294041 -10.910211
47.580141 -12.278411 -8.616300
47.570501 -13.761135 -5.969185
47.559263 -14.684376 -3.060898
47.602899 -14.999934 -0.044426
47.616582 -14.706085 2.954838
47.677654 -13.824685 5.820489
47.704941 -12.366057 8.490032
47.681854 -10.396873 10.812263
47.620729 -7.997272 12.690297
47.660364 -5.253871 14.049799
47.637747 -2.365360 14.812328
47.651305 0.670983 14.984985
47.579241 3.687034 14.539800
47.588686 6.518303 13.509690
47.678989 9.124456 11.905642
47.604394 11.343871 9.814102
47.625157 13.099791 7.307220
47.576582 14.298637 4.533097
47.582147 14.916617 1.579406
127.599042 -1.499545 -14.924857
127.596383 -4.481984 -14.314741
127.568309 -7.252237 -13.130311
127.621337 -9.747882 -11.400824
127.621062 -11.893750 -9.139951
127.591650 -13.483498 -6.572311
127.561719 -14.514862 -3.784017
127.556638 -14.979666 -0.780765
127.615578 -14.831054 2.244961
127.550724 -14.075382 5.184941
127.538369 -12.730144 7.933690
127.538700 -10.897153 10.307864
127.517337 -8.594597 12.293612
127.527973 -5.956782 13.766508
127.558380 -3.057878 14.685005
127.566398 -0.068792 14.999842
127.609775 2.926291 14.711792
127.631086 5.823457 13.823435
127.609390 8.570512 12.310416
127.570253 10.846346 10.361311
127.562803 12.699610 7.982475
127.559539 14.056200 5.236719
127.616900 14.814505 2.351686
127.645111 14.984453 -0.682769
127.581104 14.539759 -3.687196
127.581873 13.497434 -6.543644
127.596065 11.940216 -9.079165
127.595088 9.783511 -11.370265
127.662041 7.344295 -13.079042
127.611982 4.491791 -14.311667
127.648812 1.527401 -14.922032
-37.351188 -1.519145 14.922875
-37.365481 -7.250393 13.131329
-37.434208 -11.864105 9.178400
-37.407850 -14.531249 3.720592
-37.447187 -14.829317 -2.256401
-37.397664 -12.757205 -7.890103
-37.396253 -8.596667 -12.292165
-37.388017 -2.953221 -14.706410
-37.400797 3.061831 -14.684182
-37.363131 8.523446 -12.343050
-37.414000 12.718288 -7.952682
-37.437291 14.827497 -2.268333
-37.365330 14.512293 3.793856
-37.349188 11.855333 9.189726
-37.365691 7.298851 13.104456
-37.365030 1.543170 14.920410
162.394034 -14.926661 -1.481485
162.424012 -14.324618 -4.450317
162.444458 -13.126333 -7.259435
162.378623 -11.396067 -9.753443
162.351688 -9.133445 -11.898747
162.428104 -6.615319 -13.462450
162.375727 -3.761058 -14.520828
162.400559 -0.748006 -14.981338
162.437332 2.227781 -14.833644
162.378838 5.174926 -14.079067
162.431610 7.899419 -12.751438
162.462294 10.315719 -10.889717
162.442337 12.283590 -8.608915
162.442728 13.762872 -5.965178
162.456136 14.676314 -3.099324
162.416932 14.999878 -0.060600
162.366365 14.714296 2.913675
162.403561 13.819398 5.833029
162.431466 12.362189 8.495663
162.473736 10.383984 10.824642
162.456267 7.990766 12.694395
162.416506 5.272987 14.042635
162.362615 2.331115 14.817756
162.404183 -0.655305 14.985679
162.396177 -3.679386 14.541737
162.329453 -6.523298 13.507279
162.355881 -9.091267 11.931005
162.328041 -11.371353 9.782245
162.340343 -13.063433 7.372023
162.334573 -14.306048 4.509657
162.360444 -14.918714 1.559478
-2.635788 -4.512964 -14.305005
-2.586118 -9.795996 -11.359510
-2.605056 -13.466114 -6.607856
-2.571814 -14.980659 -0.761490
-2.588337 -14.079311 5.174262
-2.538197 -10.828980 10.379460
-2.553793 -5.896178 13.792573
-2.601809 0.041759 14.999942
-2.553660 5.913009 13.785366
-2.612361 10.873526 10.332785
-2.580835 14.058054 5.231742
-2.626412 14.981030 -0.754144
-2.614225 13.469713 -6.600518
-2.564287 9.801175 -11.355041
-2.561700 4.459547 -14.321747
-37.388417 -4.531180 14.299245
-37.375995 -9.797322 11.358366
-37.382130 -13.454651 6.631165
-37.448970 -14.980606 0.762515
-37.476830 -14.072775 -5.192012
-37.402859 -10.890420 -10.314977
-37.348320 -5.852263 -13.811264
-37.372714 -0.018874 -14.999988
-37.420574 5.910142 -13.786596
-37.377149 10.889333 -10.316124
-37.378001 14.082317 -5.166077
-37.422583 14.982207 0.730396
-37.416128 13.482972 6.573391
-37.400785 9.733754 11.412889
-37.409165 4.456467 14.322706
74.714184 13.826195 5.816901
74.699142 12.359022 8.500269
74.714701 10.413915 10.795850
74.673616 8.007397 12.683911
74.681515 5.280474 14.039822
74.741643 2.391934 14.808060
74.762413 -0.649725 14.985922
74.734951 -3.654116 14.548108
74.797553 -6.510640 13.513385
74.777631 -9.041707 11.968607
74.742452 -11.324018 9.837002
74.765074 -13.066855 7.365956
74.749871 -14.278360 4.596566
74.801183 -14.910431 1.636775
74.754395 -14.935419 -1.390418
74.759555 -14.354278 -4.353701
74.757199 -13.179661 -7.162161
74.687446 -11.463125 -9.674542
74.765068 -9.289495 -11.777321
74.744351 -6.739871 -13.400527
74.781730 -3.909793 -14.481489
74.774575 -0.907472 -14.972525
74.794319 2.090787 -14.853572
74.749286 5.054304 -14.122819
74.784202 7.811942 -12.805216
74.771196 10.243037 -10.958111
74.702053 12.247617 -8.660015
74.726483 13.742520 -6.011916
74.819409 14.673272 -3.113694
130.243543 0.045733 -14.999930
-34.784978 -14.073710 5.189479
-5.198870 -12.735796 -7.924614
74.768337 14.999631 -0.105249
-5.189829 -14.827957 -2.265322
-5.243131 -14.542730 3.675460
-5.199444 -11.859320 9.184581
-5.154058 -7.234267 13.140220
-5.220256 -1.500714 14.924740
-5.164451 4.492425 14.311468
-5.229051 9.779993 11.373291
-5.177555 13.457207 6.625978
-5.209279 14.981145 0.751855
-5.238107 14.058026 -5.231815
-5.138538 10.914004 -10.290020
-5.162795 5.879182 -13.799827
-34.775410 -8.559428 12.318124
-34.878242 -14.980617 -0.762301
-5.223825 -3.007357 -14.695435
50.191132 13.839671 -5.784764
50.205199 12.354792 -8.506416
50.138415 10.411516 -10.798164
50.175988 7.956443 -12.715936
50.238114 5.285659 -14.037870
50.230673 2.431700 -14.801582
50.210266 -0.604901 -14.987798
50.218664 -3.723731 -14.530445
50.242443 -6.493704 -13.521531
50.226422 -9.117885 -11.910674
50.223533 -11.281091 -9.886201
50.212253 -13.050624 -7.394674
50.207829 -14.271261 -4.618562
50.235729 -14.919737 -1.549657
50.215870 -14.933940 1.406215
50.235453 -14.354370 4.353396
50.278187 -13.197900 7.128495
50.280109 -11.518152 9.608963
50.308396 -9.317629 11.755075
50.240184 -6.709747 13.415636
50.215266 -3.885222 14.488100
50.253914 -0.927222 14.971315
50.260209 2.043254 14.860186
50.212579 5.011368 14.138111
50.258995 7.860992 12.775164
50.263376 10.209696 10.989182
50.219286 12.251865 8.654006
50.246225 13.717252 6.069349
50.233479 14.664363 3.155386
159.747666 -14.999885 0.058836
130.211942 -5.821539 -13.824242
130.272692 -8.617133 -12.277827
130.250775 -10.899886 -10.304974
130.249215 -12.750449 -7.901015
130.197164 -14.068103 -5.204660
130.243746 -14.823727 -2.292839
130.217550 -14.982243 0.729664
130.164887 -14.541290 3.681152
130.120805 -13.480075 6.579329
130.070899 -11.888007 9.147420
130.134172 -9.807327 11.349729
130.185304 -7.342125 13.080260
130.186015 -4.592374 14.279709
130.113537 -1.668298 14.906937
130.096609 1.390102 14.935448
130.132722 4.361120 14.352025
130.126195 7.175130 13.172604
130.110889 9.676839 11.461186
130.106831 11.822972 9.231324
130.191549 13.426381 6.688221
130.205796 14.497283 3.850815
130.196254 14.972365 0.910110
130.273182 14.849908 -2.116657
130.290903 14.124594 -5.049341
130.225859 12.816363 -7.793641
130.188721 10.963995 -10.236738
130.188579 8.685914 -12.229264
130.199921 5.946535 -13.770938
130.258707 3.013463 -14.694184
-5.115922 -10.875741 -10.330453
-34.842064 -12.756196 7.891733
-34.813712 -5.914748 13.784620
-34.817384 -14.820822 2.311544
-34.839948 -10.849435 10.358077
-34.870033 -13.444071 -6.652590
-34.799313 -9.829314 -11.330692
-34.748149 -4.449829 -14.324770
-34.788134 1.535287 -14.921223
-34.792033 7.284351 -13.112522
-34.798392 11.886151 -9.149832
-34.830027 14.514884 -3.783931
-34.751728 14.819270 2.321474
-34.727260 12.691746 7.994972
-34.796480 8.537389 12.333410
-34.809664 2.976101 14.701796
-5.226472 -14.057971 -5.231964
-34.765490 -3.026242 14.691557
50.182982 14.999794 0.078665
159.702241 -13.839967 -5.784056
159.704361 -12.263568 -8.637413
159.770586 -10.319334 -10.886291
159.801812 -7.924646 -12.735776
159.778773 -5.216887 -14.063573
159.843623 -2.267446 -14.827633
159.812338 0.719573 -14.982731
159.787202 3.720578 -14.531252
159.813799 6.521810 -13.507997
159.801715 9.106212 -11.919601
159.881535 11.313451 -9.849154
159.908923 13.062021 -7.374523
159.863707 14.276786 -4.601453
159.791840 14.910045 -1.640294
159.821808 14.941016 1.328925
159.830808 14.364385 4.320235
159.804489 13.198827 7.126778
159.777721 11.526938 9.598422
159.786685 9.251761 11.806986
159.762342 6.743351 13.398776
159.790009 3.899812 14.484180
159.821710 0.939201 14.970568
159.759207 -2.104494 14.851636
159.734357 -5.068773 14.117632
159.685289 -7.777493 12.826168
159.771747 -10.233059 10.967429
159.726569 -12.241530 8.668618
159.714353 -13.747093 6.001453
159.728539 -14.667006 3.143078
-5.208696 -8.588380 -12.297956
74.705918 14.716779 2.901104
-5.193186 -0.027506 -14.999975
50.198113 14.712350 -2.923482
130.253144 -2.976122 -14.701792
-34.756498 -0.018866 14.999988
159.703641 -14.706611 -2.952218
-5.197193 -14.979998 0.774370
-5.231834 -13.500122 6.538096
-5.175550 -9.720102 11.424518
-5.169001 -4.415866 14.335276
-5.197419 1.472571 14.927543
-5.131975 7.326367 13.089093
-5.225859 11.861639 9.181586
-5.217965 14.535516 3.703885
-5.191611 14.833059 -2.231671
-5.238253 12.739693 -7.918347
-5.192794 8.574422 -12.307692
-5.160446 2.934215 -14.710213
-34.872998 -14.541026 -3.682197
-34.800211 -11.871887 -9.168331
-34.734696 -7.199458 -13.159324
-34.823863 -1.495909 -14.925222
-34.802839 4.459804 -14.321667
-34.745878 9.704574 -11.437711
-34.760449 13.488632 -6.561768
-34.831606 14.981725 -0.740205
-34.772113 14.083198 5.163674
-34.731562 10.883025 10.322779
-34.755045 5.935506 13.775695
-5.209334 -5.870822 -13.803385
-32.226153 -4.458515 14.322068
72.099340 11.526146 9.599373
72.064101 9.254938 11.804496
72.095669 6.752425 13.394206
72.082710 3.904794 14.482837
72.102158 0.986884 14.967500
72.091062 -2.128850 14.848165
72.100635 -5.002274 14.141331
72.146172 -7.780794 12.824167
72.114704 -10.188441 11.008890
72.150693 -12.188513 8.743006
72.127312 -13.728301 6.044316
72.139727 -14.644222 3.247580
72.092871 -14.999270 0.147949
72.100272 -14.736371 -2.799888
72.117441 -13.874902 -5.699746
72.095193 -12.409844 -8.425899
72.095267 -10.527408 -10.685209
72.125191 -8.097093 -12.626840
72.115375 -5.471682 -13.966413
72.121087 -2.509487 -14.788593
72.143125 0.467960 -14.992699
72.137576 3.524478 -14.580057
72.126505 6.356578 -13.586534
72.103176 9.013759 -11.989669
72.092162 11.290433 -9.875531
72.113836 13.045733 -7.403301
72.182634 14.265770 -4.635495
-7.793953 2.974868 14.702046
-32.238262 -12.702061 -7.978574
-32.128833 10.826029 -10.382538
-7.862184 -14.827402 2.268953
-7.800221 1.419317 -14.932700
-7.928429 -12.737649 7.921635
-7.817262 -8.540302 12.331392
-7.826158 -2.938608 14.709337
-7.803697 -0.020823 14.999986
-32.154863 14.829972 -2.252096
-32.138363 7.226925 13.144260
-7.797382 10.867365 10.339264
-7.795980 14.091651 5.140560
-7.796066 14.981259 -0.749584
-7.829797 13.483357 -6.572601
-32.206359 -14.524550 3.746659
-32.194953 -9.717499 11.426732
-32.178875 1.443279 14.930403
52.784170 11.539206 -9.583669
52.861479 9.251334 -11.807320
52.865801 6.651344 -13.444688
52.910094 3.949125 -14.470813
52.961959 1.002836 -14.966440
52.978899 -2.082005 -14.854806
52.936962 -5.080075 -14.113569
52.989085 -7.753657 -12.840592
52.975295 -10.188033 -11.009268
52.991952 -12.193269 -8.736371
52.986708 -13.705469 -6.095910
52.963725 -14.665511 -3.150045
52.889286 -14.998231 -0.230384
52.878087 -14.735703 2.803399
52.895803 -13.863914 5.726421
52.898532 -12.470575 8.335752
52.965306 -10.511574 10.700786
52.926131 -8.218682 12.548038
52.870318 -5.432856 13.981562
52.904111 -2.443388 14.799657
52.899096 0.451698 14.993197
52.946658 3.440899 14.600007
52.933748 6.426199 13.553744
52.888027 8.989656 12.007751
52.926362 11.181451 9.998757
52.913395 13.034895 7.422366
52.915061 14.243347 4.703943
-7.791916 4.442726 -14.326974
132.888158 -4.434869 -14.329408
157.126792 -14.330500 -4.431339
132.804063 -9.799318 -11.356644
132.825610 -11.916947 -9.109686
132.854048 -13.471923 -6.596006
132.841754 -14.527328 -3.735871
132.781359 -14.977875 -0.814405
132.717022 -14.837132 2.204431
132.753151 -14.083098 5.163947
132.705375 -12.782547 7.848980
132.671419 -10.899330 10.305562
132.688604 -8.633417 12.266382
132.759583 -6.024090 13.737188
132.807760 -3.245625 14.644655
132.819993 -0.257433 14.997791
132.789003 2.819416 14.732647
132.782494 5.733388 13.861034
132.772717 8.421564 12.412786
132.852528 10.754846 10.456256
132.776186 12.654348 8.054035
132.772587 14.003699 5.375540
132.808459 14.797069 2.459014
132.887016 14.989877 -0.550979
132.875468 14.583858 -3.508715
132.893254 13.600371 -6.326919
132.928374 12.012360 -8.983497
132.997283 9.858876 -11.304980
132.925659 7.416195 -13.038407
132.843942 4.550443 -14.293127
-7.747826 -11.912589 -9.115384
-32.199654 -13.511589 6.514367
-32.211942 -7.302947 13.102174
-32.156574 -11.870633 9.169955
-32.187007 -14.077244 -5.179884
-7.765151 -4.462750 -14.320749
-32.108369 -8.534519 -12.335396
-32.190944 -3.066403 -14.683228
-32.137272 3.047071 -14.687251
-32.157963 8.584858 -12.300415
-7.815779 7.263223 -13.124237
-32.155449 14.044647 -5.267627
-7.858209 8.628877 12.269575
-32.141191 14.521180 3.759698
-32.142472 11.857679 9.186699
-32.118403 9.814571 11.343464
-7.849245 9.780755 -11.372635
157.088632 -13.124880 -7.262061
-32.238909 -14.827020 -2.271448
52.887211 14.894039 1.779773
157.142855 -11.383648 -9.767935
157.186221 -9.204072 -11.844199
157.172365 -6.575623 -13.481884
157.211552 -3.820724 -14.505243
157.248925 -0.749419 -14.981267
157.235271 2.242733 -14.831391
157.269101 5.115042 -14.100934
157.272117 7.843680 -12.785800
157.265617 10.188779 -11.008578
157.276818 12.210606 -8.712124
157.252646 13.709410 -6.087041
157.210598 14.658089 -3.184405
157.221730 14.997716 -0.261762
157.224597 14.750302 2.725544
157.218825 13.885322 5.674313
157.182172 12.428260 8.398711
157.131480 10.534321 10.678393
157.220222 8.173824 12.577305
157.216830 5.454640 13.973078
157.214688 2.566884 14.778738
157.185508 -0.539651 14.990289
157.156004 -3.490921 14.588128
157.139701 -6.387584 13.571985
157.055474 -8.961349 12.028891
157.008429 -11.275802 9.892234
157.085390 -13.033037 7.425627
157.117976 -14.268130 4.628224
-7.788895 -9.705468 -11.436953
72.177352 14.939401 1.346959
-7.796401 -1.532045 -14.921556
-32.129897 4.543715 14.295267
52.805811 14.932239 -1.424158
-32.195907 -1.527046 14.922069
132.815464 1.531558 -14.921606
132.876658 -7.261891 -13.124974
-7.848052 -14.980123 -0.771962
157.090866 -14.908677 1.652681
-7.796805 -7.275590 -13.117385
52.765989 14.355942 -4.348210
72.115652 14.384572 4.252540
72.213696 14.911767 -1.624565
-7.836210 5.924676 13.780356
-7.804334 -5.866198 13.805351
-7.846523 -14.100428 5.116438
-7.919237 -10.875205 10.331017
-32.115481 14.974849 0.868278
-7.787202 12.720572 7.949028
-7.810725 14.827555 2.267956
-7.835377 14.512739 -3.792152
-7.839077 11.901833 -9.129423
-32.110636 12.767426 -7.873552
72.098793 13.200815 7.123096
132.833936 -1.509843 -14.923819
-7.773401 -13.492170 -6.554490
-32.175960 -14.976142 0.845681
-32.230007 -10.918748 -10.284986
-32.161881 -5.884211 -13.797683
-32.186906 0.060873 -14.999876
-32.124128 5.899519 -13.791145
-32.086741 13.445637 6.649424
-7.839401 -14.522607 -3.754182
157.127816 -14.925480 -1.493335
52.759242 13.197981 -7.128344
-29.530752 5.920006 13.782363
-10.563703 -9.767381 11.384124
69.415905 8.168326 12.580876
69.416177 5.418129 13.987276
69.372707 2.547019 14.782175
69.326013 -0.485941 14.992127
69.412968 -3.446387 14.598713
69.424540 -6.344560 13.592150
69.418450 -8.952554 12.035439
69.434348 -11.185457 9.994276
69.429235 -12.984664 7.509894
69.432253 -14.208051 4.809500
69.416351 -14.895380 1.768518
69.426612 -14.951387 -1.206663
69.380794 -14.405025 -4.182732
69.361119 -13.264811 -7.003198
69.449622 -11.597799 -9.512679
69.369865 -9.473880 -11.629514
69.430223 -6.911199 -13.312976
69.455968 -4.134545 -14.418930
69.382434 -1.108353 -14.958996
69.327806 1.863345 -14.883815
69.388412 4.841107 -14.197313
69.304058 7.653617 -12.900471
69.267745 10.121702 -11.070282
69.330140 12.200210 -8.726676
69.388456 13.731914 -6.036103
-10.491601 1.519704 14.922818
55.362815 13.877308 -5.693885
-10.501809 -14.535752 3.702962
55.395616 12.416661 -8.415850
-10.469493 14.067838 -5.205375
-10.400827 -0.020203 -14.999986
-10.550597 -4.433323 14.329887
-10.481918 7.303906 13.101639
-10.589265 -7.250986 13.131001
69.393688 13.915571 5.599723
-10.483346 -1.554332 14.919251
-10.510511 10.869498 -10.337022
-10.459177 11.871578 9.168731
-10.470424 14.531896 3.718063
-29.553460 -5.950882 13.769060
-29.488515 -10.903425 10.301229
-29.441839 7.233176 -13.140820
135.464837 -3.013192 -14.694240
-29.427536 14.985300 -0.663924
-10.507042 14.820807 -2.311638
-29.484529 13.454675 -6.631117
-10.454788 12.757309 -7.889935
55.584058 8.138325 -12.600304
55.555190 5.385515 -13.999865
55.631092 2.540387 -14.783316
55.697567 -0.429986 -14.993836
55.743601 -3.457367 -14.596116
55.723562 -6.404809 -13.563864
55.712436 -8.946379 -12.040030
55.718380 -11.177454 -10.003226
55.724312 -12.959880 -7.552584
55.724770 -14.195369 -4.846804
55.656702 -14.880459 -1.889957
55.677116 -14.954719 1.164634
55.649517 -14.406279 4.178411
55.610156 -13.294560 6.946559
55.661757 -11.580399 9.533853
55.617155 -9.510260 11.599782
55.698763 -6.985075 13.274364
55.648332 -4.053116 14.442031
55.577735 -1.152008 14.955697
55.643693 1.893629 14.879992
55.646812 4.776668 14.219122
55.559470 7.604485 12.929494
55.547467 10.095682 11.094017
55.611172 12.110586 8.850633
55.574906 13.642091 6.236455
-10.518360 2.970036 -14.703023
-29.506139 -4.529868 -14.299661
135.479092 -12.782131 -7.849657
135.527427 -14.083785 -5.162074
135.447946 -14.823795 -2.292401
135.432562 -14.983826 0.696389
135.408267 -14.515650 3.780993
135.345497 -13.523082 6.490474
135.366604 -11.922892 9.101904
135.312449 -9.827355 11.332391
135.347566 -7.383972 13.056682
135.416285 -4.741564 14.230867
135.527701 -1.836501 14.887151
135.565714 1.211138 14.951025
135.563695 4.149691 14.414578
135.546290 7.050713 13.239616
135.523989 9.581712 11.540832
135.547303 11.674524 9.418359
135.499764 13.329270 6.879722
135.457118 14.448008 4.031756
135.485657 14.964275 1.034636
135.476735 14.875310 -1.930066
135.475718 14.192847 -4.854184
135.640295 12.892835 -7.666473
135.673333 11.040899 -10.153745
135.641583 8.764517 -12.173054
135.683902 5.995469 -13.749704
-29.553391 -8.584017 12.301002
-29.565408 -13.486481 -6.566188
-29.510983 12.743299 7.912543
-29.468492 14.050151 5.252929
-29.517584 -9.713036 -11.430526
-29.482116 -7.305611 -13.100689
-29.493962 -14.983889 -0.695028
-29.446435 1.636772 -14.910432
-29.553408 -14.833394 2.229446
-10.581731 5.891413 -13.794610
-29.428875 14.514862 -3.784015
-10.448475 9.763736 11.387250
-29.629829 -11.885005 -9.151319
-29.491510 14.826090 2.277509
154.458182 -14.999702 0.094481
154.567965 -13.805702 -5.865372
-29.548087 0.007585 14.999998
-29.570035 -14.507054 -3.813840
55.637539 14.625619 3.330356
154.542609 -12.274247 -8.622230
154.475395 -10.323511 -10.882331
154.457144 -7.916361 -12.740927
154.526501 -5.255074 -14.049349
154.519387 -2.258429 -14.829009
154.584640 0.763308 -14.980566
154.632350 3.661270 -14.546309
154.686128 6.529965 -13.504057
154.713960 9.055497 -11.958176
154.592755 11.227618 -9.946889
154.494369 12.978441 -7.520643
154.494219 14.212131 -4.797431
154.574459 14.877794 -1.910823
154.531297 14.955282 1.157385
154.449262 14.421346 4.126109
154.526546 13.292564 6.950377
154.547576 11.643127 9.457145
154.496105 9.485413 11.620109
154.534416 6.973006 13.280707
154.560630 4.189096 14.403176
154.455772 1.160135 14.955069
154.501805 -1.896662 14.879606
154.510660 -4.825850 14.202506
154.471273 -7.669415 12.891085
154.438240 -10.144835 11.049087
154.406350 -12.178648 8.756742
154.465050 -13.691098 6.128119
-10.408423 -10.859475 -10.347551
-29.451520 11.906789 -9.122959
-29.484715 3.061933 14.684160
55.651250 14.997970 0.246762
-29.547910 -2.991486 14.698674
135.489218 -8.640491 -12.261399
135.581421 3.090200 -14.678238
135.486101 -5.839081 -13.816842
-29.455055 4.512357 -14.305196
-10.597168 8.558002 -12.319115
-29.493143 9.735254 -11.411610
-29.566464 -14.076407 5.182159
135.487661 -10.973710 -10.226323
-10.514768 -14.981408 0.746612
154.475651 -14.676252 3.099617
154.543547 -14.707110 -2.949732
55.508047 10.460852 -10.750376
69.415659 12.502061 8.288454
-10.479447 -11.866256 9.175619
-29.493702 -12.722857 7.945370
-10.586347 4.485362 14.313683
-10.442113 14.980175 0.770942
-10.560374 -13.477580 6.584440
-10.543503 13.485886 6.567411
69.535888 14.752569 2.713249
-10.387976 -5.938705 -13.774316
-29.455337 -1.485456 -14.926266
-10.446836 -14.831484 -2.242115
69.406667 10.518360 10.694115
-10.395006 -2.992896 -14.698387
135.472175 -0.037505 -14.999953
55.433904 14.731445 -2.825692
-10.348801 -12.762100 -7.882183
-29.478773 8.559977 12.317743
-29.527491 10.845538 10.362157
-10.371454 -8.562771 -12.315801
69.589104 14.663519 -3.159304
69.676532 14.998577 -0.206596
-26.897903 -11.865685 9.176357
138.135904 -1.590437 -14.915445
-13.248275 12.750803 7.900445
66.617208 4.135246 14.418729
66.624166 1.104853 14.959255
66.646258 -1.807840 14.890659
66.586816 -4.817124 14.205468
66.562268 -7.577456 12.945353
66.559672 -10.025205 11.157744
66.569180 -12.060963 8.918137
66.658358 -13.603802 6.319539
66.604853 -14.601854 3.433056
66.666087 -14.993364 0.446146
66.651250 -14.771489 -2.608276
66.703118 -13.958078 -5.492910
66.722762 -12.593550 -8.148772
66.697297 -10.676711 -10.536026
66.741383 -8.378906 -12.441621
66.692143 -5.649811 -13.895310
66.640797 -2.721038 -14.751134
66.709386 0.196541 -14.998712
66.692352 3.223596 -14.649520
66.606519 6.155994 -13.678587
66.653743 8.823693 -12.130228
66.494299 11.156116 -10.027018
66.384738 13.044727 -7.405072
-26.837862 -7.285389 13.111945
-26.800543 14.070929 -5.197014
-13.181869 -4.505671 -14.307303
-13.148741 5.891383 13.794622
-26.854059 -1.512336 14.923567
-13.214591 0.005252 14.999999
-13.129629 -5.894959 13.793094
-13.136792 -8.548817 12.325491
138.230963 -7.340891 -13.080953
-13.164446 13.461717 -6.616810
-26.825749 13.489346 6.560301
-26.817583 3.055758 -14.685447
-13.176598 9.734227 -11.412485
-26.830016 8.540106 -12.331528
58.275580 9.435055 -11.661035
138.163621 -11.978146 -9.029066
58.324752 4.086879 -14.432513
58.356505 1.147207 -14.956066
58.415824 -1.903435 -14.878741
58.470567 -4.796931 -14.212299
58.386198 -7.514369 -12.982075
58.372846 -10.008788 -11.172474
58.423774 -12.054564 -8.926784
58.400852 -13.603273 -6.320678
58.388380 -14.579200 -3.528021
58.449869 -14.992381 -0.478026
58.440921 -14.795158 2.470487
58.435496 -13.994516 5.399400
58.422354 -12.573643 8.179456
58.376772 -10.752621 10.458544
58.395114 -8.349265 12.461532
58.397115 -5.767429 13.846905
58.356250 -2.788667 14.738498
58.328007 0.278208 14.997420
58.359716 3.159568 14.663462
58.342045 6.040365 13.730040
58.299559 8.751480 12.182430
58.302461 11.071210 10.120687
58.305203 12.876943 7.693135
-13.106576 1.525759 -14.922200
-10.354507 -14.087852 -5.150964
66.536023 11.704212 9.381441
-26.888408 4.464349 14.320251
138.143446 -14.530885 -3.722012
138.193392 -14.980927 -0.756197
138.157995 -14.823656 2.293299
138.025283 -14.052597 5.246382
137.980372 -12.750649 7.900692
137.945869 -11.009681 10.187587
137.991461 -8.740410 12.190375
138.038735 -6.144748 13.683643
138.163283 -3.355788 14.619805
138.190001 -0.467968 14.992698
138.174634 2.606156 14.771864
138.202948 5.509194 13.951659
138.194235 8.189948 12.566812
138.148931 10.589227 10.623948
138.175036 12.471034 8.335064
138.172458 13.896031 5.648037
138.174812 14.763569 2.652742
138.155305 14.998046 -0.242090
138.140963 14.640782 -3.263053
138.286318 13.625529 -6.272556
138.311713 12.080441 -8.891735
138.361293 10.006829 -11.174228
138.310500 7.391614 -13.052358
-26.883368 -9.805927 11.350938
57.981277 13.254466 -7.022757
151.752790 -14.301982 -4.522535
-26.845909 -14.828934 -2.258917
-26.767669 -3.007810 -14.695342
-13.219252 14.978404 -0.804624
-13.115863 4.469191 -14.318741
-13.237356 10.900388 10.304442
-13.144320 8.581978 12.302425
-13.186549 3.021823 14.692467
-13.105950 -1.522401 -14.922543
-13.141333 -14.075547 5.184493
-26.737454 0.064149 -14.999863
58.348809 14.219597 4.775256
151.778495 -13.100572 -7.305821
151.851224 -11.313952 -9.848578
151.862613 -9.128135 -11.902821
151.835831 -6.580549 -13.479480
151.738710 -3.690370 -14.538954
151.723047 -0.730932 -14.982181
151.852652 2.236687 -14.832304
151.903277 5.124865 -14.097367
152.057771 7.836332 -12.790305
152.091478 10.194757 -11.003042
152.010686 12.121660 -8.835461
151.893522 13.595825 -6.336682
151.868518 14.564840 -3.586843
151.832132 14.989494 -0.561308
151.835914 14.783226 2.540910
151.780641 14.002801 5.377878
151.837472 12.641712 8.073854
151.884476 10.726660 10.485169
151.879426 8.461009 12.385933
151.835896 5.717997 13.867390
151.771670 2.834153 14.729819
151.836515 -0.142532 14.999323
151.784414 -3.223958 14.649440
151.687908 -6.119493 13.694956
151.720497 -8.837468 12.120196
151.715513 -11.180714 9.999582
151.733144 -12.996142 7.490013
-26.853267 -14.983866 0.695525
-26.871011 1.546785 14.920035
58.446318 14.891391 1.801798
-26.772330 -4.512385 14.305187
58.384684 14.950571 -1.216727
138.138397 -4.557145 -14.290991
66.734900 14.462380 3.979896
-26.845050 5.917136 -13.783596
138.278493 4.575323 -14.285182
-13.126943 7.284112 -13.112654
-26.891362 -14.532976 3.713839
138.177395 -13.535662 -6.464198
151.856234 -14.916513 1.580393
138.244521 -9.870656 -11.294695
-13.159153 -14.839845 2.186095
151.742717 -14.280857 4.588805
151.846789 -14.927310 -1.474930
58.166922 11.641369 -9.459309
-26.901802 -13.461076 6.618113
-26.798309 12.729552 -7.934639
-13.099913 -3.017058 14.693446
66.585706 9.483051 11.622037
66.629594 13.365875 6.808332
58.304982 6.954367 -13.290477
-13.127062 -10.846230 10.361433
138.254437 1.557076 -14.918965
-13.238207 11.868904 -9.172193
-13.155215 14.530011 -3.725423
-13.165137 14.831988 2.238779
-13.130000 -12.758392 7.888183
-26.943421 -14.048795 -5.256553
-26.782667 10.877470 -10.328632
-13.153780 14.063411 5.217325
-26.841972 -5.968866 -13.761273
66.595821 14.348543 -4.372563
-13.156177 -14.982970 -0.714576
-26.870019 11.865485 9.176615
-13.065422 -11.876653 -9.162157
-26.843206 14.507280 3.812981
58.039065 14.389704 -4.235140
-26.802048 14.981858 0.737516
66.572512 6.947871 13.293874
-26.887433 -8.577698 -12.305409
-26.755729 14.828425 -2.262258
-26.999879 -10.846791 -10.360846
-13.104728 -7.270920 -13.119974
-26.902681 7.297754 13.105067
66.861580 14.969649 0.953728
-13.014034 -9.805060 -11.351687
-27.053795 -12.762294 -7.881869
-15.845714 2.982913 -14.700416
-15.896299 1.472480 14.927552
-24.151578 14.982367 -0.727096
63.842960 -0.151283 14.999237
63.842555 -3.182984 14.658397
63.936887 -6.073353 13.715480
63.943268 -8.711533 12.211028
63.942455 -10.988445 10.210488
63.922400 -12.811495 7.801641
63.858613 -14.124063 5.050827
63.908684 -14.846701 2.139036
63.872920 -14.973776 -0.886581
63.983115 -14.487616 -3.887026
63.914426 -13.417047 -6.706926
63.890083 -11.806000 -9.253020
63.979287 -9.739213 -11.408231
63.932869 -7.196495 -13.160944
63.865591 -4.418320 -14.334519
63.966485 -1.513677 -14.923431
63.982417 1.543661 -14.920359
63.997377 4.556925 -14.291061
63.929554 7.320310 -13.092481
63.921504 9.898519 -11.270285
63.771685 12.106556 -8.856144
61.100483 13.537572 6.460198
-24.118383 2.992708 14.698425
140.912774 -14.859669 -2.047005
60.463337 13.911266 -5.610408
61.107701 2.826027 -14.731381
-24.057167 -8.573679 12.308210
-15.942619 14.518486 3.770088
-26.880909 9.740134 11.407445
63.895279 12.672778 8.025005
-24.052704 11.854575 -9.190705
-24.083694 -14.499823 -3.841243
-23.983959 9.778992 -11.374151
67.336465 14.897141 -1.753619
61.121344 -0.210372 -14.998525
61.145251 -3.206662 -14.653236
61.170783 -5.963893 -13.763429
61.139857 -8.672950 -12.238461
61.157307 -11.007351 -10.190104
61.181108 -12.770394 -7.868739
61.142346 -14.087494 -5.151942
61.132782 -14.847225 -2.135394
61.165177 -14.978982 0.793788
61.164414 -14.504253 3.824478
61.214155 -13.468176 6.603653
61.156840 -11.844873 9.203205
61.180073 -9.752242 11.397095
61.147279 -7.248646 13.132294
61.184621 -4.428541 14.331365
61.159105 -1.482887 14.926522
61.093198 1.510849 14.923717
61.111446 4.436586 14.328877
61.105151 7.278520 13.115759
61.139510 9.806002 11.350873
61.089193 11.921283 9.104011
149.032853 -14.656767 -3.190485
-15.902777 10.875576 -10.330627
-13.084082 -13.484152 -6.570970
-24.122187 4.500414 -14.308958
-15.788266 14.826041 -2.277830
140.922140 -14.974942 0.866667
140.828186 -14.498314 3.846931
140.676062 -13.420877 6.699258
140.451600 -11.914048 9.113477
140.512478 -9.924510 11.247405
140.711992 -7.689609 12.879049
140.823833 -4.931576 14.166141
140.834682 -2.140918 14.846430
140.877195 0.861944 14.975215
140.821914 3.841463 14.499764
140.791310 6.794029 13.373151
140.843648 9.274057 11.789481
140.800760 11.479799 9.654751
140.834512 13.197909 7.128477
140.841390 14.349530 4.369323
140.831154 14.931183 1.435194
140.863437 14.923121 -1.516727
140.917473 14.263577 -4.642236
140.966255 13.036997 -7.418673
141.128092 11.180417 -9.999914
141.198503 8.764447 -12.173105
-15.905083 13.475921 6.587834
140.943282 -10.989794 -10.209037
63.846648 5.699486 13.875009
-24.129335 14.523402 -3.751108
-24.055922 -3.030289 14.690723
-15.848004 -7.265956 13.122724
63.843779 10.780974 10.429315
63.815062 8.449673 12.393669
-15.848608 11.878228 9.160114
-15.918167 -3.043246 -14.688045
140.908563 -6.160968 -13.676347
-24.101943 7.298679 -13.104552
149.074308 -13.762610 -5.965782
149.046553 -12.235036 -8.677782
149.106667 -10.201488 -10.996802
149.103872 -7.818720 -12.801079
149.044935 -4.991937 -14.144984
149.091101 -2.135674 -14.847185
149.119853 0.803437 -14.978467
149.116515 3.872370 -14.491541
149.253942 6.521622 -13.508088
149.494608 9.011731 -11.991193
149.510276 11.163363 -10.018948
149.302857 12.834421 -7.763868
149.200953 14.058180 -5.231403
149.065658 14.824864 -2.285479
149.062916 14.978933 0.794721
149.090154 14.519076 3.767817
149.136978 13.518465 6.500086
149.096059 11.900534 9.131116
149.135097 9.791280 11.363575
149.131988 7.353339 13.073959
149.155111 4.456868 14.322581
149.087911 1.596496 14.914798
149.057794 -1.430193 14.931663
149.045142 -4.518800 14.303162
148.928814 -7.316343 13.094698
148.783998 -9.918505 11.252700
148.912891 -12.106483 8.856244
-24.065465 -14.975724 -0.853051
-24.020854 -0.013483 14.999994
61.147105 14.619166 3.358569
-24.132433 -5.903206 13.789567
61.212392 14.998203 0.232193
-15.873340 12.711183 -7.964034
140.983011 5.834507 -13.818775
140.921789 -8.741322 -12.189721
-15.814056 5.879484 -13.799698
-24.030848 -14.837281 2.203428
140.911862 -12.876757 -7.693447
-15.938661 -0.023252 -14.999982
61.062069 10.810889 -10.398302
-15.937253 -14.541425 3.680620
149.097523 -13.762910 5.965091
60.988259 12.671741 -8.026642
63.788285 2.779264 14.740275
61.095082 8.441524 -12.399220
-15.863559 -9.734377 11.412358
-15.897779 14.057010 -5.234545
-15.849390 14.981926 0.736135
149.125239 -14.693037 3.019049
140.909492 -3.200118 -14.654666
-15.940717 7.304118 13.101521
-15.852264 -4.493715 14.311063
-13.111047 -14.538921 -3.690500
-24.074385 12.746774 7.906944
-24.014096 -4.533707 -14.298444
140.871746 -14.116803 -5.071082
61.098289 14.705275 -2.958865
-24.017549 13.470972 -6.597948
-24.488873 -13.492405 -6.554007
63.399541 13.874222 -5.701399
-24.091993 -7.312957 -13.096590
61.153656 5.742567 -13.857234
-24.176392 -12.717755 7.953534
-15.896528 -14.984118 0.690082
149.112744 -14.999901 -0.054573
63.893911 14.087337 5.152371
-24.127862 14.063303 5.217615
-15.593038 -12.758685 -7.887710
-24.144914 -10.862348 10.344535
-24.065622 14.827148 2.270615
-15.862026 4.477966 14.315999
-24.152561 -9.814017 -11.343944
-15.822795 -5.885724 -13.797038
-15.935284 9.800025 11.356034
-15.819349 8.628860 -12.269588
-24.120063 1.505206 -14.924287
-24.106333 -1.487358 -14.926077
-24.147393 5.931890 13.777252
-15.645611 -10.930428 -10.272573
-15.881565 -13.512092 6.513323
-24.125878 -14.098714 5.121157
-15.877384 -1.426485 14.932017
140.938081 2.952586 -14.706537
-15.860896 -11.869063 9.171986
63.879973 14.866212 1.998937
-18.557064 14.821289 2.308549
-18.641315 5.908895 13.787130
64.228907 14.907281 -1.665228
-21.367513 14.828844 -2.259508
-18.679327 2.981718 14.700658
143.571024 -14.992967 -0.459271
-21.332171 -11.861907 9.181240
-24.073980 10.885081 10.320611
143.582804 -13.603142 -6.320958
140.907839 -0.054611 -14.999901
143.640376 -14.607699 -3.408098
-21.255856 12.725048 -7.941861
-18.580884 14.500280 -3.839514
-21.324571 10.871186 -10.335246
-21.451430 -4.441596 14.327324
-21.342222 -5.945116 -13.771550
143.563042 -10.054158 -11.131662
-18.621432 7.294475 -13.106892
-15.733019 -14.085614 -5.157081
-21.272941 5.876978 -13.800766
-18.581760 9.798867 -11.357033
143.585544 -14.788984 2.507181
143.539312 -13.946515 5.522202
143.288461 -12.570627 8.184090
142.686794 -10.974812 10.225140
143.259631 -9.094143 11.928812
143.474934 -6.602010 13.468981
143.533869 -3.864827 14.493554
143.543562 -0.860266 14.975311
143.585398 2.043983 14.860085
143.576507 5.046722 14.125530
143.521283 7.897011 12.752930
143.495703 10.253261 10.948545
143.501312 12.296864 8.589945
143.460511 13.740431 6.016691
143.478715 14.663740 3.158278
143.487245 14.998980 0.174934
143.586885 14.730600 -2.830095
143.630270 13.862157 -5.730672
143.847736 12.320515 -8.555987
144.294380 9.996529 -11.183444
-18.546449 14.073945 5.188841
-21.435774 -9.757378 11.392699
-15.777312 -8.560298 -12.317520
-18.561242 12.745740 7.908610
146.333172 -14.945722 1.274906
-21.347011 8.635986 -12.264573
146.345690 -14.240599 -4.712254
146.285525 -12.996560 -7.489288
146.286654 -11.234216 -9.939436
146.319343 -8.959935 -12.029945
146.289586 -6.305729 -13.610209
146.350740 -3.476190 -14.591645
146.411505 -0.486429 -14.992111
146.381873 2.576990 -14.776980
146.508189 5.412117 -13.989603
146.664455 8.089553 -12.631672
147.228583 10.084065 -11.104577
146.725166 11.819405 -9.235889
146.538745 13.339046 -6.860748
146.317675 14.454032 -4.010107
146.270858 14.961314 -1.076612
146.253887 14.870732 1.965028
146.305951 14.186093 4.873887
146.263490 12.905311 7.645453
146.305621 11.109330 10.078829
146.337124 8.858513 12.104824
146.377701 6.211003 13.653697
146.392772 3.285026 14.635867
146.302855 0.358460 14.995716
146.261337 -2.727972 14.749853
146.217801 -5.573690 13.926018
146.156488 -8.435109 12.403585
145.776532 -10.998959 10.199162
-21.289415 -14.803495 -2.420031
-21.401776 -1.533294 14.921428
-21.469990 -7.299443 13.104126
-18.609798 11.855571 -9.189420
-21.386910 1.475370 14.927266
143.879564 7.246669 -13.133385
-21.254589 -14.984787 0.675401
143.616575 -12.079666 -8.892787
146.299280 -14.884927 -1.854438
143.626686 -4.807140 -14.208850
-24.425345 -11.883106 -9.153786
-21.364898 14.039570 -5.281144
-18.720998 -8.562328 12.316109
-18.560448 13.449771 -6.641058
-18.550884 14.981270 -0.749359
146.216098 -13.118226 7.274073
-18.582208 -4.498980 -14.309409
-21.331950 -13.466952 6.606149
143.626465 1.274739 -14.945736
143.651301 -1.894467 -14.879886
-21.390959 14.978462 0.803545
-21.444813 11.872662 9.167328
-15.836752 -14.835923 -2.212555
-21.291689 4.437129 14.328709
-18.545539 1.493715 -14.925442
-18.690189 -5.922247 13.781400
-21.302537 -3.073513 -14.681741
-18.557224 -14.841891 2.172161
-18.659318 0.036374 14.999956
-24.151805 8.541227 12.330752
-18.659690 4.475604 -14.316737
-18.107845 -13.505779 -6.526402
-21.414368 13.468251 6.603500
143.554108 -7.539315 -12.967603
-21.265578 -8.666559 -12.242988
-18.568545 10.869298 10.337231
-21.284615 3.019098 -14.693027
-21.349499 -13.984527 -5.425219
-18.156760 -11.895897 -9.137157
-18.541788 -1.560023 -14.918657
-21.349656 -14.556410 3.620903
143.694084 4.248780 -14.385683
-18.768710 -10.869160 10.337377
-18.563925 8.595416 12.293040
146.357034 -14.347854 4.374825
-18.581686 -14.104192 5.106051
-18.657472 -7.290699 -13.108994
-21.349638 9.791101 11.363730
-18.523788 -14.520592 -3.761969
-21.402447 14.528384 3.731762
-21.342520 -0.017589 -14.999990
-18.588329 -14.979074 -0.792052
-18.710714 -12.746213 7.907848
-18.756180 -2.981508 14.700701
-21.373830 7.295246 13.106464
-21.348240 -11.123454 -10.063239
-18.614335 -9.825514 -11.333987
-20.184790 -12.747096 -7.906424
-22.495660 -12.741468 -7.915491
33.299207 -29.008149 -9.950690
33.263210 -27.026081 -9.547555
33.267535 -25.156763 -8.748889
33.234327 -23.504012 -7.602772
33.264193 -22.113495 -6.148418
33.239977 -21.036097 -4.432656
33.271281 -20.319083 -2.505962
33.251230 -20.012491 -0.499662
33.268231 -20.110663 1.483580
33.263110 -20.618112 3.461238
33.259920 -21.499307 5.266709
33.289631 -22.734437 6.871069
33.271360 -24.237537 8.172761
33.225983 -26.019225 9.173518
33.265673 -28.003513 9.798675
33.249563 -29.987939 9.999993
33.228237 -31.939167 9.810180
33.261877 -33.924361 9.197793
33.270441 -35.716960 8.204655
33.234642 -37.202174 6.937484
33.284424 -38.477712 5.303621
33.261026 -39.369821 3.493773
33.272683 -39.881866 1.532554
33.249003 -39.988573 -0.477925
33.232890 -39.695741 -2.447980
33.289364 -38.993088 -4.373142
33.297227 -37.928104 -6.094683
33.244141 -36.538533 -7.566214
33.291628 -34.879225 -8.728869
33.264331 -33.026079 -9.531151
33.265818 -31.059528 -9.943712
11.773658 -20.047941 -0.978017
11.773643 -20.442931 -2.943202
11.762365 -21.228891 -4.802879
11.750859 -22.400241 -6.499513
11.744191 -23.891542 -7.917496
11.759838 -25.544673 -8.952657
11.710329 -27.488200 -9.679404
11.726549 -29.543549 -9.989577
11.724727 -31.517171 -9.884240
11.721960 -33.448963 -9.386408
11.735430 -35.263526 -8.502664
11.738858 -36.887510 -7.249980
11.754202 -38.184277 -5.746095
11.771943 -39.183125 -3.958562
11.762897 -39.782407 -2.074730
11.762486 -39.999998 0.005937
11.754476 -39.803148 1.974408
11.743310 -39.195377 3.930019
11.741338 -38.231273 5.678569
11.749033 -36.914933 7.223829
11.719837 -35.346506 8.450732
11.740420 -33.522345 9.359118
11.797269 -31.566656 9.876517
11.767161 -29.553948 9.990047
11.755929 -27.500252 9.682523
11.788718 -25.659071 9.008681
11.792012 -23.888936 7.915485
11.743900 -22.455655 6.563753
11.737339 -21.265713 4.869520
11.763218 -20.476893 3.051301
11.796279 -20.055997 1.056788
31.524011 -26.098765 -9.207625
31.535340 -24.346843 -8.248747
31.489123 -22.800040 -6.939783
31.513037 -21.526364 -5.310131
31.484689 -20.634081 -3.504221
31.491213 -20.111839 -1.491398
31.531831 -20.011126 0.471579
31.509189 -20.314256 2.487239
31.515799 -21.001443 4.361877
31.504222 -22.036845 6.048814
31.532262 -23.453381 7.559218
31.478742 -25.102283 8.718507
31.481398 -26.924700 9.515384
31.498975 -28.976841 9.947520
31.526040 -30.932838 9.956396
31.498136 -32.912893 9.566350
31.486208 -34.829237 8.756625
31.528955 -36.481296 7.615301
31.500694 -37.845093 6.201170
31.504694 -38.964584 4.431280
31.524377 -39.661164 2.581069
31.496196 -39.984110 0.563512
31.523204 -39.901278 -1.401675
31.482806 -39.419889 -3.356439
31.506057 -38.533079 -5.214074
31.529679 -37.276794 -6.859174
31.517264 -35.791770 -8.152018
31.513230 -33.966979 -9.179492
31.526173 -32.105792 -9.775768
31.504979 -30.086461 -9.999626
13.563247 -20.000436 0.093404
13.577602 -20.772602 -3.854234
13.565676 -21.775532 -5.688420
13.565602 -23.078280 -7.217326
13.538609 -24.666622 -8.459023
13.603853 -26.482111 -9.360794
13.531543 -28.503235 -9.887350
13.518752 -30.516702 -9.986642
13.517687 -32.474890 -9.688907
13.534946 -34.370949 -8.994154
13.581878 -36.076706 -7.941892
13.564992 -37.567329 -6.537242
13.595688 -38.712780 -4.907899
13.562787 -39.524008 -3.048486
13.609076 -39.941546 -1.079657
13.566392 -39.953148 0.966869
13.576324 -39.559402 2.935615
13.524731 -38.776938 4.792218
13.532786 -37.626591 6.468007
13.515906 -36.201201 7.845069
13.540834 -34.485330 8.937663
13.611371 -32.617100 9.651466
13.613599 -30.589774 9.982593
13.579838 -28.579097 9.898537
13.553159 -26.600344 9.404379
13.576975 -24.782191 8.530795
13.551710 -23.180173 7.313683
13.566302 -21.841006 5.781938
13.532170 -20.847335 4.028489
13.517234 -20.219563 2.083997
31.515415 -27.999328 -9.797822
13.541551 -20.189188 -1.935967
29.792468 -25.200772 -8.773107
29.746690 -23.538061 -7.631733
29.732241 -22.146819 -6.190925
29.750482 -21.033566 -4.427535
29.739013 -20.328906 -2.543609
29.762123 -20.015229 -0.551680
29.744957 -20.108321 1.467885
29.791310 -20.596640 3.402474
29.771635 -21.486268 5.245604
29.737689 -22.695238 6.829381
29.739293 -24.211075 8.154039
29.786536 -25.976291 9.154767
29.763786 -27.920597 9.781415
29.780124 -29.913916 9.999629
29.755972 -31.933931 9.811214
29.768280 -33.852633 9.228067
29.749219 -35.650608 8.250493
29.767481 -37.173405 6.967228
29.742057 -38.430927 5.377683
29.788412 -39.341609 3.568521
29.799020 -39.871116 1.600332
29.773519 -39.992505 -0.387105
29.734831 -39.711502 -2.384686
29.741755 -39.041026 -4.273155
29.757515 -38.007350 -5.990188
29.797071 -36.588608 -7.522649
29.809109 -34.936685 -8.696502
29.766289 -33.076528 -9.514987
29.753188 -31.139420 -9.934874
15.270739 -22.381279 -6.477275
15.292623 -23.821675 -7.863097
15.275459 -25.544624 -8.952632
15.317420 -27.424301 -9.662597
15.333793 -29.495598 -9.987271
15.324675 -31.479517 -9.889946
15.335587 -33.410373 -9.400498
15.296333 -35.251099 -8.510344
15.333609 -36.840383 -7.294461
15.335120 -38.166254 -5.771681
15.338242 -39.147318 -4.040615
15.302250 -39.775544 -2.106832
15.317349 -39.999613 -0.087939
15.300330 -39.811714 1.931389
15.293927 -39.229121 3.850107
15.318677 -38.263156 5.632073
15.290578 -36.983451 7.157613
15.352480 -35.415310 8.406808
15.351326 -33.563316 9.343595
15.338637 -31.662140 9.860897
15.303328 -29.647400 9.993782
15.342465 -27.635311 9.716391
15.319953 -25.700574 9.028562
15.341707 -23.985276 7.988936
15.337968 -22.509245 6.624846
15.319919 -21.319701 4.965120
15.327175 -20.499118 3.119816
29.762248 -29.063535 -9.956055
15.301221 -20.065298 1.140922
15.268394 -20.433244 -2.911559
15.255102 -20.039661 -0.889751
15.312079 -21.204383 -4.757849
29.803073 -27.089110 -9.566960
17.054385 -21.711848 -5.595225
17.026794 -23.045816 -7.186051
28.002563 -22.827981 -6.968654
27.938794 -21.556617 -5.358104
27.960574 -20.652829 -3.553927
27.972954 -20.127297 -1.590515
27.981602 -20.010421 0.456413
27.987966 -20.292107 2.399334
27.998571 -20.999139 4.357121
27.993716 -22.034546 6.045787
27.982366 -23.425053 7.534591
27.944627 -25.023990 8.674061
27.951720 -26.900496 9.507527
27.999788 -28.840102 9.932504
28.038223 -30.938716 9.955843
28.008596 -32.865887 9.580537
27.968959 -34.791913 8.777105
27.992938 -36.399724 7.683979
27.984737 -37.841477 6.205742
27.962254 -38.899369 4.560837
27.993037 -39.642524 2.649856
27.991112 -39.979394 0.641628
27.996453 -39.903030 -1.389246
27.982658 -39.440772 -3.297244
27.971082 -38.590144 -5.119515
27.942756 -37.361760 -6.767902
27.964035 -35.838452 -8.118650
27.963003 -34.043217 -9.146168
27.979043 -32.172762 -9.761102
17.073612 -20.177864 -1.877668
28.000560 -26.138774 -9.224475
16.986358 -24.623298 -8.431553
16.983100 -26.481351 -9.360508
17.018066 -28.414100 -9.873445
17.060960 -30.466823 -9.989098
17.077856 -32.410239 -9.705192
17.096609 -34.308756 -9.024113
17.071390 -36.078614 -7.940432
17.079880 -37.525633 -6.585200
17.093723 -38.679434 -4.966631
17.059070 -39.490110 -3.152429
17.085433 -39.938892 -1.103826
17.074958 -39.963124 0.857996
17.093330 -39.579720 2.868618
17.085164 -38.801178 4.747554
17.099524 -37.691053 6.391221
17.073877 -36.231290 7.821191
17.108565 -34.524622 8.917836
17.114672 -32.673916 9.635879
17.112859 -30.732335 9.973148
17.105370 -28.650416 9.908513
17.112007 -26.730483 9.450411
17.088481 -24.840950 8.566458
17.067134 -23.257401 7.384941
17.100888 -21.893301 5.855034
17.064998 -20.892645 4.129902
27.982767 -30.142373 -9.998986
17.036374 -20.238357 2.170329
28.013589 -28.100003 -9.817842
17.059624 -20.776603 -3.863799
17.060202 -20.001836 0.191615
28.030319 -24.358371 -8.256635
26.185141 -21.083413 -4.527082
26.141318 -20.348789 -2.618040
26.143492 -20.018080 -0.601063
26.139762 -20.097889 1.395779
26.125028 -20.579126 3.353676
26.166118 -21.465412 5.211604
26.156871 -22.692910 6.826890
26.141220 -24.191053 8.139787
26.114634 -25.923544 9.131402
26.142912 -27.828945 9.761481
26.084970 -29.864514 9.999082
26.110794 -31.881690 9.821367
26.117935 -33.813805 9.244182
26.171103 -35.582941 8.296431
26.144680 -37.130002 7.011639
26.138791 -38.393239 5.436317
26.124532 -39.311227 3.647061
26.125446 -39.854592 1.699122
26.144733 -39.995021 -0.315535
26.148739 -39.725031 -2.328897
26.137874 -39.071868 -4.207280
26.108821 -38.031906 -5.957221
26.121160 -36.693994 -7.429027
26.108580 -34.998083 -8.661361
26.119472 -33.177563 -9.481724
26.317006 -25.261967 -8.806307
18.854560 -20.033959 -0.823425
18.799897 -22.334544 -6.421898
18.693387 -25.472204 -8.916225
18.705962 -27.367562 -9.647293
18.803531 -29.431795 -9.983844
18.820939 -31.415484 -9.899313
18.862348 -33.344348 -9.424189
18.883549 -35.169136 -8.560376
18.840767 -36.805843 -7.326698
18.848738 -38.123256 -5.832041
18.850870 -39.108026 -4.128420
18.866822 -39.764400 -2.157890
18.837930 -39.999189 -0.127370
18.871812 -39.825205 1.861542
18.881884 -39.254888 3.787749
18.869386 -38.307010 5.567188
18.899414 -37.038719 7.103269
18.874436 -35.447155 8.386209
18.854245 -33.661305 9.305635
18.878146 -31.744679 9.846629
18.912152 -29.746896 9.996796
18.891631 -27.722690 9.737241
18.889554 -25.799174 9.074859
18.850488 -24.081901 8.060776
18.871284 -22.566606 6.689144
18.819655 -21.375981 5.062243
26.134498 -31.201256 -9.927587
18.824645 -20.538394 3.236976
26.242654 -23.605907 -7.688665
18.813906 -20.072535 1.202262
18.821854 -20.417911 -2.860694
18.705314 -23.780016 -7.830185
26.273293 -27.125536 -9.577967
26.170970 -22.169192 -6.219200
26.175365 -29.155246 -9.964256
18.808410 -21.173044 -4.699451
24.385535 -20.687632 -3.644147
24.345253 -20.138521 -1.658683
24.349601 -20.007042 0.375225
24.336338 -20.279977 2.349715
24.398022 -20.952659 4.259767
24.405539 -22.030386 6.040302
24.386565 -23.407348 7.519105
24.373435 -25.011223 8.666724
24.373799 -26.814292 9.478991
24.360613 -28.856516 9.934407
24.350641 -30.832165 9.965315
24.342089 -32.797504 9.600728
24.365490 -34.691384 8.831247
24.368510 -36.388913 7.692971
24.397975 -37.799527 6.258385
24.331482 -38.876306 4.605561
24.359870 -39.623152 2.719364
24.372884 -39.974458 0.714275
24.355600 -39.917413 -1.282540
24.388947 -39.462608 -3.234045
24.361815 -38.607025 -5.091082
24.345468 -37.444697 -6.676563
24.295777 -35.898285 -8.075286
24.321748 -34.136571 -9.104328
20.692736 -20.002957 0.243152
20.351900 -24.578917 -8.403086
24.392535 -22.912270 -7.054367
20.652181 -20.736590 -3.766859
20.673720 -28.282114 -9.851338
20.665118 -30.290836 -9.995770
20.637146 -32.364893 -9.716341
20.659830 -34.237701 -9.057698
20.626317 -35.964344 -8.026618
20.664174 -37.497600 -6.617098
20.673534 -38.649953 -5.017800
20.669700 -39.475514 -3.196034
20.665098 -39.924528 -1.226269
20.695241 -39.964031 0.847396
20.685398 -39.594638 2.818320
20.663182 -38.860404 4.636080
20.653277 -37.728773 6.345554
20.638660 -36.304515 7.762287
20.611149 -34.614139 8.871850
20.662956 -32.754330 9.613203
20.650915 -30.799615 9.967980
20.627224 -28.774112 9.924575
20.655961 -26.771955 9.464657
20.683144 -24.962383 8.638427
20.690893 -23.331893 7.452271
20.653633 -21.986544 5.982016
24.301102 -32.258245 -9.741680
20.635383 -20.913811 4.176263
20.680088 -20.255353 2.245406
24.375568 -21.645404 -5.495518
20.648708 -21.679059 -5.546345
20.689237 -20.153355 -1.744589
20.536360 -23.034244 -7.174834
20.415303 -26.387156 -9.324557
24.606287 -26.234139 -9.263816
24.612682 -24.432554 -8.306837
24.309317 -30.226562 -9.997433
24.337172 -28.132901 -9.824151
22.488815 -20.086350 1.311315
22.481324 -20.025080 -0.707789
22.487648 -21.424272 5.143626
22.487065 -22.664403 6.796251
22.510250 -24.145709 8.107236
22.540044 -25.880831 9.112214
22.530950 -27.787170 9.752096
22.523252 -29.840594 9.998729
22.495787 -31.823633 9.832312
22.494464 -33.684160 9.296610
22.487096 -35.547125 8.320421
22.477087 -37.084142 7.057969
22.515674 -38.372831 5.467696
22.505399 -39.288348 3.704943
22.509085 -39.840407 1.779436
22.558907 -39.997463 -0.225261
22.568971 -39.748556 -2.228377
22.513655 -39.085069 -4.178698
22.495391 -38.076670 -5.896388
22.497930 -36.740348 -7.386996
22.503324 -35.087583 -8.609094
22.529766 -23.869083 -7.900118
22.473022 -20.364871 -2.676620
22.501624 -31.258963 -9.920434
22.485044 -33.258505 -9.454213
22.505777 -20.536191 3.230530
22.510958 -27.062946 -9.558960
22.442512 -21.150786 -4.657403
22.553673 -22.287920 -6.365832
21.735163 -25.441963 -8.900803
22.479942 -29.208197 -9.968603
23.290825 -25.354272 -8.855349
-40.000000 -1.471544 12.594165
-40.000000 -3.924869 11.387598
-40.000000 -7.026583 9.778711
-40.000000 -9.652632 7.635699
-40.000000 -10.835758 4.946030
-40.000000 -12.391612 2.025777
-40.000000 -11.632964 -1.205737
-40.000000 -10.807108 -4.446118
-40.000000 -9.921531 -7.639713
-40.000000 -6.988589 -9.369088
-40.000000 -4.128420 -10.902189
-40.000000 -1.084706 -12.469424
-40.000000 1.944960 -11.801258
-40.000000 4.800805 -11.440739
-40.000000 6.932961 -9.448135
-40.000000 9.520500 -7.083672
-40.000000 11.433215 -4.402033
-40.000000 11.761510 -1.356560
-40.000000 12.337104 1.766392
-40.000000 10.537107 4.521455
-40.000000 8.873772 7.427360
-40.000000 7.158227 10.264266
-40.000000 4.257049 11.082191
-40.000000 1.319511 11.956674
-40.000000 -3.985363 7.724346
-40.000000 -6.880078 5.328992
-40.000000 -9.089933 1.692574
-40.000000 -7.191914 -5.497817
-40.000000 -3.614467 -7.048759
-40.000000 -0.386839 -9.147154
-40.000000 3.146735 -8.487005
-40.000000 5.565414 -5.434152
-40.000000 8.439779 -2.932915
-40.000000 8.977566 0.922902
-40.000000 6.666997 4.024282
-40.000000 5.317864 7.478653
-40.000000 -1.183020 9.761398
-40.000000 -7.931276 -1.894746
-40.000000 2.077264 8.471968
-40.000000 4.614277 -0.405701
-40.000000 -3.908871 -2.915048
-40.000000 -5.196127 1.048801
-40.000000 0.752865 -4.802852
-40.000000 2.334379 4.113709
-40.000000 -0.695915 6.673241
-40.000000 -2.639750 3.956544
-40.000000 -0.488463 0.237936
165.000000 -12.086007 -0.546579
165.000000 -11.395756 -6.139692
165.000000 -7.755724 -9.919691
165.000000 -3.525191 -11.813695
165.000000 1.920910 -11.887822
165.000000 6.906710 -11.060267
165.000000 10.243520 -7.073545
165.000000 12.903184 -2.654754
165.000000 12.175968 2.417393
165.000000 10.672246 7.389693
165.000000 6.321840 10.307926
165.000000 1.767409 11.951380
165.000000 -3.384262 12.398508
165.000000 -7.877918 9.518668
165.000000 -11.004430 5.567477
165.000000 -12.379070 2.713537
165.000000 -11.810104 -3.543424
165.000000 -9.727456 -7.891515
165.000000 -5.894540 -11.538799
165.000000 -0.872875 -12.012627
165.000000 4.503908 -11.524103
165.000000 8.547062 -9.248586
165.000000 11.656212 -4.849999
165.000000 12.669025 -0.275568
165.000000 11.403539 5.104567
165.000000 8.550057 8.801025
165.000000 4.335786 11.801569
165.000000 -0.807947 12.158967
165.000000 -5.565370 11.044722
165.000000 -9.955995 8.107452
165.000000 -9.132729 -1.628738
165.000000 -5.129784 -9.122936
165.000000 2.951096 -8.876922
165.000000 5.617131 -8.842270
165.000000 8.906370 -4.495664
165.000000 10.601512 -2.259524
165.000000 9.203905 3.210314
165.000000 8.588327 5.919805
165.000000 3.141251 8.711367
165.000000 -0.075442 8.968345
165.000000 -2.870430 9.589851
165.000000 -5.358979 7.591358
165.000000 -8.086493 6.091738
165.000000 -7.117974 -6.758542
165.000000 -9.199177 -4.811591
165.000000 -9.159842 2.445545
165.000000 -2.484500 -8.902108
165.000000 0.255714 -8.867085
165.000000 9.951110 0.465264
165.000000 7.247698 -6.623763
165.000000 5.972955 7.181597
165.000000 -6.594698 -3.478303
165.000000 0.313653 5.415218
165.000000 4.232252 -6.095678
165.000000 8.012573 -1.778730
165.000000 6.319121 4.046397
165.000000 -2.665381 6.190110
165.000000 -5.550324 4.011471
165.000000 -6.060738 0.255847
165.000000 1.391895 -5.634523
165.000000 7.171848 1.164629
165.000000 5.990626 -3.954390
165.000000 3.348866 4.818942
165.000000 -1.473864 -5.623578
165.000000 -4.325281 -5.967755
165.000000 -0.384562 -2.073819
165.000000 -2.487992 1.925435
165.000000 3.990892 1.418481
165.000000 -3.530709 -2.398554
165.000000 2.792568 -2.403846
165.000000 5.346788 -1.175561
165.000000 1.017934 1.577752

10722
1 33 881
34 35 882
36 37 883
38 39 884
40 41 885
41 42 886
885 41 886
42 43 886
43 44 887
45 46 888
46 47 889
888 46 889
47 48 889
48 49 890
50 51 891
52 53 892
54 5 893
55 1 894
56 55 895
55 894 895
2 56 896
56 895 896
84 2 897
85 84 898
84 897 898
86 85 899
85 898 899
87 86 900
86 899 900
89 88 901
90 89 902
89 901 902
91 90 903
90 902 903
92 91 904
91 903 904
93 92 904
94 93 905
95 94 906
94 905 906
96 95 907
95 906 907
97 96 907
98 97 908
97 907 908
99 98 909
100 99 909
98 908 909
101 100 910
102 101 911
101 910 911
103 102 912
102 911 912
104 103 912
105 104 913
106 105 914
105 913 914
107 106 915
106 914 915
108 107 915
109 108 916
108 915 916
111 110 917
112 111 918
111 917 918
113 112 919
112 918 919
114 113 920
113 919 920
115 114 921
114 920 921
5 417 922
418 7 923
634 633 924
635 634 925
636 635 926
637 636 927
638 637 928
639 638 929
640 639 930
641 640 931
640 930 931
642 641 932
643 642 933
644 643 934
645 644 935
644 934 935
646 645 936
647 646 937
648 647 938
649 648 939
650 649 940
651 650 941
650 940 941
652 651 942
653 652 943
654 653 944
655 654 945
656 655 946
657 656 947
658 657 948
659 658 949
660 659 950
661 660 951
662 661 952
663 662 953
633 663 954
33 34 955
35 36 956
37 38 957
39 40 958
43 887 886
44 45 959
48 890 889
49 50 960
51 52 961
53 54 962
2 896 897
93 904 905
88 87 963
109 916 964
88 963 901
100 909 910
104 912 913
917 110 964
110 109 964
5 922 893
922 417 965
417 418 965
7 115 966
418 923 965
634 924 925
635 925 926
636 926 927
637 927 928
638 928 929
639 929 930
642 932 933
641 931 932
643 933 934
646 936 937
645 935 936
647 937 938
648 938 939
649 939 940
652 942 943
651 941 942
653 943 944
654 944 945
655 945 946
656 946 947
657 947 948
658 948 949
659 949 950
660 950 951
661 951 952
662 952 953
663 953 954
633 954 924
33 955 881
1 881 894
882 35 956
883 37 957
884 39 958
887 44 959
49 960 890
892 53 962
955 34 882
956 36 883
957 38 884
958 40 885
961 52 892
962 54 893
959 45 888
960 50 891
51 961 891
956 883 967
883 957 967
957 884 968
884 958 969
968 884 969
958 885 969
887 959 970
961 892 971
886 887 972
885 886 972
960 891 973
889 890 974
888 889 975
889 974 975
891 961 976
973 891 976
961 971 976
962 893 977
955 882 978
959 888 970
897 896 979
964 916 980
896 895 981
899 898 982
900 899 983
899 982 983
910 909 984
901 963 985
903 902 986
904 903 987
903 986 987
906 905 952
907 906 950
923 7 966
950 949 907
911 910 988
913 912 943
893 922 989
914 913 941
917 964 990
941 940 914
918 917 990
916 915 939
925 924 991
919 918 992
918 990 992
920 919 993
919 992 993
965 923 994
934 933 995
938 937 980
894 881 996
890 960 997
960 973 997
922 965 998
965 994 998
882 956 999
978 882 999
956 967 999
895 894 1000
981 895 1000
894 996 1000
898 897 1001
982 898 1001
897 979 1001
902 901 1002
986 902 1002
901 985 1002
881 955 1003
996 881 1003
955 978 1003
926 925 1004
927 926 1005
928 927 1006
929 928 1007
930 929 1008
929 1007 1008
931 930 1009
932 931 1010
937 936 992
935 934 1011
939 938 980
945 944 1012
946 945 988
947 946 984
948 947 1013
954 953 1014
923 966 1015
916 939 980
967 957 968
971 892 1016
892 962 1016
887 970 972
962 977 1016
922 998 989
885 972 1017
977 893 989
888 975 970
969 885 1017
926 1004 1005
979 896 981
964 980 990
963 87 900
910 984 988
905 904 1018
900 983 963
906 952 951
952 905 1018
943 912 1019
909 908 1013
920 993 1020
912 911 1019
925 991 1004
994 923 1015
921 920 1020
934 995 1011
945 1012 988
944 943 1019
1013 947 984
984 946 988
944 1019 1012
995 933 1021
933 932 1021
963 983 985
1013 908 948
909 1013 984
1021 932 1010
890 997 974
941 913 942
950 906 951
948 908 949
1010 931 1009
1007 928 1022
928 1006 1022
1006 927 1005
930 1008 1009
936 935 1023
1023 935 1011
953 952 1018
921 1020 1024
924 954 1025
921 1024 1015
924 1025 991
989 998 1026
968 969 1027
969 1017 1027
1017 972 1028
977 989 1029
989 1026 1029
972 970 1028
1016 977 1030
977 1029 1030
971 1016 1031
1016 1030 1031
1020 993 1023
1021 1010 1032
911 988 1012
1011 995 1033
913 943 942
115 921 966
939 915 940
966 921 1015
1020 1023 1034
1024 1020 1034
1023 1011 1034
997 973 1035
994 1015 1036
1015 1024 1036
980 937 990
1005 1004 1037
998 994 1038
1026 998 1038
994 1036 1038
1008 1007 1039
979 981 1040
1009 1008 1041
1006 1005 1042
1025 954 1014
974 997 1043
997 1035 1043
937 992 990
995 1021 1044
1010 1009 1045
991 1025 986
983 982 1046
967 968 1047
975 974 1043
968 1027 1047
1036 1024 1034
971 1031 976
1032 1010 1045
973 976 1048
1035 973 1048
976 1031 1048
981 1000 1049
1028 1058 1017
1005 1037 1042
1021 1032 1044
911 1012 1019
996 1003 1050
1004 991 1002
1033 995 1051
995 1044 1051
970 975 1052
915 914 940
1028 970 1052
908 907 949
981 1049 1040
1014 953 1018
1011 1033 1034
992 936 1023
1008 1039 1041
987 986 1025
1052 975 1053
975 1043 1053
979 1040 1054
1009 1041 1045
1025 1014 987
985 983 1046
1046 982 1054
991 986 1002
1030 1029 1055
1031 1030 1056
1032 1045 1057
1027 1017 1058
1000 996 1059
996 1050 1059
1050 1003 1060
1003 978 1060
1004 1002 985
1014 1018 987
1054 1040 1061
1050 1060 1062
1036 1034 1033
978 999 1063
1028 1052 1064
1058 1028 1064
1052 1053 1064
1060 978 1063
1063 999 1065
999 967 1065
1004 985 1037
1065 967 1047
1065 1047 1066
1045 1041 1067
1006 1042 1068
1007 1022 1069
1041 1039 1070
1060 1063 1062
1044 1032 1071
1047 1027 1072
1066 1047 1072
1027 1058 1072
1040 1049 1073
1049 1000 1059
1039 1007 1069
1001 979 1054
1006 1068 1022
1022 1068 1061
1055 1029 1074
1029 1026 1074
1048 1031 1056
1040 1073 1061
1039 1069 1075
904 987 1018
1030 1055 1056
1039 1075 1070
1050 1062 1075
1036 1033 1076
982 1001 1054
1045 1067 1057
1053 1043 1077
1043 1035 1077
1061 1068 1054
1042 1037 1046
1022 1061 1069
1054 1068 1042
1075 1069 1073
1076 1033 1051
1077 1035 1078
1035 1048 1078
1063 1065 1066
1032 1057 1071
1079 1071 1057
1063 1066 1062
1074 1026 1076
1073 1049 1080
1023 993 992
1044 1071 1081
1075 1062 1070
1081 1071 1082
1051 1044 1081
1026 1038 1076
1067 1041 1083
1048 1056 1078
1037 985 1046
1054 1042 1046
1041 1070 1083
1057 1067 1084
1080 1049 1059
1070 1062 1066
1064 1053 1085
1085 1053 1077
1082 1071 1079
1075 1073 1080
1058 1064 1086
1051 1081 1055
1050 1075 1080
1072 1058 1086
1073 1069 1061
1056 1055 1081
1076 1051 1074
1059 1050 1080
1067 1083 1087
1066 1072 1087
1081 1082 1056
1070 1066 1083
1055 1074 1051
1083 1066 1087
1085 1077 1079
1067 1087 1084
1056 1082 1078
1064 1085 1086
1084 1087 1086
1077 1078 1079
1036 1076 1038
1079 1084 1085
1057 1084 1079
1087 1072 1086
1078 1082 1079
1086 1085 1084
33 1 57
34 33 1088
35 34 1089
34 1088 1089
36 35 1090
35 1089 1090
37 36 1091
36 1090 1091
38 37 1092
37 1091 1092
40 39 1093
41 40 1094
40 1093 1094
42 41 1095
41 1094 1095
43 42 1096
42 1095 1096
44 43 1097
43 1096 1097
45 44 1098
44 1097 1098
46 45 1099
45 1098 1099
47 46 1100
46 1099 1100
48 47 1101
47 1100 1101
49 48 1102
48 1101 1102
50 49 1103
49 1102 1103
51 50 1104
50 1103 1104
52 51 1105
51 1104 1105
53 52 1106
52 1105 1106
5 54 424
58 59 1107
60 61 1108
61 3 126
127 128 1109
129 130 1110
131 132 1111
133 134 1112
135 136 1113
136 137 1096
138 139 1114
140 141 1115
141 142 1101
143 144 1116
145 146 1117
147 148 1118
148 8 428
425 424 1119
426 425 1120
425 1119 1120
427 426 1121
426 1120 1121
429 6 454
430 429 1122
431 430 1123
430 1122 1123
432 431 1124
431 1123 1124
433 432 1125
432 1124 1125
434 433 1126
433 1125 1126
436 435 1149
437 436 1127
436 1149 1127
438 437 1128
437 1127 1128
439 438 1129
438 1128 1129
440 439 1130
439 1129 1130
441 440 1131
440 1130 1131
442 441 1132
441 1131 1132
443 442 1133
442 1132 1133
444 443 1134
443 1133 1134
445 444 1135
444 1134 1135
446 445 1136
445 1135 1136
447 446 1137
446 1136 1137
448 447 1138
447 1137 1138
449 448 1139
448 1138 1139
450 449 1140
449 1139 1140
1154 526 451
454 455 1141
456 457 1142
498 15 530
499 498 1143
500 499 1144
1179 1144 1143
501 500 1145
500 1144 1145
502 501 1146
501 1145 1146
503 502 1147
502 1146 1147
505 504 1148
506 505 1134
507 506 1133
508 507 1132
509 508 1131
510 509 1130
511 510 1129
512 511 1128
513 512 1127
1149 1150 514
516 515 1150
515 514 1150
517 516 1151
516 1150 1151
518 517 1152
517 1151 1152
519 518 1153
518 1152 1153
527 526 1154
528 527 1155
527 1154 1155
529 528 1156
528 1155 1156
13 451 526
424 54 1119
39 38 1157
54 53 1119
1107 59 1158
59 60 1158
57 58 1159
60 1108 1158
61 126 1108
1109 128 1160
128 129 1160
126 127 1108
129 1110 1160
1108 127 1109
130 131 1161
132 133 1162
134 135 1163
137 138 1164
139 140 1165
142 143 1166
144 145 1167
146 147 1168
148 428 1118
39 1157 1093
58 1107 1159
429 454 1122
428 427 1118
427 1121 1118
450 1140 1169
1170 1149 435
435 434 1170
1166 143 1116
451 450 1169
1141 455 1171
456 1142 1171
455 456 1171
498 530 1143
457 10 1172
457 1172 1142
504 503 1173
513 1127 1149
514 513 1149
10 520 1172
1167 145 1117
530 529 1143
33 57 1159
1110 130 1161
1111 132 1162
1112 134 1163
1114 139 1165
1116 144 1167
1117 146 1168
1133 506 1134
1132 507 1133
1128 511 1129
1127 512 1128
1168 147 1118
1119 53 1106
1165 140 1115
1164 138 1114
1163 135 1113
1162 133 1112
1161 131 1111
1143 529 1156
504 1173 1148
1157 38 1092
1090 1089 1174
1091 1090 1175
1090 1174 1175
1092 1091 1176
1091 1175 1176
1165 1115 1100
1095 1094 1163
1099 1098 1114
1100 1099 1165
1101 1100 1115
1104 1103 1116
1105 1104 1167
1109 1160 1177
1122 454 1141
1108 1109 1178
1158 1108 1178
1109 1177 1178
1111 1162 1157
1114 1098 1164
1143 1156 1179
499 1143 1144
1156 1155 1179
1112 1163 1094
1161 1111 1176
1114 1165 1099
1162 1112 1093
1164 1097 137
136 1096 1113
1163 1113 1095
1116 1167 1104
1102 1101 1166
141 1101 1115
1123 1122 1180
1122 1141 1180
1170 434 1126
1169 1140 1181
1141 1171 1180
1124 1123 1182
1123 1180 1182
1126 1125 1183
1166 1116 1103
1171 1142 1184
1130 1129 510
1136 1135 1148
1137 1136 1173
1139 1138 1185
1140 1139 1186
1139 1185 1186
1173 503 1147
505 1148 1134
1145 1144 1186
1146 1145 1186
1147 1146 1185
1176 1111 1092
1136 1148 1173
1142 1172 1153
1142 1153 1184
1151 1150 1183
1153 1152 1187
1107 1158 1178
520 519 1172
519 1153 1172
1162 1093 1157
1093 1112 1094
1105 1167 1188
1106 1105 1188
1167 1117 1188
1157 1092 1111
1170 1126 1183
1095 1113 1096
1131 508 1132
1130 509 1131
1150 1149 1170
1150 1170 1183
1088 33 1159
142 1166 1101
1159 1107 1189
1096 137 1097
1098 1097 1164
1171 1184 1180
1103 1102 1166
1160 1110 1190
1110 1161 1191
1177 1160 1190
1179 1155 1181
1179 1181 1144
451 1169 1154
1168 1193 1117
1119 1106 1192
1118 1121 1193
1121 1120 1192
5362 5359 5361
1183 1125 1194
1125 1124 1194
1151 1183 1194
1168 1118 1193
1173 1147 1195
1138 1137 1195
1190 1110 1191
1154 1169 1155
1155 1169 1181
1189 1107 1178
1193 1121 1192
1192 1106 1188
1173 1195 1137
1151 1194 1152
1152 1194 1187
1138 1195 1185
1146 1186 1185
1184 1153 1187
1088 1159 1189
1088 1189 1089
1120 1119 1192
5359 5363 5361
1147 1185 1195
1089 1189 1174
1174 1189 1177
1177 1190 1174
1187 1182 1184
1178 1177 1189
1181 1140 1186
1180 1184 1182
1135 1134 1148
1175 1174 1190
1188 1117 1193
1193 1192 1188
1175 1190 1191
1124 1182 1194
1191 1161 1176
1186 1144 1181
1194 1182 1187
1176 1175 1191
1 55 57
55 56 1196
56 2 118
1196 56 118
5361 5353 5362
59 58 1197
60 59 1198
59 1197 1198
61 60 1204
60 1198 1204
3 61 122
118 119 1197
119 120 1198
121 1204 120
121 4 123
6 452 454
452 453 1199
453 9 564
456 455 1200
565 566 1200
567 568 1202
568 12 569
569 570 1201
57 55 1196
454 452 1199
453 564 1199
58 57 1196
122 61 1204
1198 120 1204
1197 119 1198
1200 566 1202
456 1200 1202
566 567 1202
58 1196 1197
1199 564 565
455 454 1203
457 456 1202
10 457 1201
455 1203 1200
5357 5361 5363
568 569 1201
1202 568 1201
454 1199 1203
121 123 1204
123 122 1204
5357 5351 5361
565 1200 1203
570 10 1201
1199 565 1203
1196 118 1197
457 1202 1201
5358 5357 5363
5358 5360 5357
5344 5358 5363
62 32 1205
63 62 1206
62 1205 1206
64 63 1207
63 1206 1207
65 64 1208
64 1207 1208
66 65 1209
65 1208 1209
68 67 1210
69 68 1211
68 1210 1211
70 69 1212
69 1211 1212
71 70 1212
72 71 1213
71 1212 1213
73 72 1214
72 1213 1214
74 73 1215
73 1214 1215
75 74 1216
74 1215 1216
76 75 1216
77 76 1217
76 1216 1217
78 77 1218
79 78 1218
77 1217 1218
80 79 1219
81 80 1220
80 1219 1220
82 81 1221
81 1220 1221
83 82 1222
82 1221 1222
124 31 1223
125 124 1224
124 1223 1224
32 125 1225
125 1224 1225
153 28 1226
154 153 1227
153 1226 1227
26 154 1228
154 1227 1228
31 186 1229
187 188 1230
189 190 1231
191 192 1232
193 194 1233
195 196 1234
197 198 1395
199 200 1235
201 202 1236
203 204 1237
205 206 1238
207 208 1239
209 210 1240
211 212 1241
213 214 1242
215 216 1243
217 26 1244
757 758 1245
758 759 1246
759 760 1247
761 762 1248
762 763 1249
763 764 1250
764 765 1251
765 766 1252
766 767 1253
767 768 1254
768 769 1255
769 770 1256
770 771 1257
771 772 1258
772 773 1259
773 774 1260
774 775 1261
775 776 1262
776 777 1263
777 778 1264
778 779 1265
779 780 1266
780 781 1267
781 782 1268
782 783 1269
783 784 1270
784 785 1271
785 786 1272
786 787 1273
787 757 1274
79 1218 1219
67 66 1275
32 1225 1205
67 1275 1210
1223 31 1229
28 83 1276
26 1228 1244
28 1276 1226
1277 1226 1276
186 187 1278
188 189 1279
190 191 1280
192 193 1281
194 195 1282
196 197 1283
198 199 1284
200 201 1285
202 203 1286
204 205 1287
206 207 1288
208 209 1289
210 211 1290
212 213 1291
214 215 1292
216 217 1293
757 1245 1274
758 1246 1245
759 1247 1246
760 761 1294
762 1249 1248
763 1250 1249
764 1251 1250
765 1252 1251
766 1253 1252
767 1254 1253
768 1255 1254
769 1256 1255
770 1257 1256
771 1258 1257
772 1259 1258
773 1260 1259
774 1261 1260
775 1262 1261
776 1263 1262
777 1264 1263
778 1265 1264
779 1266 1265
780 1267 1266
781 1268 1267
782 1269 1268
783 1270 1269
784 1271 1270
785 1272 1271
786 1273 1272
787 1274 1273
1230 188 1279
1231 190 1280
1232 192 1281
1233 194 1282
1234 196 1283
1395 198 1284
1235 200 1285
1236 202 1286
1237 204 1287
1238 206 1288
1239 208 1289
1240 210 1290
1241 212 1291
1242 214 1292
1243 216 1293
760 1294 1247
1281 193 1233
1282 195 1234
5359 5354 5363
1284 199 1235
1285 201 1236
1286 203 1237
1287 205 1238
1288 207 1239
1289 209 1240
1290 211 1241
1291 213 1242
1292 215 1243
1293 217 1244
1280 191 1232
1279 189 1231
1278 187 1230
186 1278 1229
1294 761 1248
1207 1206 1295
1208 1207 1296
1207 1295 1296
1209 1208 1297
1208 1296 1297
1223 1229 1298
1205 1225 1299
1212 1211 1300
1227 1226 1301
1213 1212 1302
1212 1300 1302
1214 1213 1302
1215 1214 1303
1214 1302 1303
1216 1215 1304
1215 1303 1304
1224 1223 1305
1217 1216 1304
1218 1217 1306
1220 1219 1307
1221 1220 1308
1220 1307 1308
1222 1221 1309
1221 1308 1309
1244 1228 1310
1225 1224 1311
1224 1305 1311
1228 1227 1312
1310 1228 1312
1227 1301 1312
1294 1248 1313
1231 1280 1314
1278 1230 1315
1232 1281 1316
1279 1231 1317
1231 1314 1317
1233 1282 1318
1282 1234 1318
1234 1283 1257
1395 1284 1255
1235 1285 1253
1236 1286 1319
1286 1237 1250
1287 1238 1313
1238 1288 1320
1313 1238 1320
1288 1239 1320
1239 1289 1321
1240 1352 1289
1240 1290 1274
1241 1291 1322
1242 1292 1323
1292 1243 1324
1293 1244 1325
1280 1232 1326
1314 1280 1326
1232 1316 1326
1210 1275 1327
1206 1205 1328
1295 1206 1328
1205 1299 1328
1211 1210 1329
1300 1211 1329
1210 1327 1329
1246 1247 1321
1281 1233 1330
1316 1281 1330
1233 1318 1330
1250 1251 1319
1251 1252 1319
1258 1259 1318
1259 1260 1330
1260 1261 1331
1262 1263 1332
1263 1264 1333
1264 1265 1334
1265 1266 1335
1266 1267 1336
1267 1268 1337
1268 1269 1338
1269 1270 1339
1270 1271 1340
1271 1272 1341
1272 1273 1342
1230 1279 1343
1279 1317 1343
1223 1298 1305
1298 1229 1344
1229 1278 1344
1218 1306 1307
1301 1226 1277
1294 1313 1320
1222 1309 1345
1244 1310 1325
83 1222 1276
1313 1248 1346
1287 1313 1346
1248 1249 1346
1287 1346 1237
1225 1311 1299
1222 1345 1276
1277 1276 1345
1278 1315 1344
1257 1258 1234
1257 1283 1256
1395 1255 1256
1235 1253 1347
1284 1235 1347
1236 1319 1252
1285 1236 1252
1286 1250 1319
1239 1321 1320
1274 1290 1348
1290 1241 1348
1291 1242 1349
1292 1324 1323
1243 1293 1350
1247 1294 1320
1219 1218 1307
1331 1261 1351
1261 1262 1351
1342 1273 1348
1341 1272 1342
1340 1271 1341
1339 1270 1340
1338 1269 1339
1337 1268 1338
1336 1267 1337
1335 1266 1336
1334 1265 1335
1333 1264 1334
1332 1263 1333
1324 1243 1350
1249 1250 1237
1291 1349 1322
1349 1242 1323
1350 1293 1325
1247 1320 1321
1348 1273 1274
1318 1259 1330
1253 1254 1347
1254 1255 1347
1318 1234 1258
1245 1246 1352
1253 1285 1252
1275 66 1209
1297 1296 1353
1307 1306 1354
1301 1277 1355
1277 1345 1355
1345 1309 1356
1303 1302 1357
1304 1303 1358
1303 1357 1358
1298 1344 1359
1217 1304 1360
1306 1217 1360
1325 1310 1361
1327 1275 1297
1351 1262 1332
1246 1321 1352
1305 1298 1362
1298 1359 1362
1299 1311 1363
1350 1325 1364
1325 1361 1364
1274 1245 1240
1209 1297 1275
1360 1304 1365
1304 1358 1365
1330 1260 1316
1260 1331 1316
1324 1350 1366
1350 1364 1366
1332 1333 1367
1333 1334 1368
1334 1335 1369
1335 1336 1370
1336 1337 1371
1337 1338 1372
1338 1339 1373
1339 1340 1374
1230 1343 1315
1249 1237 1346
1317 1314 1351
1311 1305 1375
1363 1311 1375
1305 1362 1375
1376 1357 1300
1302 1300 1357
1300 1329 1376
1240 1245 1352
1306 1360 1354
1327 1297 1353
1316 1331 1326
1353 1296 1377
1296 1295 1377
1354 1360 1365
1301 1355 1378
1356 1309 1379
1331 1351 1314
1359 1344 1380
1344 1315 1380
1361 1310 1381
1310 1312 1381
1309 1308 1379
1312 1301 1378
1349 1323 1382
1348 1241 1322
1323 1324 1383
1328 1299 1384
1299 1363 1384
1372 1338 1373
1329 1327 1385
1370 1336 1386
1336 1371 1386
1295 1328 1387
1377 1295 1387
1328 1384 1387
1369 1335 1370
1343 1317 1388
1345 1356 1355
1368 1334 1389
1334 1369 1389
1327 1353 1385
1349 1382 1322
1342 1348 1322
1367 1333 1368
1337 1372 1371
1315 1343 1380
1340 1341 1390
1380 1343 1388
1340 1390 1374
1382 1323 1383
1383 1324 1366
1390 1341 1383
1342 1322 1382
1255 1284 1347
1308 1307 1354
1308 1354 1379
1312 1378 1381
1378 1355 1391
1379 1354 1392
1356 1379 1393
1321 1289 1352
1331 1314 1326
1372 1373 1394
1317 1351 1388
1354 1365 1392
1351 1332 1388
1388 1332 1380
1380 1332 1367
1283 197 1395
1283 1395 1256
1383 1341 1382
1373 1339 1396
1369 1370 1397
1359 1380 1367
1355 1356 1398
1391 1355 1398
1356 1393 1398
1341 1342 1382
1373 1396 1391
1365 1358 1399
5354 5344 5363
1366 1364 1390
1371 1372 1400
1385 1353 1401
1329 1385 1376
1339 1374 1396
1401 1353 1377
1379 1392 1393
5355 5351 5357
1381 1378 1402
1378 1391 1402
1384 1363 1403
1362 1359 1404
1396 1374 1402
1373 1391 1398
1366 1390 1383
1397 1370 1405
1370 1386 1405
1401 1377 1406
1377 1387 1406
1359 1367 1404
1394 1373 1398
1399 1358 1407
1358 1357 1407
1390 1364 1374
1403 1363 1408
1396 1402 1391
1407 1357 1376
1408 1363 1375
1385 1401 1409
1375 1362 1410
1408 1375 1410
1362 1404 1410
1368 1389 1408
1385 1409 1376
1402 1374 1361
1394 1398 1393
1400 1372 1394
1368 1408 1410
1364 1361 1374
1399 1407 1405
1361 1381 1402
1367 1368 1404
1397 1411 1369
1410 1404 1368
1386 1371 1412
1400 1394 1393
1392 1365 1413
1393 1392 1400
1389 1369 1411
1365 1399 1413
1409 1401 1414
1371 1400 1412
1403 1408 1389
1413 1399 1412
1407 1376 1409
1413 1412 1400
1392 1413 1400
5352 5359 5362
1412 1399 1386
1407 1409 1405
1386 1399 1405
1384 1403 1415
1389 1411 1403
1401 1406 1414
1387 1384 1415
1406 1415 1411
1397 1405 1409
5353 5346 5362
1406 1387 1415
5346 5352 5362
1411 1397 1414
1403 1411 1415
1411 1414 1406
1397 1409 1414
32 62 149
62 63 1416
64 65 1417
66 67 1418
68 69 1419
70 71 1420
72 73 1421
74 75 1422
76 77 1423
78 79 1424
80 81 1425
82 83 1426
83 28 279
150 149 1427
151 150 1428
152 151 1429
151 1428 1429
27 218 251
218 219 1430
220 221 1431
222 223 1432
224 225 1433
226 227 1434
228 229 1435
230 231 1436
232 233 1437
234 235 1438
236 237 1439
238 239 1440
239 20 310
247 248 1441
249 250 1442
253 252 1443
254 253 1444
253 1443 1444
255 254 1445
254 1444 1445
256 255 1446
255 1445 1446
257 256 1447
256 1446 1447
259 258 1448
260 259 1449
259 1448 1449
261 260 1434
263 262 1450
264 263 1451
263 1450 1451
266 265 1452
267 266 1453
266 1452 1453
268 267 1454
267 1453 1454
269 268 1455
268 1454 1455
270 269 1456
269 1455 1456
271 270 1457
270 1456 1457
273 272 1458
273 1520 18
277 276 1459
278 277 1460
277 1459 1460
280 281 1461
282 283 1462
284 285 1463
286 287 1464
288 289 1465
289 290 1422
291 292 1466
293 294 1467
295 296 1468
297 298 1469
299 300 1470
301 302 1471
310 311 1472
312 313 1473
251 218 1430
63 64 1474
65 66 1475
67 68 1476
69 70 1477
71 72 1478
74 1422 1479
73 74 1479
1422 290 1479
75 76 1480
77 78 1481
79 80 1482
81 82 1483
83 279 1484
1427 149 1416
62 1416 149
1474 64 1417
152 1429 1471
30 152 302
219 220 1485
221 222 1486
223 224 1487
225 226 1488
227 228 1489
229 230 1490
231 232 1491
233 234 1492
235 236 1493
237 238 1494
239 310 1472
23 247 252
248 249 1495
250 251 1430
63 1474 1416
248 1495 1441
258 257 1496
262 261 1497
265 264 1498
271 1457 1499
1458 272 1499
272 271 1499
1459 276 1461
276 25 280
279 278 1484
150 1427 1428
1484 278 1460
281 282 1500
283 284 1501
285 286 1502
287 288 1503
1464 287 1503
288 1465 1503
291 1466 1479
290 291 1479
292 293 1504
294 295 1505
296 297 1506
298 299 1507
300 301 1508
302 152 1471
276 280 1461
65 1475 1417
67 1476 1418
69 1477 1419
71 1478 1420
73 1479 1421
1481 78 1424
1480 76 1423
77 1481 1423
1482 1530 79
81 1483 1425
1488 226 1434
1487 224 1433
1485 220 1431
221 1486 1431
223 1487 1432
225 1488 1433
227 1489 1434
229 1490 1435
231 1491 1436
233 1492 1437
235 1493 1438
237 1494 1439
239 1472 1440
258 1496 1448
1495 249 1442
250 1430 1442
1498 264 1451
262 1497 1450
265 1498 1452
1508 301 1471
281 1500 1461
1502 286 1464
1501 284 1463
1500 282 1462
283 1501 1462
285 1502 1463
1504 293 1467
1507 299 1470
1506 297 1469
1505 295 1468
294 1505 1467
296 1506 1468
298 1507 1469
300 1508 1470
252 247 1441
219 1485 1430
311 312 1509
313 314 1520
1422 75 1480
1443 252 1441
1466 292 1504
1472 311 1509
1473 313 1520
1475 66 1418
1476 68 1419
1477 70 1420
1478 72 1421
1482 80 1425
1483 82 1426
1486 222 1432
1489 228 1435
1490 230 1436
1491 232 1437
1492 234 1438
1493 236 1439
1494 238 1440
1509 312 1473
1476 1419 1469
1477 1420 1505
1478 1421 1504
1482 1425 1510
1423 1481 1464
1480 1423 1503
1486 1432 1511
1427 1416 1512
1416 1474 1512
1471 1429 1513
1508 1471 1513
1429 1428 1513
1432 1487 1496
1489 1435 1450
1485 1431 1514
1487 1433 1448
1490 1436 1451
1491 1437 1452
1492 1438 1454
1493 1439 1456
1509 1473 1515
1499 1457 1516
1442 1430 1485
257 1447 1496
1497 261 1434
1497 1434 1489
1497 1489 1450
1445 1444 1517
1446 1445 1518
1447 1446 1511
1495 1442 1527
260 1449 1434
1496 1487 1448
1417 1475 1519
1458 1499 1515
1454 1453 1492
1455 1454 1438
1456 1455 1493
1457 1456 1439
314 18 1520
1502 1464 1424
1462 1501 1521
1500 1462 1522
1462 1521 1522
1467 1505 1420
1505 1468 1477
1461 1500 1523
1459 1461 1523
1500 1522 1523
1496 1447 1432
1476 1469 1524
1418 1476 1524
1469 1507 1524
1475 1418 1525
1519 1475 1525
1418 1524 1525
1474 1417 1526
1417 1519 1526
1419 1477 1468
1420 1478 1467
1421 1479 1466
1481 1424 1464
1425 1483 1522
1488 1434 1449
1433 1488 1448
1435 1490 1450
1436 1491 1498
1437 1492 1453
1438 1493 1455
1439 1494 1516
1440 1472 1509
1498 1451 1436
1444 1443 1527
1449 1448 1488
1452 1498 1491
1451 1450 1490
1453 1452 1437
1460 1459 1523
1424 1530 1502
1504 1467 1478
1470 1508 1528
1466 1504 1421
1423 1464 1503
1457 1439 1516
1442 1485 1514
1440 1509 1515
1428 1427 1512
1441 1495 1527
1480 1503 1465
1486 1511 1518
1483 1426 1529
83 1484 1426
1513 1428 1526
1444 1527 1517
1431 1486 1518
1440 1515 1494
1499 1516 1515
1518 1445 1517
1446 1518 1511
273 1458 1520
1521 1501 1510
1522 1483 1529
1494 1515 1516
1432 1447 1511
1501 1463 1510
1480 1465 1422
1507 1470 1525
1506 1469 1419
1508 1513 1528
1506 1419 1468
1460 1523 1529
1443 1441 1527
1463 1502 1530
1470 1528 1525
1525 1528 1519
1431 1518 1517
1526 1519 1528
1527 1442 1514
5358 5350 5360
1526 1528 1513
1458 1515 1473
1522 1529 1523
5345 5353 5361
1484 1460 1529
1474 1526 1512
1425 1522 1521
1426 1484 1529
1526 1428 1512
1517 1527 1514
1524 1507 1525
1424 79 1530
1458 1473 1520
1425 1521 1510
1482 1510 1530
5351 5345 5361
289 1422 1465
1431 1517 1514
1463 1530 1510
5349 5350 5358
2 84 118
84 85 1531
86 87 1532
88 89 1533
90 91 1534
92 93 1535
94 95 1536
96 97 1537
98 99 1538
100 101 1539
102 103 1540
104 105 1541
106 107 1542
108 109 1543
110 111 1544
112 113 1545
114 115 1546
115 7 458
119 118 1547
120 119 1548
119 1547 1548
121 120 1549
120 1548 1549
156 155 1550
157 156 1551
156 1550 1551
158 157 1552
157 1551 1552
159 158 1553
158 1552 1553
160 159 1533
160 1663 161
162 161 1534
163 162 1535
165 164 1536
167 166 1537
169 168 1538
171 170 1539
173 172 1540
175 174 1541
177 176 1542
178 177 1554
179 178 1543
181 180 1555
182 181 1556
181 1555 1556
183 182 1557
182 1556 1557
184 183 1558
183 1557 1558
185 184 1559
184 1558 1559
11 185 462
186 31 419
187 186 1560
188 187 1561
187 1560 1561
189 188 1562
188 1561 1562
190 189 1563
189 1562 1563
191 190 1564
190 1563 1564
193 192 1565
194 193 1566
193 1565 1566
195 194 1567
194 1566 1567
196 195 1568
195 1567 1568
197 196 1569
196 1568 1569
198 197 1570
197 1569 1570
199 198 1571
198 1570 1571
200 199 1572
199 1571 1572
201 200 1573
200 1572 1573
202 201 1574
201 1573 1574
203 202 1575
202 1574 1575
204 203 1576
203 1575 1576
205 204 1577
204 1576 1577
206 205 1578
205 1577 1578
207 206 1579
206 1578 1579
208 207 1580
207 1579 1580
209 208 1581
208 1580 1581
210 209 1582
209 1581 1582
211 210 1583
210 1582 1583
212 211 1584
211 1583 1584
213 212 1585
212 1584 1585
214 213 1586
213 1585 1586
215 214 1587
214 1586 1587
217 216 1588
26 217 240
241 240 1589
242 241 1590
241 1589 1590
243 242 1591
242 1590 1591
244 243 1592
243 1591 1592
244 1678 22
306 305 1593
307 306 1594
306 1593 1594
308 307 1595
307 1594 1595
309 308 1596
308 1595 1596
17 309 347
21 315 348
315 316 1597
317 318 1598
319 320 1599
321 322 1600
323 324 1601
325 326 1602
327 328 1603
329 330 1604
331 332 1605
333 334 1606
335 336 1607
337 338 1608
339 340 1609
341 342 1610
343 344 1611
345 346 1612
349 348 1613
350 349 1614
349 1613 1614
351 350 1615
350 1614 1615
352 351 1616
351 1615 1616
24 352 382
353 354 1617
355 356 1618
357 358 1619
359 360 1609
361 362 1608
1607 1690 363
363 364 1607
1606 1689 365
365 366 1606
366 367 1605
368 1687 367
368 369 1604
370 371 1603
372 373 1602
374 375 1601
1600 1683 376
376 377 1600
377 378 1620
379 380 1621
388 387 1622
389 388 1623
388 1622 1623
390 389 1624
389 1623 1624
390 1755 391
391 1735 392
394 393 1582
395 394 1581
396 395 1580
397 396 1578
398 397 1577
399 398 1576
400 399 1575
401 400 1574
402 401 1573
403 402 1572
404 403 1571
405 404 1570
406 405 1569
407 406 1568
408 407 1567
409 408 1566
410 409 1565
412 411 1625
413 412 1626
412 1625 1626
414 413 1627
413 1626 1627
415 414 1628
414 1627 1628
1629 1737 415
415 1628 1629
29 416 423
419 420 1630
421 422 1631
458 459 1632
460 461 1633
9 465 564
1634 1739 466
467 468 1635
469 470 1636
471 472 1637
473 474 1638
475 476 1639
477 478 1640
479 480 1641
481 482 1642
483 484 1643
485 486 1644
487 488 1645
489 490 1646
491 492 1647
493 494 1648
495 14 521
521 522 1649
523 524 1650
525 16 533
533 534 1651
535 536 1652
537 538 1653
539 540 1645
541 542 1644
543 544 1643
545 546 1642
547 548 1641
549 550 1640
551 552 1639
553 554 1638
554 555 1638
1637 1707 556
556 557 1637
557 558 1654
559 560 1655
561 562 1656
563 12 568
565 564 1657
566 565 1658
565 1657 1658
567 566 1659
566 1658 1659
568 567 1660
563 568 1660
567 1659 1660
382 352 1616
495 521 1649
85 86 1661
87 88 1662
89 90 1663
91 92 1664
94 1536 1665
93 94 1665
1536 164 1665
96 1537 1666
95 96 1666
1537 166 1666
98 1538 1667
97 98 1667
1538 168 1667
100 1539 1668
99 100 1668
1539 170 1668
102 1540 1669
101 102 1669
1540 172 1669
104 1541 1670
103 104 1670
1541 174 1670
106 1542 1671
105 106 1671
1542 176 1671
108 1543 1554
107 108 1554
109 110 1672
111 112 1673
113 114 1674
458 1632 115
121 1746 4
163 1535 1665
165 1536 1666
164 163 1665
167 1537 1667
166 165 1666
169 1538 1668
168 167 1667
171 1539 1669
170 169 1668
173 1540 1670
172 171 1669
175 1541 1671
174 173 1670
177 1542 1554
176 175 1671
178 1554 1543
180 179 1675
215 1587 1676
1565 192 1677
410 1565 1677
192 191 1677
217 1588 1589
1588 216 1676
216 215 1676
240 217 1589
387 22 1678
305 19 1679
316 317 1680
318 319 1681
320 321 1682
322 323 1683
325 1602 1684
324 325 1684
1602 373 1684
327 1603 1685
326 327 1685
1603 371 1685
329 1604 1686
328 329 1686
1604 369 1686
330 331 1687
332 333 1688
334 335 1689
336 337 1690
339 1609 1691
338 339 1691
1609 360 1691
340 341 1692
342 343 1693
344 345 1694
1662 88 1533
346 347 1695
348 315 1613
495 1649 494
19 353 1679
354 355 1696
356 357 1697
359 1609 1692
358 359 1692
361 1608 1691
360 361 1691
330 1687 1604
370 1603 1686
369 370 1686
372 1602 1685
371 372 1685
374 1601 1684
373 374 1684
1600 377 1620
1620 378 1698
378 379 1698
379 1621 1698
380 381 1699
381 382 1616
347 309 1596
392 1584 1583
394 1582 1581
393 392 1583
395 1581 1580
397 1578 1577
398 1577 1576
399 1576 1575
400 1575 1574
401 1574 1573
402 1573 1572
403 1572 1571
404 1571 1570
405 1570 1569
406 1569 1568
407 1568 1567
408 1567 1566
409 1566 1565
411 410 1677
1630 420 1700
420 421 1700
421 1631 1700
422 423 1701
459 460 1702
461 462 1703
466 467 1704
468 469 1705
470 471 1706
472 473 1707
475 1639 1708
474 475 1708
1639 552 1708
477 1640 1709
476 477 1709
1640 550 1709
479 1641 1710
478 479 1710
1641 548 1710
481 1642 1711
480 481 1711
1642 546 1711
483 1643 1712
482 483 1712
1643 544 1712
485 1644 1713
484 485 1713
1644 542 1713
487 1645 1714
486 487 1714
1645 540 1714
488 489 1715
490 491 1716
492 493 1717
1661 86 1532
85 1661 1531
522 523 1718
525 533 1651
524 525 1651
524 1651 1650
535 1652 1719
534 535 1719
536 537 1720
538 539 1721
541 1644 1714
540 541 1714
543 1643 1713
542 543 1713
545 1642 1712
544 545 1712
547 1641 1711
546 547 1711
549 1640 1710
548 549 1710
551 1639 1709
550 551 1709
553 1638 1708
552 553 1708
557 1654 1637
558 559 1722
560 561 1723
1663 90 1534
562 563 1660
1664 92 1535
118 84 1531
1532 87 1662
1533 89 1663
1534 91 1664
1535 93 1665
1536 95 1666
1537 97 1667
1538 99 1668
1539 101 1669
1540 103 1670
1541 105 1671
1542 107 1554
1543 109 1672
1544 111 1673
1545 113 1674
522 1718 1649
346 1695 1612
562 1660 1656
118 1531 1547
1674 114 1546
1673 112 1545
1672 110 1544
1681 319 1599
1680 317 1598
1683 323 1601
354 1696 1617
305 1679 1593
316 1680 1597
318 1681 1598
320 1682 1599
324 1684 1601
1690 337 1608
1689 335 1607
332 1688 1605
334 1689 1606
338 1691 1608
1693 343 1611
1692 341 1610
342 1693 1610
344 1694 1611
1697 357 1619
1696 355 1618
356 1697 1618
380 1699 1621
1699 381 1616
1707 473 1638
1704 467 1635
422 1701 1631
1702 460 1633
459 1702 1632
461 1703 1633
466 1704 1634
468 1705 1635
470 1706 1636
474 1708 1638
1723 561 1656
1717 493 1648
1716 491 1647
1715 489 1646
490 1716 1646
492 1717 1647
1718 523 1650
1721 539 1645
534 1719 1651
1720 537 1653
1722 559 1655
558 1722 1654
560 1723 1655
1694 345 1612
180 1675 1555
1602 326 1685
1603 328 1686
1609 340 1692
494 1649 1648
1582 393 1583
1705 469 1636
411 1677 1625
1639 476 1709
1640 478 1710
1641 480 1711
1642 482 1712
1643 484 1713
1644 486 1714
536 1720 1652
1531 1661 1547
1543 1672 1675
1677 191 1625
1675 179 1543
1681 1599 1698
1545 1674 1724
1672 1544 1555
1673 1545 1724
1532 1662 1725
1552 1551 1725
162 1534 1664
1535 162 1664
1676 1587 1726
1698 1599 1620
185 1559 1703
462 185 1703
1558 1557 1724
1560 186 419
1562 1561 1727
1563 1562 1728
1562 1727 1728
1564 1563 1626
1706 471 1637
1682 321 1600
1591 1590 1729
1595 1594 1730
1599 1682 1620
1680 1598 1731
322 1683 1600
1617 1696 1732
1688 333 1606
1687 331 1605
336 1690 1607
1610 1693 1697
1692 1610 1619
1695 347 1596
1613 315 1597
1615 1614 1733
1621 1699 1734
358 1692 1619
362 363 1690
1607 364 1689
366 1605 1688
1606 366 1688
368 1604 1687
1605 367 1687
375 376 1683
391 1755 1735
1624 1623 1726
396 1580 1579
1589 1588 1736
1590 1589 1736
1588 1676 1736
423 416 1737
1628 1627 1727
1702 1633 1738
419 1630 1560
564 465 1739
1555 1544 1673
1682 1600 1620
472 1707 1637
1704 1635 1740
1646 1716 1653
1716 1647 1720
1661 1532 1741
1547 1661 1741
1532 1725 1741
1612 1695 1742
1695 1596 1742
1650 1651 1719
1652 1720 1647
1720 1653 1716
1722 1655 1705
538 1721 1653
1638 555 1707
1655 1723 1740
1717 1648 1743
1659 1658 1744
1660 1659 1656
1613 1597 1745
1614 1613 1745
1597 1680 1745
155 4 1746
1548 1547 1741
1556 1555 1673
362 1690 1608
364 365 1689
375 1683 1601
396 1579 1578
1703 1559 1633
555 556 1707
1619 1610 1697
1697 1693 1611
1650 1719 1743
1560 1630 1747
1561 1560 1747
1630 1700 1747
1646 1653 1721
1722 1705 1636
1722 1636 1654
1656 1659 1744
1611 1694 1748
1746 121 1549
1633 1559 1738
1634 1704 1744
1636 1706 1654
1723 1656 1740
1694 1612 1749
1748 1694 1749
1612 1742 1749
1675 1672 1555
1705 1655 1635
1725 1551 1741
1724 1674 1738
1649 1718 1648
1725 1662 1750
1552 1725 1750
1662 1533 1750
1674 1546 1738
160 1533 1663
1549 1548 1751
1550 155 1746
1553 1552 1750
1680 1731 1745
1559 1558 1738
1558 1724 1738
1727 1561 1747
1678 244 1592
423 1737 1701
1730 1594 1732
1590 1736 1729
1740 1656 1744
387 1678 1622
1635 1655 1740
1534 161 1663
1648 1718 1743
1550 1746 1549
1595 1730 1742
1592 1591 1752
1594 1593 1732
1596 1595 1742
1598 1681 1753
1591 1729 1752
1732 1696 1748
1743 1719 1652
1733 1614 1745
1593 1679 1617
1618 1697 1611
1696 1618 1748
353 1617 1679
1736 1676 1726
1727 1627 1728
1747 1754 1727
1627 1626 1728
1700 1631 1754
465 466 1739
1631 1701 1629
1556 1673 1724
1550 1549 1751
1631 1629 1754
1652 1647 1717
1650 1743 1718
1593 1617 1732
1699 1616 1733
1622 1752 1623
1744 1704 1740
1754 1629 1628
1546 115 1632
1726 1587 1755
1557 1556 1724
564 1739 1657
1646 1721 1715
1706 1637 1654
1585 1584 1735
1586 1585 1735
1587 1586 1755
1699 1733 1734
1731 1598 1753
1678 1592 1622
1738 1546 1702
1616 1615 1733
1634 1744 1658
1698 1621 1681
1624 1726 1755
1586 1735 1755
1652 1717 1743
1546 1632 1702
1700 1754 1747
1551 1550 1751
1645 488 1715
1622 1592 1752
1732 1748 1749
1750 1533 1553
1734 1733 1745
1751 1548 1741
1742 1730 1749
1626 1563 1728
1701 1737 1629
1732 1749 1730
1584 392 1735
1621 1734 1753
1618 1611 1748
416 415 1737
1739 1634 1657
1564 1626 1625
1753 1734 1731
1645 1715 1721
159 1553 1533
1628 1727 1754
1729 1736 1726
390 1624 1755
1741 1551 1751
1681 1621 1753
1657 1634 1658
1625 191 1564
1729 1726 1752
1734 1745 1731
1726 1623 1752
116 30 1756
117 116 1757
116 1756 1757
29 117 1758
117 1757 1758
274 22 1759
275 274 1760
274 1759 1760
25 275 1761
275 1760 1761
280 25 1762
281 280 1763
280 1762 1763
282 281 1764
281 1763 1764
283 282 1765
282 1764 1765
284 283 1766
283 1765 1766
286 285 1767
287 286 1768
286 1767 1768
288 287 1769
287 1768 1769
289 288 1769
291 290 1770
292 291 1771
291 1770 1771
293 292 1772
292 1771 1772
294 293 1772
295 294 1773
294 1772 1773
297 296 1774
298 297 1775
297 1774 1775
299 298 1776
298 1775 1776
300 299 1777
301 300 1777
299 1776 1777
302 301 1778
30 302 1779
302 1778 1779
22 387 1780
388 389 1781
390 391 1782
392 393 1783
394 395 1784
395 396 1785
1784 395 1785
396 397 1785
397 398 1786
399 400 1787
401 402 1788
403 404 1789
405 406 1790
407 408 1791
409 410 1792
411 412 1793
413 414 1794
415 416 1795
416 29 1796
1795 416 1796
29 1758 1796
819 820 1797
820 821 1798
821 822 1799
822 823 1800
823 824 1801
824 825 1802
825 826 1803
826 827 1804
827 828 1805
828 829 1806
829 830 1807
830 831 1808
831 832 1809
832 833 1810
833 834 1811
834 835 1812
835 836 1813
836 837 1814
837 838 1815
838 839 1816
839 840 1817
840 841 1818
841 842 1819
842 843 1820
843 844 1821
844 845 1822
845 846 1823
846 847 1824
847 848 1825
848 849 1826
849 819 1827
25 1761 1762
1759 22 1780
295 1773 1828
285 284 1766
289 1769 1829
290 289 1829
295 1828 296
1774 296 1828
301 1777 1778
387 388 1830
389 390 1831
391 392 1832
393 394 1833
397 1786 1785
398 399 1834
400 401 1835
402 403 1836
404 405 1837
406 407 1838
408 409 1839
410 411 1840
412 413 1841
414 415 1842
1798 821 1799
820 1798 1797
822 1800 1799
823 1801 1800
824 1802 1801
825 1803 1802
826 1804 1803
827 1805 1804
828 1806 1805
829 1807 1806
830 1808 1807
831 1809 1808
832 1810 1809
833 1811 1810
834 1812 1811
835 1813 1812
836 1814 1813
837 1815 1814
838 1816 1815
839 1817 1816
840 1818 1817
841 1819 1818
842 1820 1819
843 1821 1820
844 1822 1821
845 1823 1822
846 1824 1823
847 1825 1824
848 1826 1825
849 1827 1826
819 1797 1827
1781 389 1831
1782 391 1832
1783 393 1833
1786 398 1834
1788 402 1836
1789 404 1837
1790 406 1838
1791 408 1839
1792 410 1840
1793 412 1841
1794 414 1842
1836 403 1789
1837 405 1790
1838 407 1791
1839 409 1792
1840 411 1793
1841 413 1794
1842 415 1795
1835 401 1788
285 1766 1767
290 1829 1770
1833 394 1784
1832 392 1783
1831 390 1782
1830 388 1781
387 1830 1780
1834 399 1787
400 1835 1787
1758 1757 1843
1778 1777 1844
1761 1760 1845
1759 1780 1846
1764 1763 1847
1765 1764 1848
1764 1847 1848
1766 1765 1849
1765 1848 1849
1829 1769 1850
1833 1784 1851
1775 1774 1852
1773 1772 1822
1774 1828 1853
1852 1774 1853
1828 1773 1853
1777 1776 1844
1779 1778 1854
1778 1844 1854
30 1779 1855
1834 1787 1856
1782 1832 1857
1830 1781 1858
1783 1833 1859
1833 1851 1859
1831 1782 1860
1782 1857 1860
1786 1834 1861
1834 1856 1861
1832 1783 1859
1785 1786 1862
1784 1785 1862
1786 1861 1862
1787 1835 1856
1789 1837 1863
1790 1838 1864
1838 1791 1864
1791 1839 1865
1792 1840 1866
1793 1841 1867
1794 1842 1868
1842 1795 1869
1836 1789 1870
1789 1863 1870
1798 1799 1871
1797 1798 1872
1762 1761 1873
1761 1845 1873
1756 30 1855
1757 1756 1874
1843 1757 1874
1756 1855 1874
1760 1759 1875
1845 1760 1875
1759 1846 1875
1763 1762 1876
1847 1763 1876
1762 1873 1876
1788 1836 1870
1799 1800 1877
1800 1801 1878
1801 1802 1879
1803 1804 1880
1804 1805 1881
1805 1806 1882
1806 1807 1883
1807 1808 1884
1808 1809 1885
1810 1811 1886
1811 1812 1887
1812 1813 1888
1814 1815 1889
1817 1818 1850
1818 1819 1890
1822 1823 1773
1824 1825 1852
1826 1827 1891
1827 1797 1892
1797 1872 1892
1781 1831 1893
1831 1860 1893
1822 1772 1821
1855 1779 1894
1844 1776 1891
1894 1779 1854
1850 1769 1895
1817 1850 1895
1769 1768 1895
1770 1829 1890
1821 1772 1771
1798 1871 1872
1771 1770 1896
1775 1852 1897
1776 1775 1897
1852 1825 1897
1851 1784 1862
1824 1852 1853
1878 1801 1879
1857 1832 1859
1856 1835 1898
1835 1788 1898
1780 1830 1899
1830 1858 1899
1824 1853 1823
1791 1865 1864
1817 1895 1816
1767 1766 1900
1790 1864 1837
1816 1895 1901
1815 1816 1901
1895 1768 1901
1839 1792 1902
1840 1793 1903
1841 1794 1904
1842 1869 1868
1799 1877 1871
1780 1899 1846
1788 1870 1898
1882 1806 1883
1874 1855 1905
1855 1894 1905
1881 1805 1882
1880 1804 1881
1879 1802 1906
1802 1803 1906
1768 1767 1901
1891 1827 1892
1850 1818 1890
1877 1800 1878
1889 1815 1901
1887 1812 1888
1886 1811 1887
1885 1809 1907
1884 1808 1885
1883 1807 1884
1796 1758 1908
1803 1880 1906
1809 1810 1907
1813 1814 1909
1890 1829 1850
1902 1792 1866
1773 1823 1853
1819 1820 1896
1820 1821 1771
1826 1891 1897
1825 1826 1897
1891 1776 1897
1869 1795 1910
1795 1796 1910
1839 1902 1865
1896 1770 1890
1904 1794 1868
1837 1864 1863
1903 1793 1867
1840 1903 1866
1841 1904 1867
1907 1810 1886
1813 1909 1888
1908 1758 1843
1909 1814 1889
1843 1874 1911
1874 1905 1911
1894 1854 1872
1849 1848 1888
1904 1868 1912
1848 1847 1888
1872 1871 1894
1878 1879 1913
1882 1883 1914
1898 1870 1915
1854 1844 1892
1844 1891 1892
1856 1898 1916
1898 1915 1916
1860 1857 1917
1861 1856 1918
1856 1916 1918
1907 1886 1919
1862 1861 1920
1861 1918 1920
1867 1904 1921
1904 1912 1921
1903 1867 1922
1867 1921 1922
1887 1888 1847
1896 1890 1819
1866 1903 1923
1903 1922 1923
1863 1864 1924
1868 1869 1925
1846 1899 1926
1865 1902 1927
1892 1872 1854
1908 1843 1928
1884 1885 1929
1906 1880 1930
1901 1767 1889
1879 1906 1931
1796 1908 1910
1883 1884 1932
1885 1907 1933
1929 1885 1933
1907 1919 1933
1886 1887 1876
1767 1900 1889
1877 1878 1934
1820 1771 1896
1881 1882 1935
1851 1862 1920
1864 1865 1936
1924 1864 1936
1865 1927 1936
1902 1866 1923
1893 1860 1937
1860 1917 1937
1873 1845 1919
1870 1863 1938
1915 1870 1938
1863 1924 1938
1871 1877 1939
1859 1851 1940
1851 1920 1940
1887 1847 1876
1893 1937 1941
1928 1843 1911
1849 1888 1909
1845 1875 1942
1766 1849 1900
1871 1939 1911
1926 1899 1943
1883 1932 1914
1913 1879 1931
1882 1914 1935
1873 1919 1886
1881 1935 1944
1899 1858 1943
1881 1944 1880
1875 1846 1945
1942 1875 1945
1846 1926 1945
1927 1902 1946
1902 1923 1946
1925 1869 1947
1869 1910 1947
1868 1925 1912
1781 1893 1858
1930 1880 1944
1939 1877 1934
1884 1929 1932
1858 1893 1943
1900 1849 1909
1900 1909 1889
1906 1930 1931
1857 1859 1948
1857 1948 1917
1910 1908 1949
1908 1928 1949
1878 1913 1934
1943 1893 1941
1845 1942 1919
1873 1886 1876
1859 1940 1948
1928 1911 1939
1941 1937 1950
1926 1943 1951
1943 1941 1951
1914 1932 1952
1913 1931 1953
1944 1935 1954
1934 1913 1955
1920 1918 1956
1918 1916 1957
1948 1940 1958
1921 1912 1959
1922 1921 1960
1921 1959 1960
1916 1915 1961
1957 1916 1961
1915 1938 1961
1919 1942 1933
1923 1922 1962
1946 1923 1962
1922 1960 1962
1928 1939 1963
1949 1928 1963
1939 1934 1963
1894 1871 1905
1935 1914 1964
1954 1935 1964
1914 1952 1964
1932 1929 1965
1917 1948 1966
1948 1958 1966
1931 1930 1967
1912 1925 1959
1940 1920 1956
1930 1944 1968
1967 1930 1968
1944 1954 1968
1963 1934 1955
1941 1950 1965
1952 1932 1965
1918 1957 1956
1910 1949 1947
1924 1936 1969
1924 1969 1938
1953 1931 1970
1931 1967 1970
1927 1946 1971
1958 1940 1972
1940 1956 1972
1929 1933 1973
1959 1925 1974
1936 1927 1971
1933 1942 1973
1973 1951 1929
1974 1925 1947
1950 1937 1975
1905 1871 1911
1965 1950 1976
1952 1965 1976
1950 1975 1976
1926 1951 1973
1975 1937 1917
1977 1955 1953
1941 1965 1951
1969 1936 1971
1938 1969 1961
1949 1963 1978
1947 1949 1978
1963 1955 1978
1960 1959 1979
1971 1946 1980
1966 1958 1981
1974 1947 1978
1977 1953 1992
1953 1970 1992
1913 1953 1955
1969 1971 1982
1955 1977 1978
1975 1917 1966
1960 1979 1962
1967 1968 1983
1972 1956 1984
1956 1957 1984
1961 1990 1957
1981 1958 1972
1945 1926 1973
1975 1966 1985
1976 1975 1985
1966 1981 1985
1980 1946 1962
1971 1980 1982
1970 1967 1986
1967 1983 1986
1954 1964 1987
1954 1987 1988
1964 1952 1989
1987 1964 1989
1952 1976 1989
1974 1992 1959
1969 1982 1990
1968 1954 1988
1981 1972 1991
1965 1929 1951
1983 1968 1988
1972 1984 1991
1973 1942 1945
1988 1987 1991
1982 1980 1986
1980 1962 1979
1974 1978 1977
1980 1979 1986
1974 1977 1992
1983 1988 1993
1990 1982 1993
1969 1990 1961
1984 1957 1990
5356 5355 5360
1986 1983 1993
1989 1976 1985
1993 1982 1986
1988 1991 1993
1981 1991 1987
1981 1987 1989
1979 1992 1970
1984 1990 1993
1991 1984 1993
1979 1959 1992
1979 1970 1986
1985 1981 1989
5350 5343 5360
30 116 152
116 117 1994
117 29 1995
1994 117 1995
29 423 1995
31 124 419
124 125 1996
125 32 1997
1996 125 1997
32 149 1997
150 151 1998
24 245 352
245 246 1999
246 27 2000
1999 246 2000
27 251 2000
247 23 386
248 247 2001
249 248 2002
248 2001 2002
250 249 2003
249 2002 2003
251 250 2004
2000 251 2004
250 2003 2004
247 386 2001
21 348 385
348 349 2005
349 350 2002
350 351 2003
419 1996 420
421 420 1998
152 116 1994
352 245 1999
2005 2010 348
1998 151 2007
421 1998 2007
151 152 2007
150 1998 2006
149 150 2006
1998 420 2006
2007 152 1994
2002 350 2003
351 352 2008
421 2007 422
423 422 2009
2008 352 1999
2003 351 2008
2002 2001 2005
1999 2000 2004
2002 2005 349
386 385 2010
124 1996 419
423 2009 1995
2008 1999 2004
1995 2009 1994
2006 420 1996
2006 1996 1997
2005 2001 2010
2003 2008 2004
1994 2009 2007
2007 2009 422
386 2010 2001
385 348 2010
1997 149 2006
3 122 2011
123 4 2012
126 3 2013
127 126 2014
126 2013 2014
128 127 2015
127 2014 2015
129 128 2016
128 2015 2016
130 129 2017
129 2016 2017
132 131 2018
133 132 2019
132 2018 2019
134 133 2020
133 2019 2020
135 134 2020
136 135 2021
137 136 2022
136 2021 2022
138 137 2023
137 2022 2023
140 139 2024
141 140 2025
140 2024 2025
142 141 2026
141 2025 2026
143 142 2026
144 143 2027
145 144 2028
144 2027 2028
146 145 2029
145 2028 2029
147 146 2030
146 2029 2030
8 148 2031
4 155 2032
156 157 2033
158 159 2034
160 161 2035
162 163 2036
164 165 2037
166 167 2038
168 169 2039
170 171 2040
172 173 2041
174 175 2042
176 177 2043
178 179 2044
180 181 2045
182 183 2046
184 185 2047
463 8 2048
464 463 2049
463 2048 2049
11 464 2050
464 2049 2050
726 727 2051
727 728 2052
728 729 2053
729 730 2054
730 731 2055
731 732 2056
732 733 2057
733 734 2058
734 735 2059
735 736 2060
736 737 2061
737 738 2062
738 739 2063
739 740 2064
740 741 2065
741 742 2066
742 743 2067
743 744 2068
744 745 2069
745 746 2070
746 747 2071
747 748 2072
748 749 2073
749 750 2074
750 751 2075
751 752 2076
752 753 2077
753 754 2078
754 755 2079
755 756 2080
756 726 2081
122 123 2082
131 130 2017
135 2020 2021
8 2031 2048
148 147 2030
4 2032 2012
155 156 2083
157 158 2084
159 160 2085
161 162 2086
163 164 2087
165 166 2088
167 168 2089
169 170 2090
171 172 2091
173 174 2092
175 176 2093
177 178 2094
179 180 2095
181 182 2096
183 184 2097
11 2050 2098
185 11 2098
726 2051 2081
2051 727 2052
728 2053 2052
729 2054 2053
730 2055 2054
731 2056 2055
732 2057 2056
733 2058 2057
734 2059 2058
735 2060 2059
736 2061 2060
737 2062 2061
738 2063 2062
739 2064 2063
740 2065 2064
741 2066 2065
742 2067 2066
743 2068 2067
744 2069 2068
745 2070 2069
746 2071 2070
747 2072 2071
748 2073 2072
749 2074 2073
750 2075 2074
751 2076 2075
752 2077 2076
753 2078 2077
754 2079 2078
755 2080 2079
756 2081 2080
122 2082 2011
3 2011 2013
155 2083 2032
2033 157 2084
2034 159 2085
2035 161 2086
2036 163 2087
2037 165 2088
2038 167 2089
2039 169 2090
2040 171 2091
2041 173 2092
2042 175 2093
2043 177 2094
2044 179 2095
2045 181 2096
2046 183 2097
2047 185 2098
2082 123 2012
2088 166 2038
2089 168 2039
2090 170 2040
2091 172 2041
2092 174 2042
2093 176 2043
2094 178 2044
2095 180 2045
2096 182 2046
2097 184 2047
131 2017 2018
2087 164 2037
2086 162 2036
2085 160 2035
2084 158 2034
2083 156 2033
2088 2038 2099
2015 2014 2100
2016 2015 2101
2015 2100 2101
2017 2016 2102
2016 2101 2102
2087 2037 2103
2048 2031 2104
2024 139 2105
139 138 2105
143 2026 2027
2026 2025 2106
2028 2027 2107
2012 2032 2108
2029 2028 2109
2028 2107 2109
2034 2085 2110
2083 2033 2111
2035 2086 2112
2084 2034 2113
2034 2110 2113
2036 2087 2114
2087 2103 2114
2085 2035 2115
2110 2085 2115
2035 2112 2115
2037 2088 2116
2103 2037 2116
2088 2099 2116
2086 2036 2117
2112 2086 2117
2036 2114 2117
2038 2089 2099
2089 2039 2118
2039 2090 2118
2090 2040 2119
2040 2091 2119
2091 2041 2120
2092 2042 2121
2042 2093 2121
2093 2043 2122
2043 2094 2123
2122 2043 2123
2094 2044 2123
2044 2095 2124
2045 2096 2125
2046 2097 2126
2047 2098 2127
2018 2017 2102
2081 2051 2128
2082 2012 2129
2050 2049 2130
2052 2053 2131
2013 2011 2132
2032 2083 2133
2108 2032 2133
2083 2111 2133
2014 2013 2134
2100 2014 2134
2013 2132 2134
2019 2018 2135
2033 2084 2136
2111 2033 2136
2084 2113 2136
2049 2048 2137
2130 2049 2137
2048 2104 2137
2053 2054 2138
2054 2055 2139
2055 2056 2140
2056 2057 2141
2058 2059 2142
2061 2062 2135
2062 2063 2143
2063 2064 2144
2064 2065 2145
2066 2067 2146
2068 2069 2147
2069 2070 2106
2070 2071 2106
2071 2072 2148
2072 2073 2107
2073 2074 2149
2075 2076 2150
2076 2077 2151
2077 2078 2152
2078 2079 2153
2080 2081 2154
2081 2128 2154
2011 2082 2155
2082 2129 2155
2051 2052 2156
2052 2131 2156
2098 2050 2157
2050 2130 2157
2024 2105 2158
2105 138 2023
2105 2023 2158
2011 2155 2132
2021 2020 2144
2158 2023 2146
2053 2138 2131
2027 2026 2148
2020 2019 2143
2022 2021 2159
2146 2023 2022
2143 2019 2135
2107 2027 2148
2099 2089 2118
2012 2108 2129
2026 2106 2148
2030 2029 2160
2031 148 2030
2135 2018 2161
2061 2135 2161
2018 2102 2161
2127 2098 2157
2126 2097 2162
2097 2047 2162
2123 2044 2124
2090 2119 2118
2091 2120 2119
2092 2121 2041
2121 2093 2122
2095 2045 2163
2096 2046 2164
2047 2127 2162
2128 2051 2156
2024 2158 2147
2141 2057 2165
2057 2058 2165
2025 2024 2147
2140 2056 2141
2153 2079 2166
2079 2080 2166
2152 2078 2153
2151 2077 2152
2150 2076 2151
2149 2074 2167
2074 2075 2167
2147 2069 2106
2146 2067 2158
2144 2064 2145
2143 2063 2144
2061 2161 2060
2139 2055 2140
2054 2139 2138
2058 2142 2165
2025 2147 2106
2059 2060 2168
2062 2143 2135
2060 2161 2168
2022 2159 2146
2065 2066 2159
2068 2147 2158
2067 2068 2158
2148 2072 2107
2075 2150 2167
2066 2146 2159
2031 2030 2169
2104 2031 2169
2030 2160 2169
2144 2020 2143
2059 2168 2142
2160 2029 2109
2041 2121 2120
2164 2046 2126
2163 2045 2125
2096 2164 2125
2080 2154 2166
2170 2166 2154
2095 2163 2124
2131 2138 2171
2065 2159 2145
2101 2100 2142
2120 2121 2172
2161 2102 2168
2129 2108 2173
2114 2103 2174
2128 2156 2175
2119 2120 2176
2164 2126 2177
2121 2122 2178
2122 2123 2179
2118 2119 2180
2119 2176 2180
2125 2164 2181
2164 2177 2181
2163 2125 2182
2125 2181 2182
2162 2127 2183
2123 2124 2179
2140 2141 2184
2141 2165 2132
2126 2162 2185
2177 2126 2185
2162 2183 2185
2154 2128 2186
2107 2073 2109
2071 2148 2106
2101 2142 2168
2138 2139 2187
2153 2166 2188
2139 2140 2189
2187 2139 2189
2140 2184 2189
2101 2168 2102
2150 2151 2190
2151 2152 2191
2152 2153 2192
2155 2129 2193
2156 2131 2194
2175 2156 2194
2131 2171 2194
2157 2130 2195
2165 2142 2100
2113 2110 2196
2141 2132 2184
2150 2190 2197
2117 2114 2198
2114 2174 2198
2132 2165 2134
2192 2153 2188
2113 2196 2199
2120 2172 2176
2178 2122 2179
2186 2128 2175
2190 2151 2191
2116 2099 2200
2173 2108 2201
2108 2133 2201
2134 2165 2100
2112 2117 2202
2117 2198 2202
2103 2116 2203
2174 2103 2203
2116 2200 2203
2115 2112 2204
2112 2202 2204
2154 2186 2170
2121 2178 2172
2195 2130 2205
2130 2137 2205
2157 2195 2206
2166 2170 2188
2183 2127 2206
2179 2124 2207
2150 2197 2167
2127 2157 2206
2136 2113 2199
2111 2136 2208
2136 2199 2208
2159 2021 2145
2109 2073 2149
2193 2129 2173
2138 2187 2171
2104 2169 2197
2191 2152 2192
2124 2163 2207
2160 2109 2149
2133 2111 2209
2201 2133 2209
2111 2208 2209
2021 2144 2145
2099 2118 2210
2104 2197 2137
2132 2155 2184
2210 2118 2180
2200 2099 2210
2167 2197 2169
2180 2176 2211
2192 2188 2212
2110 2115 2213
2199 2196 2214
2169 2160 2167
2176 2172 2211
2170 2186 2215
2160 2149 2167
2178 2179 2216
2206 2195 2217
2186 2175 2218
2188 2170 2219
2170 2215 2219
2200 2210 2220
2181 2177 2221
2182 2181 2222
2181 2221 2222
2172 2178 2223
2197 2190 2205
2208 2199 2224
2199 2214 2224
2191 2192 2225
2171 2187 2226
2137 2197 2205
2196 2110 2213
2183 2206 2227
2210 2180 2228
2220 2210 2228
2180 2211 2228
2213 2115 2204
2196 2213 2229
2214 2196 2229
2213 2204 2229
2192 2212 2225
2183 2227 2185
2191 2225 2217
2174 2203 2230
2178 2216 2223
2191 2217 2190
2215 2186 2218
2212 2188 2219
2173 2201 2231
2203 2200 2232
2230 2203 2232
2200 2220 2232
2218 2175 2233
2163 2182 2207
2206 2217 2227
2204 2202 2234
2211 2172 2223
2182 2222 2207
2179 2207 2235
2208 2224 2236
2177 2185 2237
2221 2177 2237
2185 2227 2237
2187 2189 2238
2194 2171 2239
2171 2226 2239
2193 2173 2240
2216 2179 2235
2175 2194 2233
2198 2174 2241
2174 2230 2241
2202 2198 2241
2209 2208 2236
2226 2187 2238
2202 2241 2234
2235 2207 2242
2207 2222 2242
2240 2173 2231
2217 2225 2227
2201 2209 2243
2231 2201 2243
2209 2236 2243
2223 2216 2244
2219 2215 2245
2224 2214 2246
2233 2194 2239
2217 2195 2190
2212 2219 2247
2227 2225 2248
2237 2227 2248
2225 2212 2248
2211 2223 2249
2240 2231 2238
2218 2233 2250
2234 2241 2251
2189 2184 2240
2233 2239 2252
2238 2231 2243
2240 2238 2189
2190 2195 2205
2239 2226 2253
2216 2235 2254
2155 2193 2184
2241 2230 2255
2251 2241 2255
2230 2232 2255
2240 2184 2193
2223 2244 2249
2243 2236 2238
2229 2204 2256
2204 2234 2256
2242 2222 2257
2222 2221 2257
2219 2245 2247
2232 2220 2258
2255 2232 2258
2220 2228 2258
2244 2216 2254
2248 2212 2247
2215 2218 2259
2245 2215 2259
2218 2250 2259
2238 2236 2260
2226 2238 2260
2236 2224 2260
2256 2234 2261
2234 2251 2261
2260 2224 2246
2235 2242 2254
2226 2260 2253
2250 2233 2252
2228 2211 2262
2258 2228 2262
2211 2249 2262
2221 2237 2263
2257 2221 2263
2237 2248 2263
2239 2253 2252
2214 2229 2264
2246 2214 2264
2229 2256 2264
2254 2242 2247
2254 2247 2245
2252 2253 2261
2249 2244 2265
2250 2252 2266
2252 2261 2266
2244 2254 2267
2265 2244 2267
2254 2245 2267
2259 2250 2268
2250 2266 2268
2249 2265 2262
2245 2259 2267
2248 2247 2263
2251 2255 2269
2255 2258 2269
2261 2253 2256
2267 2259 2268
2261 2251 2270
2266 2261 2270
2251 2269 2270
2260 2246 2253
2263 2247 2257
2258 2262 2269
2253 2246 2264
2257 2247 2242
2269 2262 2265
2265 2267 2268
2256 2253 2264
2269 2265 2268
2266 2270 2268
2270 2269 2268
28 153 279
153 154 2271
154 26 2272
2271 154 2272
26 240 2272
241 242 2273
243 244 2274
244 22 274
274 275 2275
275 25 2276
2275 275 2276
25 276 2276
277 278 2277
20 303 310
303 304 2278
304 19 2279
2278 304 2279
19 305 2279
306 307 2280
308 309 2281
309 17 383
311 310 2282
312 311 2280
314 313 2283
18 314 384
383 384 2284
279 153 2271
240 241 2285
242 243 2286
244 274 2275
276 277 2287
303 2278 310
278 279 2288
2280 307 2289
312 2280 2289
307 308 2289
2281 309 2284
306 2280 2282
305 306 2282
308 2281 2289
309 383 2284
278 2288 2277
313 312 2289
384 314 2283
311 2282 2280
279 2271 2288
242 2286 2273
244 2275 2274
2274 2275 2276
241 2273 2285
243 2274 2286
2287 277 2277
313 2289 2283
2283 2289 2281
2271 2272 2285
276 2287 2276
2285 2273 2288
2271 2285 2288
2288 2273 2277
2273 2286 2277
384 2283 2284
240 2285 2272
2281 2284 2283
2276 2287 2274
2282 310 2278
2278 2279 2282
2279 305 2282
2277 2286 2287
2287 2286 2274
218 27 2290
219 218 2291
218 2290 2291
220 219 2292
219 2291 2292
221 220 2293
220 2292 2293
223 222 2294
224 223 2295
223 2294 2295
225 224 2296
224 2295 2296
226 225 2296
227 226 2297
228 227 2298
227 2297 2298
229 228 2299
228 2298 2299
231 230 2300
232 231 2301
231 2300 2301
233 232 2302
232 2301 2302
234 233 2302
235 234 2303
234 2302 2303
236 235 2304
235 2303 2304
237 236 2305
238 237 2305
236 2304 2305
239 238 2306
245 24 2307
246 245 2308
245 2307 2308
27 246 2309
246 2308 2309
303 20 2310
304 303 2311
303 2310 2311
19 304 2312
304 2311 2312
353 19 2313
354 353 2314
353 2313 2314
355 354 2315
354 2314 2315
357 356 2316
358 357 2317
357 2316 2317
359 358 2318
358 2317 2318
360 359 2319
359 2318 2319
361 360 2319
362 361 2320
363 362 2321
362 2320 2321
364 363 2322
363 2321 2322
365 364 2322
366 365 2323
365 2322 2323
367 366 2324
366 2323 2324
368 367 2325
367 2324 2325
369 368 2325
371 370 2326
372 371 2327
371 2326 2327
373 372 2328
372 2327 2328
374 373 2328
375 374 2329
374 2328 2329
376 375 2330
375 2329 2330
378 377 2331
379 378 2332
378 2331 2332
380 379 2333
379 2332 2333
381 380 2334
380 2333 2334
382 381 2335
381 2334 2335
571 572 2336
572 573 2337
573 574 2338
574 575 2339
575 576 2340
576 577 2341
577 578 2342
578 579 2343
579 580 2344
580 581 2345
581 582 2346
582 583 2347
583 584 2348
584 585 2349
585 586 2350
586 587 2351
587 588 2352
588 589 2353
589 590 2354
590 591 2355
591 592 2356
592 593 2357
593 594 2358
594 595 2359
595 596 2360
596 597 2361
597 598 2362
598 599 2363
599 600 2364
600 601 2365
601 571 2366
222 221 2367
226 2296 2297
238 2305 2306
230 229 2368
2307 24 2369
230 2368 2300
27 2309 2290
20 239 2370
19 2312 2313
2310 20 2371
20 2370 2371
361 2319 2320
356 355 2372
356 2372 2316
369 2325 2373
2337 573 2338
2326 370 2373
370 369 2373
377 376 2374
571 2336 2366
2336 572 2337
24 382 2369
574 2339 2338
575 2340 2339
576 2341 2340
577 2342 2341
578 2343 2342
579 2344 2343
580 2345 2344
581 2346 2345
582 2347 2346
583 2348 2347
584 2349 2348
585 2350 2349
586 2351 2350
587 2352 2351
588 2353 2352
589 2354 2353
590 2355 2354
591 2356 2355
592 2357 2356
593 2358 2357
594 2359 2358
595 2360 2359
596 2361 2360
597 2362 2361
598 2363 2362
599 2364 2363
600 2365 2364
601 2366 2365
222 2367 2294
2370 239 2306
377 2374 2331
2292 2291 2375
2293 2292 2376
2292 2375 2376
2338 2339 2377
2296 2295 2378
2306 2305 2379
2368 229 2299
2299 2298 2380
2290 2309 2381
2307 2369 2382
2331 2374 2383
2308 2307 2384
2307 2382 2384
2303 2302 2363
2300 2368 2385
2368 2299 2385
2313 2312 2386
2309 2308 2387
2308 2384 2387
355 2315 2372
2312 2311 2388
2315 2314 2389
2316 2372 2390
2318 2317 2391
2319 2318 2392
2318 2391 2392
2321 2320 2393
2373 2325 2394
2337 2338 2395
2322 2321 2396
2321 2393 2396
2323 2322 2396
2324 2323 2397
2325 2324 2398
2394 2325 2398
2324 2397 2398
2327 2326 2399
2328 2327 2400
2327 2399 2400
2332 2331 2401
2331 2383 2401
2329 2328 2400
2402 2430 2329
2329 2400 2402
2366 2336 2379
2333 2332 2403
2332 2401 2403
2334 2333 2404
2335 2334 2404
2333 2403 2404
2326 2373 2399
2320 2319 2405
2393 2320 2405
2319 2392 2405
2291 2290 2406
2375 2291 2406
2290 2381 2406
2311 2310 2407
2388 2311 2407
2310 2371 2407
2314 2313 2408
2389 2314 2408
2313 2386 2408
2317 2316 2409
2391 2317 2409
2316 2390 2409
2339 2340 2410
2340 2341 2411
2341 2342 2412
2342 2343 2413
2343 2344 2414
2344 2345 2415
2345 2346 2416
2347 2348 2417
2348 2349 2418
2349 2350 2419
2350 2351 2420
2352 2353 2421
2353 2354 2422
2354 2355 2378
2356 2357 2423
2357 2358 2424
2358 2359 2380
2359 2360 2385
2361 2300 2360
2363 2364 2303
2364 2365 2304
2294 2367 2421
2336 2337 2425
2337 2395 2425
2364 2304 2303
2372 2315 2389
221 2293 2367
2293 2376 2367
2377 2339 2410
2370 2306 2426
2297 2296 2423
2306 2379 2426
2298 2297 2424
2380 2298 2424
2302 2301 2427
2305 2304 2428
2386 2312 2388
2309 2387 2381
2371 2370 2426
2374 376 2330
2323 2396 2397
382 2335 2369
2373 2394 2399
2335 2404 2429
2374 2330 2383
2297 2423 2424
2383 2330 2430
2369 2335 2431
2330 2329 2430
2338 2377 2395
2335 2429 2431
2417 2348 2418
2416 2346 2432
2346 2347 2432
2424 2358 2380
2423 2357 2424
2422 2354 2378
2421 2353 2422
2420 2351 2433
2419 2350 2420
2418 2349 2419
2410 2340 2411
2390 2372 2434
2372 2389 2434
2385 2299 2380
2378 2295 2422
2422 2295 2294
2415 2345 2416
2414 2344 2415
2301 2300 2361
2413 2343 2414
2412 2342 2413
2411 2341 2412
2432 2347 2435
2347 2417 2435
2433 2351 2352
2422 2294 2421
2433 2352 2421
2355 2356 2436
2361 2362 2427
2362 2363 2427
2304 2365 2428
2365 2366 2428
2336 2425 2379
2436 2356 2423
2355 2436 2378
2361 2427 2301
2427 2363 2302
2423 2296 2436
2436 2296 2378
2395 2377 2437
2426 2379 2425
2305 2428 2379
2386 2388 2438
2376 2375 2433
2377 2410 2439
5343 5356 5360
2417 2418 2440
2429 2404 2441
2369 2431 2382
2430 2402 2442
2400 2399 2443
2397 2396 2444
2401 2383 2445
2383 2430 2445
2403 2401 2446
2401 2445 2446
2402 2400 2443
2404 2403 2441
2425 2395 2447
2426 2425 2447
2395 2437 2447
2380 2359 2385
2431 2429 2448
2392 2391 2449
2384 2382 2450
2382 2431 2450
2371 2426 2447
2385 2360 2300
2415 2416 2451
2413 2414 2452
2411 2412 2453
2412 2413 2454
2413 2452 2454
2414 2415 2455
2416 2432 2456
2451 2416 2456
2432 2435 2456
2410 2411 2457
2439 2410 2457
2411 2453 2457
2418 2419 2458
2420 2433 2375
2433 2421 2376
2421 2367 2376
2420 2375 2406
2428 2366 2379
2440 2418 2458
2420 2406 2419
2437 2377 2439
2388 2407 2459
2438 2388 2459
2453 2412 2454
2409 2390 2460
2408 2386 2461
2389 2408 2462
2434 2389 2462
2408 2461 2462
2417 2440 2435
2429 2441 2463
2371 2447 2407
2442 2402 2464
2402 2443 2464
2398 2397 2465
2397 2444 2465
2394 2398 2466
2398 2465 2466
2381 2387 2467
2387 2384 2467
2399 2394 2468
2405 2392 2469
2392 2449 2469
2449 2391 2470
2391 2409 2470
2396 2393 2471
2393 2405 2469
2384 2450 2467
2399 2468 2443
2386 2438 2461
2452 2414 2455
2419 2406 2458
2429 2463 2448
2390 2434 2460
2455 2415 2451
2444 2396 2471
2450 2431 2472
2467 2450 2472
2431 2448 2472
2468 2394 2466
2471 2393 2469
2448 2463 2473
2459 2407 2447
2445 2430 2442
2452 2455 2474
2455 2451 2475
2453 2454 2476
2435 2440 2473
2463 2441 2477
2443 2468 2478
2464 2443 2478
2468 2466 2478
2471 2469 2479
2447 2437 2459
2437 2439 2480
2469 2449 2481
2454 2452 2482
2476 2454 2482
2452 2474 2482
2409 2460 2470
2460 2434 2483
2444 2471 2484
2471 2479 2484
2461 2438 2480
2459 2437 2438
2462 2461 2485
2475 2451 2486
2403 2446 2477
2467 2472 2440
2474 2455 2475
2453 2476 2487
2457 2453 2487
2435 2473 2456
2463 2477 2488
2477 2446 2489
2403 2477 2441
2489 2446 2490
2446 2445 2490
2488 2477 2489
2434 2462 2491
2483 2434 2491
2462 2485 2491
2445 2442 2490
2406 2381 2458
2479 2469 2481
2465 2444 2484
2466 2465 2492
2465 2484 2492
2442 2464 2493
2481 2449 2470
2485 2461 2480
2480 2439 2494
2485 2480 2494
2439 2457 2494
2460 2483 2495
2473 2463 2488
2442 2493 2490
2470 2460 2495
2440 2472 2448
2440 2448 2473
2478 2466 2492
2438 2437 2480
2475 2486 2496
2467 2440 2458
2474 2475 2497
2487 2476 2498
2470 2495 2481
2456 2473 2488
2457 2487 2494
2464 2478 2499
2493 2464 2499
2478 2492 2499
2492 2484 2500
2488 2489 2486
2484 2479 2500
2495 2483 2501
2486 2451 2488
2479 2481 2502
2500 2479 2502
2481 2495 2502
2451 2456 2488
2486 2489 2496
2467 2458 2381
2497 2475 2496
2487 2498 2501
2499 2492 2500
2491 2485 2494
2493 2499 2503
2493 2503 2496
2490 2493 2496
2482 2474 2504
2474 2497 2504
2501 2498 2505
2499 2500 2503
2483 2491 2506
5347 5354 5359
2495 2501 2505
2501 2483 2506
2494 2487 2506
2476 2482 2507
2501 2506 2487
2502 2495 2505
2502 2505 2508
2498 2476 2507
2505 2498 2508
2506 2491 2494
2507 2482 2504
2498 2507 2508
2507 2504 2508
2508 2509 2500
2496 2503 2497
2489 2490 2496
2504 2497 2509
2508 2500 2502
2497 2503 2509
2508 2504 2509
2503 2500 2509
23 252 2510
253 254 2511
255 256 2512
257 258 2513
259 260 2514
261 262 2515
263 264 2516
265 266 2517
267 268 2518
269 270 2519
271 272 2520
273 18 2521
315 21 2522
316 315 2523
315 2522 2523
317 316 2524
316 2523 2524
318 317 2525
317 2524 2525
319 318 2526
318 2525 2526
321 320 2527
322 321 2528
321 2527 2528
323 322 2529
322 2528 2529
324 323 2530
323 2529 2530
325 324 2530
326 325 2531
327 326 2532
326 2531 2532
328 327 2533
327 2532 2533
329 328 2533
330 329 2534
329 2533 2534
331 330 2535
332 331 2535
330 2534 2535
333 332 2536
334 333 2537
333 2536 2537
335 334 2538
334 2537 2538
336 335 2538
338 337 2539
339 338 2540
338 2539 2540
340 339 2541
339 2540 2541
341 340 2542
342 341 2542
340 2541 2542
343 342 2543
344 343 2544
343 2543 2544
345 344 2545
344 2544 2545
346 345 2546
345 2545 2546
17 347 2547
383 17 2548
384 383 2549
383 2548 2549
18 384 2550
384 2549 2550
21 385 2551
386 23 2552
602 603 2553
603 604 2554
604 605 2555
605 606 2556
606 607 2557
607 608 2558
608 609 2559
610 611 2560
611 612 2561
612 613 2562
613 614 2563
614 615 2564
615 616 2565
616 617 2566
617 618 2567
618 619 2568
620 621 2569
621 622 2570
623 624 2571
624 625 2572
625 626 2573
626 627 2574
627 628 2575
628 629 2576
629 630 2577
630 631 2578
631 632 2579
632 602 2580
252 253 2581
254 255 2582
256 257 2583
258 259 2584
260 261 2585
262 263 2586
264 265 2587
266 267 2588
268 269 2589
270 271 2590
272 273 2591
325 2530 2531
320 319 2592
17 2547 2548
320 2592 2527
332 2535 2536
336 2538 2593
2539 337 2593
337 336 2593
342 2542 2543
347 346 2594
18 2550 2521
21 2551 2522
2551 385 2595
385 386 2595
386 2552 2595
602 2553 2580
603 2554 2553
604 2555 2554
605 2556 2555
606 2557 2556
607 2558 2557
608 2559 2558
610 2560 2596
609 610 2596
611 2561 2560
612 2562 2561
613 2563 2562
614 2564 2563
615 2565 2564
616 2566 2565
617 2567 2566
618 2568 2567
619 620 2597
621 2570 2569
623 2571 2598
622 623 2598
624 2572 2571
625 2573 2572
626 2574 2573
627 2575 2574
628 2576 2575
629 2577 2576
630 2578 2577
631 2579 2578
632 2580 2579
252 2581 2510
23 2510 2552
2511 254 2582
2512 256 2583
2513 258 2584
2514 260 2585
2515 262 2586
2516 264 2587
2517 266 2588
2518 268 2589
2519 270 2590
2520 272 2591
2559 609 2596
619 2597 2568
2570 622 2598
2581 253 2511
2582 255 2512
2583 257 2513
2584 259 2514
2585 261 2515
2586 263 2516
2587 265 2517
2588 267 2518
2589 269 2519
2590 271 2520
2591 273 2521
347 2594 2547
2597 620 2569
2582 2512 2599
2513 2584 2600
2584 2514 2601
2600 2584 2601
2514 2585 2601
2515 2586 2602
2586 2516 2603
2602 2586 2603
2516 2587 2603
2517 2588 2604
2588 2518 2604
2518 2589 2605
2589 2519 2606
2605 2589 2606
2519 2590 2606
2590 2520 2607
2591 2521 2608
2559 2596 2609
2547 2594 2610
2531 2530 2561
2524 2523 2611
2525 2524 2612
2524 2611 2612
2526 2525 2613
2525 2612 2613
2536 2535 2568
2548 2547 2614
2529 2528 2615
2532 2531 2563
2543 2542 2616
2538 2570 2593
2563 2564 2532
2527 2592 2617
2534 2533 2565
2536 2597 2537
2538 2537 2569
2540 2539 2618
2594 346 2546
2541 2540 2573
2542 2541 2616
2544 2543 2619
2543 2616 2619
2541 2573 2616
2545 2544 2620
2544 2619 2620
2521 2550 2621
2580 2553 2622
2550 2549 2623
2595 2552 2624
2596 2560 2615
2581 2511 2625
2552 2510 2626
2522 2551 2627
2551 2595 2628
2595 2624 2628
2523 2522 2629
2611 2523 2629
2522 2627 2629
2528 2527 2630
2549 2548 2631
2623 2549 2631
2548 2614 2631
2511 2582 2632
2625 2511 2632
2582 2599 2632
2554 2555 2633
2556 2557 2634
2557 2558 2635
2558 2559 2636
2565 2566 2534
2571 2572 2618
2575 2576 2637
2576 2577 2638
2577 2578 2639
2578 2579 2640
2579 2580 2641
2510 2581 2642
2581 2625 2642
2553 2554 2643
2594 2546 2610
2512 2583 2644
2583 2513 2645
2603 2587 2646
2585 2515 2647
2606 2590 2607
2517 2604 2646
2587 2517 2646
2604 2518 2605
2608 2521 2621
2520 2591 2648
2559 2609 2636
2547 2610 2614
319 2526 2592
2536 2568 2597
2568 2535 2649
2530 2529 2650
2593 2598 2651
2538 2569 2570
2539 2593 2651
2644 2583 2645
2573 2540 2618
2622 2553 2643
2621 2550 2623
2546 2545 2652
2580 2622 2641
2596 2615 2609
2599 2512 2644
2554 2633 2643
2598 2571 2651
2552 2626 2624
2647 2515 2602
2645 2513 2600
2640 2579 2641
2639 2578 2640
2638 2577 2639
2637 2576 2638
2627 2551 2628
2626 2510 2642
2633 2555 2653
2555 2556 2653
2615 2560 2650
2635 2558 2636
2634 2557 2635
2556 2634 2653
2534 2566 2649
2560 2561 2650
2562 2563 2531
2564 2565 2533
2566 2567 2649
2598 2593 2570
2575 2637 2654
2574 2575 2654
2610 2546 2655
2546 2652 2655
2592 2526 2613
2585 2647 2601
2648 2591 2608
2650 2529 2615
2649 2535 2534
2592 2613 2617
2630 2527 2617
2640 2641 2656
2600 2601 2657
2601 2647 2657
2645 2600 2658
2606 2607 2659
2602 2603 2660
2603 2646 2660
2607 2520 2648
2605 2606 2659
2624 2626 2661
2613 2612 2662
2644 2645 2663
2571 2618 2651
2622 2643 2664
2618 2539 2651
2545 2620 2652
2619 2616 2654
2608 2621 2665
2619 2654 2637
2641 2622 2666
2604 2605 2667
2642 2625 2668
2528 2630 2615
2614 2610 2669
2610 2655 2669
2628 2624 2670
2562 2531 2561
2647 2602 2671
2657 2647 2671
2602 2660 2671
2626 2642 2672
2661 2626 2672
2642 2668 2672
2653 2634 2673
2634 2635 2674
2627 2628 2675
2637 2638 2676
2638 2639 2677
2639 2640 2678
2640 2656 2678
2633 2653 2679
2561 2530 2650
2643 2633 2680
2648 2608 2681
2608 2665 2681
2652 2620 2676
2600 2657 2658
2607 2648 2682
2648 2681 2682
2607 2682 2659
2624 2661 2670
2663 2645 2658
2646 2604 2683
2636 2609 2630
2646 2683 2660
2569 2537 2597
2625 2632 2668
2573 2574 2616
2628 2670 2675
2533 2532 2564
2630 2617 2636
2683 2604 2667
2667 2605 2684
2605 2659 2684
2652 2676 2655
2619 2637 2620
2666 2622 2685
2622 2664 2685
2611 2629 2686
2621 2623 2687
2665 2621 2687
2653 2673 2679
2617 2613 2688
2635 2636 2688
2674 2635 2688
2629 2627 2689
2686 2629 2689
2627 2675 2689
2631 2614 2690
2623 2631 2691
2631 2690 2691
2567 2568 2649
2572 2573 2618
2620 2637 2676
2687 2623 2691
2690 2614 2669
2688 2636 2617
2641 2666 2656
2612 2611 2692
2612 2692 2662
2599 2644 2663
2692 2611 2686
2682 2681 2693
2630 2609 2615
2683 2667 2694
2599 2663 2632
2673 2634 2686
2660 2683 2695
2683 2694 2695
2692 2686 2674
2680 2633 2696
2633 2679 2696
2658 2657 2697
2664 2643 2680
2670 2661 2698
2675 2670 2699
2679 2673 2699
2665 2687 2700
2692 2674 2662
2663 2658 2701
2677 2639 2702
2676 2638 2703
2691 2690 2704
2690 2669 2677
2678 2656 2705
2634 2674 2686
2668 2632 2663
2654 2616 2574
2638 2677 2703
2639 2678 2702
2656 2666 2706
2655 2676 2703
2702 2678 2707
2681 2665 2693
2659 2682 2708
2684 2659 2708
2682 2693 2708
2687 2691 2709
2700 2687 2709
2691 2704 2709
2668 2663 2710
2663 2701 2710
2680 2696 2711
2696 2679 2712
2703 2677 2669
2655 2703 2669
2658 2697 2701
2711 2696 2712
2660 2695 2671
2613 2662 2688
2688 2662 2674
2697 2657 2671
2664 2680 2713
2698 2661 2714
2661 2672 2714
2675 2699 2673
2679 2699 2712
2685 2664 2715
2664 2713 2715
2666 2685 2706
2667 2684 2694
2665 2700 2693
2677 2702 2704
2690 2677 2704
2678 2705 2707
2673 2686 2689
2673 2689 2675
2680 2711 2713
2695 2694 2716
2671 2695 2697
2672 2668 2717
2714 2672 2717
2668 2710 2717
2704 2702 2707
2656 2706 2718
2693 2700 2719
2701 2697 2715
2697 2695 2716
2718 2706 2720
2656 2718 2705
2704 2707 2709
2670 2698 2699
2706 2685 2721
2694 2684 2721
2705 2718 2719
2720 2706 2721
2713 2711 2701
2715 2713 2701
2707 2705 2719
2715 2697 2716
2711 2712 2717
2721 2685 2715
2694 2721 2716
2684 2708 2720
2684 2720 2721
2708 2693 2719
2717 2712 2714
5352 5347 5359
2699 2698 2712
2717 2710 2711
2718 2720 2708
2698 2714 2712
2719 2700 2707
2721 2715 2716
2718 2708 2719
2711 2710 2701
2707 2700 2709
5348 5349 5358
417 5 424
418 417 2722
7 418 2723
458 7 2723
418 2722 2723
425 426 2724
427 428 2725
428 8 463
459 458 2726
458 2723 2726
460 459 2727
459 2726 2727
461 460 2728
460 2727 2728
462 461 2729
461 2728 2729
11 462 464
463 464 2730
15 496 530
496 497 2731
497 16 525
521 14 532
522 521 2732
523 522 2733
522 2732 2733
524 523 2734
523 2733 2734
521 532 2732
13 526 531
526 527 2735
527 528 2733
528 529 2734
417 424 2722
530 496 2731
497 525 2731
531 526 2735
530 2731 529
424 425 2736
426 427 2737
463 2730 428
2724 426 2737
464 462 2729
2737 427 2725
2734 529 2731
525 524 2731
2733 528 2734
2722 424 2736
2731 524 2734
532 531 2735
2736 425 2724
464 2729 2730
2737 2725 2728
2724 2737 2727
2728 2725 2729
532 2735 2732
2727 2726 2724
2728 2727 2737
2732 2735 2733
2733 2735 527
2736 2724 2726
2722 2736 2723
2736 2726 2723
2729 2725 2730
2725 428 2730
6 429 2738
430 431 2739
432 433 2740
434 435 2741
436 437 2742
438 439 2743
440 441 2744
442 443 2745
444 445 2746
446 447 2747
448 449 2748
450 451 2749
452 6 2750
453 452 2751
452 2750 2751
9 453 2752
453 2751 2752
465 9 2753
466 465 2754
465 2753 2754
467 466 2755
466 2754 2755
469 468 2756
470 469 2757
469 2756 2757
471 470 2758
470 2757 2758
472 471 2759
471 2758 2759
474 473 2760
475 474 2761
474 2760 2761
476 475 2762
475 2761 2762
477 476 2762
478 477 2763
477 2762 2763
479 478 2764
478 2763 2764
480 479 2765
479 2764 2765
481 480 2766
482 481 2766
480 2765 2766
483 482 2767
484 483 2768
483 2767 2768
485 484 2769
484 2768 2769
486 485 2769
487 486 2770
486 2769 2770
488 487 2771
487 2770 2771
489 488 2772
490 489 2772
488 2771 2772
491 490 2773
492 491 2774
491 2773 2774
493 492 2775
492 2774 2775
494 493 2776
493 2775 2776
14 495 2777
13 531 2778
532 14 2779
664 665 2780
665 666 2781
666 667 2782
667 668 2783
668 669 2784
669 670 2785
670 671 2786
671 672 2787
672 673 2788
673 674 2789
674 675 2790
675 676 2791
676 677 2792
677 678 2793
678 679 2794
679 680 2795
680 681 2796
681 682 2797
682 683 2798
683 684 2799
684 685 2800
685 686 2801
686 687 2802
687 688 2803
688 689 2804
689 690 2805
690 691 2806
691 692 2807
692 693 2808
693 694 2809
694 664 2810
429 430 2811
431 432 2812
433 434 2813
435 436 2814
437 438 2815
439 440 2816
441 442 2817
443 444 2818
445 446 2819
447 448 2820
449 450 2821
9 2752 2753
451 13 2822
451 2822 2749
468 467 2823
473 472 2759
482 2766 2767
2779 14 2777
2778 531 2824
531 532 2824
495 494 2825
13 2778 2822
532 2779 2824
495 2825 2777
664 2780 2810
665 2781 2780
666 2782 2781
667 2783 2782
668 2784 2783
669 2785 2784
670 2786 2785
671 2787 2786
672 2788 2787
673 2789 2788
674 2790 2789
675 2791 2790
676 2792 2791
677 2793 2792
678 2794 2793
679 2795 2794
680 2796 2795
681 2797 2796
682 2798 2797
683 2799 2798
684 2800 2799
685 2801 2800
686 2802 2801
687 2803 2802
688 2804 2803
689 2805 2804
690 2806 2805
691 2807 2806
692 2808 2807
693 2809 2808
694 2810 2809
429 2811 2738
6 2738 2750
2739 431 2812
2740 433 2813
2741 435 2814
2742 437 2815
2743 439 2816
2744 441 2817
2745 443 2818
2746 445 2819
2747 447 2820
2748 449 2821
468 2823 2756
2811 430 2739
2812 432 2740
2813 434 2741
2814 436 2742
2815 438 2743
2816 440 2744
2817 442 2745
2818 444 2746
2819 446 2747
2820 448 2748
2821 450 2749
473 2759 2760
2812 2740 2826
2740 2813 2827
2826 2740 2827
2813 2741 2827
2741 2814 2828
2816 2744 2829
2744 2817 2829
2817 2745 2830
2746 2819 2831
2819 2747 2832
2831 2819 2832
2747 2820 2832
2820 2748 2833
2821 2898 2748
2821 2749 2834
2756 2823 2835
2760 2759 2836
2753 2752 2837
2824 2779 2838
467 2755 2823
2752 2751 2839
490 2772 2840
2755 2754 2841
2811 2739 2842
2767 2766 2843
2758 2757 2844
2759 2758 2845
2836 2759 2845
2758 2844 2845
2762 2761 2846
2777 2825 2847
2763 2762 2848
2762 2846 2848
2764 2763 2848
2765 2764 2849
2766 2765 2843
2768 2767 2850
2767 2843 2850
2779 2777 2851
2778 2824 2852
2824 2838 2852
2769 2768 2853
2768 2850 2853
2770 2769 2853
2771 2770 2854
2770 2853 2854
2772 2771 2855
2775 2774 2856
2776 2775 2857
2775 2856 2857
2810 2780 2858
2822 2778 2859
2750 2738 2860
2739 2812 2861
2842 2739 2861
2812 2826 2861
2751 2750 2862
2839 2751 2862
2750 2860 2862
2754 2753 2863
2841 2754 2863
2753 2837 2863
2757 2756 2864
2844 2757 2864
2756 2835 2864
2761 2760 2865
2846 2761 2865
2760 2836 2865
2781 2782 2866
2783 2784 2867
2785 2786 2868
2787 2788 2869
2789 2790 2870
2790 2791 2871
2791 2792 2872
2792 2793 2873
2793 2794 2874
2795 2796 2875
2796 2797 2876
2798 2799 2831
2799 2800 2877
2801 2802 2830
2802 2803 2829
2804 2805 2878
2806 2807 2879
2807 2808 2828
2809 2810 2880
2738 2811 2881
2860 2738 2881
2811 2842 2881
2780 2781 2882
2858 2780 2882
2781 2866 2882
2840 2772 2855
2823 2755 2841
2817 2830 2829
2741 2828 2883
2827 2741 2883
2828 2808 2883
2816 2829 2884
2743 2816 2884
2829 2803 2884
2814 2742 2879
2742 2815 2885
2815 2743 2878
2879 2742 2885
2830 2745 2877
2746 2831 2877
2745 2818 2877
2818 2746 2877
2835 2823 2886
2823 2841 2886
2820 2833 2832
2834 2749 2887
2749 2822 2887
2840 2855 2888
2771 2854 2855
2840 2888 2889
490 2840 2773
2752 2839 2837
2779 2851 2838
2828 2814 2879
2764 2848 2849
2777 2847 2851
2843 2765 2890
2765 2849 2890
2778 2852 2859
2856 2774 2889
2825 494 2776
2840 2889 2773
2810 2858 2880
2774 2773 2889
2776 2857 2891
2822 2859 2887
2743 2884 2878
2879 2807 2828
2875 2796 2876
2874 2794 2892
2794 2795 2892
2873 2793 2874
2872 2792 2873
2871 2791 2872
2870 2790 2871
2869 2788 2893
2788 2789 2893
2868 2786 2894
2786 2787 2894
2867 2784 2895
2784 2785 2895
2783 2867 2896
2782 2783 2896
2785 2868 2895
2787 2869 2894
2789 2870 2893
2795 2875 2892
2798 2831 2797
2799 2877 2831
2800 2801 2830
2802 2829 2830
2804 2878 2884
2803 2804 2884
2806 2879 2885
2805 2806 2885
2809 2880 2883
2808 2809 2883
2866 2782 2896
2825 2776 2847
2885 2815 2878
2805 2885 2878
2776 2891 2847
2800 2830 2877
2797 2831 2876
2826 2827 2880
2866 2896 2897
2827 2883 2880
2833 2748 2898
2888 2855 2899
2889 2888 2900
2880 2858 2826
2859 2852 2901
2851 2847 2902
2847 2891 2902
2850 2843 2890
2853 2850 2903
2854 2853 2904
2853 2903 2904
2837 2839 2905
2891 2857 2906
2887 2859 2907
2849 2848 2908
2856 2889 2909
2857 2856 2909
2889 2900 2909
2910 2908 2846
2893 2870 2911
2894 2869 2912
2896 2867 2913
2895 2868 2914
2867 2895 2915
2913 2867 2915
2895 2914 2915
2868 2894 2916
2914 2868 2916
2894 2912 2916
2869 2893 2917
2893 2911 2917
2870 2871 2918
2872 2873 2919
2873 2874 2920
2874 2892 2907
2898 2821 2834
2826 2858 2861
2838 2851 2921
2834 2887 2892
2892 2887 2907
2866 2897 2922
2900 2888 2923
2888 2899 2923
2897 2896 2913
2912 2869 2917
2886 2841 2924
2841 2863 2924
2835 2886 2925
2831 2832 2876
2848 2846 2908
2846 2865 2910
2926 2899 2854
2844 2864 2927
2921 2851 2902
2901 2852 2928
2852 2838 2928
2863 2837 2929
2924 2863 2929
2837 2905 2929
2836 2845 2930
2903 2850 2890
2930 2938 2836
2907 2859 2901
2854 2904 2926
2905 2839 2897
2835 2925 2864
2857 2909 2906
2902 2891 2931
2891 2906 2931
2842 2861 2858
2833 2898 2875
2838 2921 2928
2882 2866 2922
2870 2918 2911
2932 2911 2918
2845 2844 2927
2920 2874 2907
2919 2873 2920
2918 2871 2933
2871 2872 2933
2872 2919 2933
2898 2834 2892
2860 2881 2922
2832 2833 2876
2862 2860 2922
2875 2876 2833
2842 2858 2882
2897 2839 2862
2842 2882 2881
2930 2845 2927
2925 2886 2934
2862 2922 2897
2927 2864 2925
2920 2907 2901
2921 2902 2935
2882 2922 2881
2927 2925 2936
2903 2890 2937
2910 2865 2938
2890 2849 2939
2937 2890 2939
2849 2908 2939
2901 2928 2920
2904 2903 2940
2903 2937 2940
2917 2911 2941
2920 2928 2919
2930 2927 2942
2865 2836 2938
2908 2910 2943
2875 2898 2892
2926 2904 2944
2928 2921 2919
2912 2917 2945
2933 2919 2946
2918 2933 2947
2906 2909 2948
2909 2900 2948
2916 2912 2949
2912 2945 2949
2934 2886 2924
2855 2854 2899
2897 2913 2950
2939 2908 2943
2905 2897 2950
2935 2902 2931
2905 2950 2929
2948 2900 2951
2900 2923 2951
2917 2941 2945
2927 2936 2942
2941 2911 2932
2904 2940 2944
2938 2930 2952
2930 2942 2952
2931 2906 2953
2906 2948 2953
2947 2933 2946
2919 2921 2935
2932 2918 2947
2926 2944 2954
2899 2926 2923
2950 2913 2955
2923 2926 2954
2955 2913 2915
2914 2916 2956
2916 2949 2956
2914 2956 2957
2915 2914 2958
2914 2957 2958
2945 2941 2959
2939 2943 2960
2910 2938 2961
2937 2939 2960
2940 2937 2960
2924 2929 2962
2934 2924 2962
2929 2950 2962
2941 2932 2963
2943 2910 2961
2961 2938 2952
2946 2919 2935
2942 2936 2964
2954 2944 2965
2935 2931 2966
2946 2935 2966
2931 2953 2966
2925 2934 2936
2957 2956 2967
2955 2915 2958
2947 2946 2966
2936 2934 2968
2950 2955 2962
2944 2940 2969
2965 2944 2969
2940 2960 2969
2943 2961 2970
2960 2943 2970
2961 2952 2970
2945 2959 2971
2923 2954 2951
2945 2971 2949
2952 2942 2972
2970 2952 2972
2942 2964 2972
2964 2936 2968
2967 2956 2973
2956 2949 2973
2958 2957 2968
2965 2959 2963
2947 2966 2974
2966 2953 2974
2968 2934 2958
2957 2967 2964
2932 2947 2975
2941 2963 2959
2968 2957 2964
2932 2975 2963
2951 2954 2976
2949 2971 2973
2954 2965 2976
2947 2974 2975
2964 2967 2977
2972 2964 2977
2967 2973 2977
2959 2965 2978
2971 2959 2978
2965 2969 2978
2960 2970 2979
2969 2960 2979
2970 2972 2979
2973 2971 2980
2977 2973 2980
2971 2978 2980
2948 2951 2981
2934 2962 2958
2951 2976 2981
2953 2948 2981
2981 2976 2975
2975 2976 2963
2981 2975 2974
2978 2969 2979
2974 2953 2981
2963 2976 2965
2979 2972 2977
2955 2958 2962
2978 2979 2980
2977 2980 2979
496 15 2982
497 496 2983
496 2982 2983
16 497 2984
497 2983 2984
15 498 2985
499 500 2986
501 502 2987
503 504 2988
505 506 2989
507 508 2990
508 509 2991
2990 508 2991
509 510 2991
510 511 2992
512 513 2993
514 515 2994
516 517 2995
518 519 2996
520 10 2997
533 16 2998
534 533 2999
533 2998 2999
535 534 3000
534 2999 3000
536 535 3001
535 3000 3001
538 537 3002
539 538 3003
538 3002 3003
540 539 3004
539 3003 3004
541 540 3004
542 541 3005
541 3004 3005
543 542 3006
542 3005 3006
544 543 3007
543 3006 3007
545 544 3008
544 3007 3008
547 546 3009
548 547 3010
547 3009 3010
549 548 3011
548 3010 3011
550 549 3011
551 550 3012
550 3011 3012
552 551 3013
553 552 3013
551 3012 3013
554 553 3014
555 554 3015
554 3014 3015
556 555 3016
555 3015 3016
557 556 3017
556 3016 3017
558 557 3017
559 558 3018
558 3017 3018
561 560 3019
562 561 3020
561 3019 3020
563 562 3021
562 3020 3021
569 12 3022
570 569 3023
569 3022 3023
10 570 3024
570 3023 3024
695 696 3025
696 697 3026
697 698 3027
698 699 3028
699 700 3029
700 701 3030
701 702 3031
702 703 3032
703 704 3033
704 705 3034
706 707 3035
707 708 3036
708 709 3037
709 710 3038
710 711 3039
711 712 3040
712 713 3041
713 714 3042
714 715 3043
715 716 3044
716 717 3045
717 718 3046
718 719 3047
719 720 3048
721 722 3049
722 723 3050
723 724 3051
724 725 3052
725 695 3053
15 2985 2982
498 499 3054
500 501 3055
502 503 3056
504 505 3057
506 507 3058
510 2992 2991
511 512 3059
513 514 3060
515 516 3061
517 518 3062
519 520 3063
537 536 3064
546 545 3008
553 3013 3014
559 3018 3065
560 559 3065
10 3024 2997
12 563 3066
695 3025 3053
3025 696 3026
697 3027 3026
698 3028 3027
699 3029 3028
700 3030 3029
701 3031 3030
702 3032 3031
703 3033 3032
704 3034 3033
706 3035 3067
705 706 3067
707 3036 3035
708 3037 3036
709 3038 3037
710 3039 3038
711 3040 3039
712 3041 3040
713 3042 3041
714 3043 3042
715 3044 3043
716 3045 3044
717 3046 3045
718 3047 3046
719 3048 3047
720 721 3068
722 3050 3049
723 3051 3050
724 3052 3051
725 3053 3052
16 2984 2998
498 3054 2985
2986 500 3055
2987 502 3056
2988 504 3057
2989 506 3058
2992 511 3059
2994 515 3061
2995 517 3062
2996 519 3063
12 3066 3022
3034 705 3067
720 3068 3048
3055 501 2987
3056 503 2988
3057 505 2989
3058 507 2990
3060 514 2994
3061 516 2995
3062 518 2996
3063 520 2997
3054 499 2986
3059 512 2993
513 3060 2993
537 3064 3002
546 3008 3009
3066 563 3021
3068 721 3049
2984 2983 3069
2986 3055 3070
3059 2993 3071
2987 3056 3072
2988 3057 3073
2989 3058 3074
3058 2990 3074
2992 3059 3075
3059 3071 3075
3060 2994 3076
2991 2992 3077
2990 2991 3077
2992 3075 3077
3002 3064 3078
2993 3060 3079
3071 2993 3079
3060 3076 3079
3061 2995 3080
3062 2996 3081
3063 2997 3082
3022 3066 3083
3054 2986 3084
2986 3070 3084
3068 3049 3006
3000 2999 3085
3009 3008 3052
3013 3119 3014
3004 3003 3047
3006 3005 3068
3007 3006 3049
3065 3018 3086
3011 3010 3025
3023 3022 3087
3011 3026 3012
2997 3024 3088
560 3065 3019
3016 3015 3032
3032 3117 3016
3020 3019 3089
3019 3065 3089
3021 3020 3090
3020 3089 3090
3034 3067 3086
3024 3023 3091
3023 3087 3091
3067 3035 3092
3048 3068 3005
3049 3050 3007
2982 2985 3093
2983 2982 3094
3069 2983 3094
2982 3093 3094
2994 3061 3095
3076 2994 3095
3061 3080 3095
2985 3054 3096
3093 2985 3096
3054 3084 3096
3036 3037 3097
3037 3038 3098
3038 3039 3099
3039 3040 3100
3040 3041 3101
3042 3043 3102
3043 3044 3103
3044 3045 3104
3055 2987 3105
3070 3055 3105
2987 3072 3105
3051 3052 3008
2998 2984 3106
2984 3069 3106
3051 3008 3007
3056 2988 3107
3057 2989 3108
3074 2990 3109
2990 3077 3109
3078 3064 3110
3081 2996 3111
2996 3063 3111
3073 3057 3108
2995 3062 3112
3063 3082 3111
3022 3083 3087
3036 3097 3113
3072 3056 3107
3009 3052 3114
3001 3000 3115
3014 3029 3116
3080 2995 3112
3047 3048 3004
3007 3050 3051
3010 3009 3114
3086 3018 3117
3034 3086 3117
3018 3017 3117
3034 3117 3033
3066 3021 3118
3011 3025 3026
3012 3027 3119
2997 3088 3082
3013 3012 3119
3015 3014 3116
3024 3091 3088
3097 3037 3098
3100 3040 3101
3099 3039 3100
3103 3044 3104
3102 3043 3103
3101 3041 3120
3041 3042 3120
3098 3038 3099
2999 2998 3121
3003 3002 3122
3027 3028 3119
3028 3029 3119
3066 3118 3083
3035 3036 3113
2999 3121 3085
3042 3102 3120
3045 3046 3123
3108 2989 3074
3047 3003 3122
3029 3014 3119
2998 3106 3121
3107 2988 3073
3112 3062 3081
3115 3000 3085
3021 3090 3118
3124 3118 3090
3045 3123 3104
3112 3081 3125
3110 3064 3115
3075 3071 3126
3081 3111 3125
3111 3082 3127
3073 3108 3128
3113 3097 3129
3072 3107 3130
3065 3086 3131
536 3001 3064
3001 3115 3064
3088 3091 3132
3080 3112 3133
3112 3125 3133
3025 3010 3114
3121 3106 3134
3067 3092 3086
3082 3088 3135
3127 3082 3135
3088 3132 3135
3032 3015 3031
3017 3016 3117
3089 3065 3131
3090 3089 3131
3053 3025 3114
3092 3035 3113
3091 3087 3136
3107 3073 3137
3130 3107 3137
3073 3128 3137
3083 3118 3138
3030 3031 3116
3090 3131 3124
3086 3092 3131
3032 3033 3117
3100 3101 3139
3099 3100 3140
3098 3099 3141
3101 3120 3142
3102 3103 3143
3108 3074 3144
3128 3108 3144
3074 3109 3144
3046 3047 3122
3027 3012 3026
3087 3083 3145
3136 3087 3145
3083 3138 3145
3106 3069 3146
3052 3053 3114
3085 3121 3147
3121 3134 3147
3120 3102 3148
3084 3070 3149
3131 3092 3124
3077 3075 3150
3076 3095 3151
3093 3096 3152
3110 3115 3153
3005 3004 3048
3075 3126 3150
3096 3084 3154
3152 3096 3154
3084 3149 3154
3079 3076 3155
3076 3151 3155
3071 3079 3156
3126 3071 3156
3079 3155 3156
3002 3078 3122
3115 3085 3153
3106 3146 3134
3072 3130 3149
3143 3103 3110
3031 3015 3116
3085 3147 3153
3118 3124 3138
3080 3133 3095
3132 3091 3136
3142 3120 3148
3104 3123 3078
3139 3101 3157
3101 3142 3157
3109 3077 3150
3146 3069 3158
3094 3093 3159
3093 3152 3159
3104 3078 3110
3104 3110 3103
3158 3069 3094
3100 3139 3140
3097 3098 3160
3099 3140 3141
3098 3141 3160
3129 3097 3160
3110 3153 3143
3046 3122 3123
3125 3111 3161
3149 3130 3162
3113 3129 3163
3161 3111 3127
3113 3163 3164
3161 3127 3165
3127 3135 3165
3133 3125 3166
3150 3126 3167
3132 3136 3168
3140 3139 3169
3092 3113 3164
3029 3030 3116
3129 3160 3170
3141 3140 3171
3158 3094 3159
3125 3161 3166
3109 3150 3172
3150 3167 3172
3102 3143 3173
3070 3105 3149
3134 3146 3173
3151 3095 3133
3134 3173 3143
3148 3102 3173
3160 3141 3174
3142 3148 3175
3173 3146 3176
3148 3173 3176
3146 3158 3176
3151 3133 3177
3133 3166 3177
3162 3130 3178
3130 3137 3178
3164 3163 3138
3154 3149 3179
3149 3162 3179
3129 3170 3168
3169 3139 3157
3161 3165 3180
3152 3154 3181
3154 3179 3181
3109 3172 3144
3123 3122 3078
3160 3174 3170
3145 3138 3163
3135 3132 3182
3165 3135 3182
3132 3168 3182
3161 3180 3166
3159 3152 3183
3158 3159 3183
3152 3181 3183
3137 3128 3184
3178 3137 3184
3128 3144 3184
3158 3183 3175
3136 3145 3185
3168 3136 3185
3145 3163 3185
3140 3169 3171
3092 3164 3124
3138 3124 3164
3151 3177 3155
3141 3171 3174
3142 3175 3186
3157 3142 3186
3175 3183 3186
3163 3129 3185
3129 3168 3185
3126 3156 3167
3168 3170 3182
3156 3155 3187
3167 3156 3187
3155 3177 3187
3169 3157 3188
3147 3134 3143
3072 3149 3105
3183 3181 3186
3166 3180 3189
3153 3147 3143
3171 3169 3190
3172 3167 3191
3177 3166 3189
3158 3175 3176
3174 3171 3192
3175 3148 3176
3165 3182 3193
3180 3165 3193
3182 3170 3193
3144 3172 3194
3187 3177 3192
3190 3169 3188
3194 3172 3191
3167 3187 3191
3186 3181 3195
3181 3179 3195
3184 3144 3194
3177 3189 3192
3174 3192 3189
3157 3186 3195
3180 3193 3189
3174 3189 3193
3157 3195 3188
3187 3192 3191
3170 3174 3193
3188 3196 3178
3194 3191 3190
3171 3190 3192
3194 3190 3188
3178 3184 3194
3188 3178 3194
3179 3162 3196
3179 3196 3195
3162 3178 3196
3190 3191 3192
3196 3188 3195
572 571 3197
573 572 3198
572 3197 3198
574 573 3199
573 3198 3199
575 574 3200
574 3199 3200
576 575 3201
575 3200 3201
577 576 3202
576 3201 3202
578 577 3203
577 3202 3203
579 578 3204
578 3203 3204
580 579 3205
579 3204 3205
581 580 3206
580 3205 3206
582 581 3207
581 3206 3207
583 582 3208
582 3207 3208
584 583 3209
583 3208 3209
585 584 3210
584 3209 3210
586 585 3211
585 3210 3211
587 586 3212
586 3211 3212
588 587 3213
587 3212 3213
589 588 3214
588 3213 3214
590 589 3215
589 3214 3215
591 590 3216
590 3215 3216
592 591 3217
591 3216 3217
593 592 3218
592 3217 3218
594 593 3219
593 3218 3219
595 594 3220
594 3219 3220
596 595 3221
595 3220 3221
597 596 3222
596 3221 3222
598 597 3223
597 3222 3223
599 598 3224
598 3223 3224
600 599 3225
599 3224 3225
601 600 3226
600 3225 3226
571 601 3227
601 3226 3227
820 819 3228
821 820 3229
820 3228 3229
822 821 3230
821 3229 3230
823 822 3231
822 3230 3231
824 823 3232
823 3231 3232
825 824 3233
824 3232 3233
826 825 3234
825 3233 3234
827 826 3235
826 3234 3235
828 827 3236
827 3235 3236
829 828 3237
828 3236 3237
830 829 3238
829 3237 3238
831 830 3239
830 3238 3239
832 831 3240
831 3239 3240
833 832 3241
832 3240 3241
834 833 3242
833 3241 3242
835 834 3243
834 3242 3243
836 835 3244
835 3243 3244
837 836 3245
836 3244 3245
838 837 3246
837 3245 3246
839 838 3247
838 3246 3247
840 839 3248
839 3247 3248
841 840 3249
840 3248 3249
842 841 3250
841 3249 3250
843 842 3251
842 3250 3251
844 843 3252
843 3251 3252
845 844 3253
844 3252 3253
846 845 3254
845 3253 3254
847 846 3255
846 3254 3255
848 847 3256
847 3255 3256
849 848 3257
848 3256 3257
819 849 3258
849 3257 3258
819 3258 3228
571 3227 3197
3199 3198 3259
3200 3199 3260
3199 3259 3260
3201 3200 3261
3200 3260 3261
3202 3201 3262
3201 3261 3262
3203 3202 3263
3202 3262 3263
3204 3203 3264
3203 3263 3264
3205 3204 3265
3204 3264 3265
3206 3205 3266
3205 3265 3266
3207 3206 3267
3206 3266 3267
3208 3207 3268
3207 3267 3268
3209 3208 3269
3208 3268 3269
3210 3209 3270
3209 3269 3270
3211 3210 3271
3210 3270 3271
3212 3211 3272
3211 3271 3272
3213 3212 3273
3212 3272 3273
3214 3213 3274
3213 3273 3274
3215 3214 3275
3214 3274 3275
3216 3215 3276
3215 3275 3276
3217 3216 3277
3216 3276 3277
3218 3217 3278
3217 3277 3278
3219 3218 3279
3218 3278 3279
3220 3219 3280
3219 3279 3280
3221 3220 3281
3220 3280 3281
3222 3221 3282
3221 3281 3282
3223 3222 3283
3222 3282 3283
3224 3223 3284
3223 3283 3284
3225 3224 3285
3224 3284 3285
3226 3225 3286
3225 3285 3286
3227 3226 3287
3226 3286 3287
3197 3227 3288
3227 3287 3288
3228 3258 3289
3230 3229 3290
3231 3230 3291
3230 3290 3291
3232 3231 3292
3231 3291 3292
3233 3232 3293
3232 3292 3293
3234 3233 3294
3233 3293 3294
3235 3234 3295
3234 3294 3295
3236 3235 3296
3235 3295 3296
3237 3236 3297
3236 3296 3297
3238 3237 3298
3237 3297 3298
3239 3238 3299
3238 3298 3299
3240 3239 3300
3239 3299 3300
3241 3240 3301
3240 3300 3301
3242 3241 3302
3241 3301 3302
3243 3242 3303
3242 3302 3303
3244 3243 3304
3243 3303 3304
3245 3244 3305
3244 3304 3305
3246 3245 3306
3245 3305 3306
3247 3246 3307
3246 3306 3307
3248 3247 3308
3247 3307 3308
3249 3248 3309
3248 3308 3309
3250 3249 3310
3249 3309 3310
3251 3250 3311
3250 3310 3311
3252 3251 3312
3251 3311 3312
3253 3252 3313
3252 3312 3313
3254 3253 3314
3253 3313 3314
3255 3254 3315
3254 3314 3315
3256 3255 3316
3255 3315 3316
3257 3256 3317
3256 3316 3317
3258 3257 3318
3257 3317 3318
3198 3197 3319
3197 3288 3319
3229 3228 3320
3228 3289 3320
3229 3320 3290
3289 3258 3318
3198 3319 3259
3260 3259 3321
3261 3260 3322
3260 3321 3322
3262 3261 3323
3261 3322 3323
3263 3262 3324
3262 3323 3324
3264 3263 3325
3263 3324 3325
3265 3264 3326
3264 3325 3326
3266 3265 3327
3265 3326 3327
3267 3266 3328
3266 3327 3328
3268 3267 3329
3267 3328 3329
3269 3268 3330
3268 3329 3330
3270 3269 3331
3269 3330 3331
3271 3270 3332
3270 3331 3332
3272 3271 3333
3271 3332 3333
3273 3272 3334
3272 3333 3334
3274 3273 3335
3273 3334 3335
3275 3274 3336
3274 3335 3336
3276 3275 3337
3275 3336 3337
3277 3276 3338
3276 3337 3338
3278 3277 3339
3277 3338 3339
3279 3278 3340
3278 3339 3340
3280 3279 3341
3279 3340 3341
3281 3280 3342
3280 3341 3342
3282 3281 3343
3281 3342 3343
3283 3282 3344
3282 3343 3344
3284 3283 3345
3283 3344 3345
3285 3284 3346
3284 3345 3346
3286 3285 3347
3285 3346 3347
3287 3286 3348
3286 3347 3348
3288 3287 3349
3287 3348 3349
3292 3291 3350
3293 3292 3351
3292 3350 3351
3294 3293 3352
3293 3351 3352
3295 3294 3353
3294 3352 3353
3296 3295 3354
3295 3353 3354
3297 3296 3355
3296 3354 3355
3298 3297 3356
3297 3355 3356
3299 3298 3357
3298 3356 3357
3300 3299 3358
3299 3357 3358
3301 3300 3359
3300 3358 3359
3302 3301 3360
3301 3359 3360
3303 3302 3361
3302 3360 3361
3304 3303 3362
3303 3361 3362
3305 3304 3363
3304 3362 3363
3306 3305 3364
3305 3363 3364
3307 3306 3365
3306 3364 3365
3308 3307 3366
3307 3365 3366
3309 3308 3367
3308 3366 3367
3310 3309 3368
3309 3367 3368
3311 3310 3369
3310 3368 3369
3312 3311 3370
3311 3369 3370
3313 3312 3371
3312 3370 3371
3314 3313 3372
3313 3371 3372
3315 3314 3373
3314 3372 3373
3316 3315 3374
3315 3373 3374
3317 3316 3375
3316 3374 3375
3318 3317 3376
3317 3375 3376
3319 3288 3377
3288 3349 3377
3289 3318 3378
3318 3376 3378
3290 3320 3379
3320 3289 3380
3289 3378 3380
3291 3290 3381
3290 3379 3381
3350 3291 3381
3259 3319 3382
3321 3259 3382
3319 3377 3382
3379 3320 3380
3350 3381 3383
3351 3350 3384
3350 3383 3384
3323 3322 3385
3324 3323 3386
3323 3385 3386
3325 3324 3387
3324 3386 3387
3326 3325 3388
3325 3387 3388
3327 3326 3389
3326 3388 3389
3328 3327 3390
3327 3389 3390
3329 3328 3391
3328 3390 3391
3330 3329 3392
3329 3391 3392
3331 3330 3393
3330 3392 3393
3332 3331 3394
3331 3393 3394
3333 3332 3395
3332 3394 3395
3334 3333 3396
3333 3395 3396
3335 3334 3397
3334 3396 3397
3336 3335 3398
3335 3397 3398
3337 3336 3399
3336 3398 3399
3338 3337 3400
3337 3399 3400
3339 3338 3401
3338 3400 3401
3340 3339 3402
3339 3401 3402
3341 3340 3403
3340 3402 3403
3342 3341 3404
3341 3403 3404
3343 3342 3405
3342 3404 3405
3344 3343 3406
3343 3405 3406
3345 3344 3407
3344 3406 3407
3346 3345 3408
3345 3407 3408
3347 3346 3409
3346 3408 3409
3348 3347 3410
3347 3409 3410
3349 3348 3411
3348 3410 3411
3379 3380 3412
3321 3382 3413
3352 3351 3414
3351 3384 3414
3353 3352 3415
3352 3414 3415
3354 3353 3416
3353 3415 3416
3355 3354 3417
3354 3416 3417
3356 3355 3418
3355 3417 3418
3357 3356 3419
3356 3418 3419
3358 3357 3420
3357 3419 3420
3359 3358 3421
3358 3420 3421
3360 3359 3422
3359 3421 3422
3361 3360 3423
3360 3422 3423
3362 3361 3424
3361 3423 3424
3363 3362 3425
3362 3424 3425
3364 3363 3426
3363 3425 3426
3365 3364 3427
3364 3426 3427
3366 3365 3428
3365 3427 3428
3367 3366 3429
3366 3428 3429
3368 3367 3430
3367 3429 3430
3369 3368 3431
3368 3430 3431
3370 3369 3432
3369 3431 3432
3371 3370 3433
3370 3432 3433
3372 3371 3434
3371 3433 3434
3373 3372 3435
3372 3434 3435
3374 3373 3436
3373 3435 3436
3375 3374 3437
3374 3436 3437
3376 3375 3438
3375 3437 3438
3377 3349 3439
3349 3411 3439
3378 3376 3440
3376 3438 3440
3382 3377 3441
3413 3382 3441
3377 3439 3441
3381 3379 3442
3379 3412 3442
3380 3378 3443
3378 3440 3443
3381 3442 3383
3385 3322 3444
3322 3321 3444
3380 3443 3412
3321 3413 3444
3387 3386 3445
3388 3387 3446
3387 3445 3446
3389 3388 3447
3388 3446 3447
3390 3389 3448
3389 3447 3448
3391 3390 3449
3390 3448 3449
3392 3391 3450
3391 3449 3450
3393 3392 3451
3392 3450 3451
3394 3393 3452
3393 3451 3452
3395 3394 3453
3394 3452 3453
3396 3395 3454
3395 3453 3454
3397 3396 3455
3396 3454 3455
3398 3397 3456
3397 3455 3456
3399 3398 3457
3398 3456 3457
3400 3399 3458
3399 3457 3458
3401 3400 3459
3400 3458 3459
3402 3401 3460
3401 3459 3460
3403 3402 3461
3402 3460 3461
3404 3403 3462
3403 3461 3462
3405 3404 3463
3404 3462 3463
3406 3405 3464
3405 3463 3464
3407 3406 3465
3406 3464 3465
3408 3407 3466
3407 3465 3466
3409 3408 3467
3408 3466 3467
3410 3409 3468
3409 3467 3468
3411 3410 3469
3410 3468 3469
3444 3413 3470
3412 3443 3471
3384 3383 3472
3415 3414 3473
3416 3415 3474
3415 3473 3474
3417 3416 3475
3416 3474 3475
3418 3417 3476
3417 3475 3476
3419 3418 3477
3418 3476 3477
3420 3419 3478
3419 3477 3478
3421 3420 3479
3420 3478 3479
3422 3421 3480
3421 3479 3480
3423 3422 3481
3422 3480 3481
3424 3423 3482
3423 3481 3482
3425 3424 3483
3424 3482 3483
3426 3425 3484
3425 3483 3484
3427 3426 3485
3426 3484 3485
3428 3427 3486
3427 3485 3486
3429 3428 3487
3428 3486 3487
3430 3429 3488
3429 3487 3488
3431 3430 3489
3430 3488 3489
3432 3431 3490
3431 3489 3490
3433 3432 3491
3432 3490 3491
3434 3433 3492
3433 3491 3492
3435 3434 3493
3434 3492 3493
3436 3435 3494
3435 3493 3494
3437 3436 3495
3436 3494 3495
3438 3437 3496
3437 3495 3496
3439 3411 3497
3411 3469 3497
3440 3438 3498
3438 3496 3498
3385 3444 3499
3444 3470 3499
3443 3440 3500
3440 3498 3500
3442 3412 3501
3412 3471 3501
3414 3384 3502
3384 3472 3502
3471 3443 3500
3470 3413 3503
3413 3441 3503
3414 3502 3473
3445 3386 3504
3386 3385 3504
3385 3499 3504
3441 3439 3505
3503 3441 3505
3439 3497 3505
3383 3442 3506
3472 3383 3506
3506 3442 3501
3446 3445 3507
3447 3446 3508
3446 3507 3508
3448 3447 3509
3447 3508 3509
3449 3448 3510
3448 3509 3510
3450 3449 3511
3449 3510 3511
3451 3450 3512
3450 3511 3512
3452 3451 3513
3451 3512 3513
3453 3452 3514
3452 3513 3514
3454 3453 3515
3453 3514 3515
3455 3454 3516
3454 3515 3516
3456 3455 3517
3455 3516 3517
3457 3456 3518
3456 3517 3518
3458 3457 3519
3457 3518 3519
3459 3458 3520
3458 3519 3520
3460 3459 3521
3459 3520 3521
3461 3460 3522
3460 3521 3522
3462 3461 3523
3461 3522 3523
3463 3462 3524
3462 3523 3524
3464 3463 3525
3463 3524 3525
3465 3464 3526
3464 3525 3526
3466 3465 3527
3465 3526 3527
3467 3466 3528
3466 3527 3528
3468 3467 3529
3467 3528 3529
3469 3468 3530
3468 3529 3530
3471 3500 3531
3473 3502 3532
3504 3499 3533
3506 3501 3534
3475 3474 3535
3476 3475 3536
3475 3535 3536
3477 3476 3537
3476 3536 3537
3478 3477 3538
3477 3537 3538
3479 3478 3539
3478 3538 3539
3480 3479 3540
3479 3539 3540
3481 3480 3541
3480 3540 3541
3482 3481 3542
3481 3541 3542
3483 3482 3543
3482 3542 3543
3484 3483 3544
3483 3543 3544
3485 3484 3545
3484 3544 3545
3486 3485 3546
3485 3545 3546
3487 3486 3547
3486 3546 3547
3488 3487 3548
3487 3547 3548
3489 3488 3549
3488 3548 3549
3490 3489 3550
3489 3549 3550
3491 3490 3551
3490 3550 3551
3492 3491 3552
3491 3551 3552
3493 3492 3553
3492 3552 3553
3494 3493 3554
3493 3553 3554
3495 3494 3555
3494 3554 3555
3496 3495 3556
3495 3555 3556
3497 3469 3557
3469 3530 3557
3498 3496 3558
3496 3556 3558
3500 3498 3559
3498 3558 3559
3445 3504 3560
3504 3533 3560
3472 3506 3561
3506 3534 3561
3501 3471 3562
3471 3531 3562
3502 3472 3563
3472 3561 3563
3474 3473 3564
3473 3532 3564
3502 3563 3532
3507 3445 3560
3470 3503 3565
3531 3500 3559
3534 3501 3562
3533 3499 3566
3499 3470 3566
3474 3564 3535
3505 3497 3567
3497 3557 3567
3470 3565 3566
3565 3503 3568
3503 3505 3568
3531 3559 3569
3509 3508 3570
3510 3509 3571
3509 3570 3571
3511 3510 3572
3510 3571 3572
3512 3511 3573
3511 3572 3573
3513 3512 3574
3512 3573 3574
3514 3513 3575
3513 3574 3575
3515 3514 3576
3514 3575 3576
3516 3515 3577
3515 3576 3577
3518 3517 3578
3519 3518 3579
3518 3578 3579
3520 3519 3580
3519 3579 3580
3521 3520 3581
3520 3580 3581
3522 3521 3582
3521 3581 3582
3523 3522 3583
3522 3582 3583
3524 3523 3584
3523 3583 3584
3525 3524 3585
3524 3584 3585
3526 3525 3586
3525 3585 3586
3527 3526 3587
3526 3586 3587
3528 3527 3588
3527 3587 3588
3529 3528 3589
3528 3588 3589
3530 3529 3590
3529 3589 3590
3532 3563 3574
3533 3566 3591
3534 3562 3577
3537 3536 3592
3538 3537 3593
3537 3592 3593
3539 3538 3594
3538 3593 3594
3540 3539 3591
3541 3540 3591
3542 3541 3595
3543 3542 3596
3542 3595 3596
3544 3543 3597
3543 3596 3597
3545 3544 3598
3544 3597 3598
3547 3546 3590
3548 3547 3589
3549 3548 3588
3550 3549 3587
3551 3550 3586
3552 3551 3585
3553 3552 3584
3554 3553 3583
3555 3554 3582
3556 3555 3581
3558 3556 3580
3559 3558 3579
3535 3564 3572
3507 3560 3594
3560 3533 3594
3561 3534 3576
3562 3531 3599
3577 3562 3599
3531 3569 3599
3563 3561 3575
3508 3507 3593
3564 3532 3573
3536 3535 3571
3591 3566 3595
3568 3505 3567
3530 3590 3600
3557 3530 3600
3590 3546 3600
3516 3577 3599
3517 3516 3599
3532 3574 3573
3574 3563 3575
3565 3568 3596
3533 3591 3594
3567 3557 3598
3534 3577 3576
3566 3565 3595
3539 3594 3591
3547 3590 3589
3541 3591 3595
3545 3598 3600
3546 3545 3600
3548 3589 3588
3549 3588 3587
3550 3587 3586
3551 3586 3585
3552 3585 3584
3553 3584 3583
3554 3583 3582
3555 3582 3581
3556 3581 3580
3558 3580 3579
3535 3572 3571
3507 3594 3593
3595 3565 3596
3564 3573 3572
3557 3600 3598
3575 3561 3576
3568 3567 3597
3568 3597 3596
3570 3508 3592
3592 3508 3593
3598 3597 3567
3517 3599 3569
3592 3536 3570
3570 3536 3571
3579 3578 3559
3578 3517 3569
3569 3559 3578
603 602 3601
604 603 3602
603 3601 3602
605 604 3603
604 3602 3603
606 605 3604
605 3603 3604
607 606 3605
606 3604 3605
608 607 3606
607 3605 3606
609 608 3607
608 3606 3607
610 609 3608
609 3607 3608
611 610 3609
610 3608 3609
612 611 3610
611 3609 3610
613 612 3611
612 3610 3611
614 613 3612
613 3611 3612
615 614 3613
614 3612 3613
616 615 3614
615 3613 3614
617 616 3615
616 3614 3615
618 617 3616
617 3615 3616
619 618 3617
618 3616 3617
620 619 3618
619 3617 3618
621 620 3619
620 3618 3619
622 621 3620
621 3619 3620
623 622 3621
622 3620 3621
624 623 3622
623 3621 3622
625 624 3623
624 3622 3623
626 625 3624
625 3623 3624
627 626 3625
626 3624 3625
628 627 3626
627 3625 3626
629 628 3627
628 3626 3627
630 629 3628
629 3627 3628
631 630 3629
630 3628 3629
632 631 3630
631 3629 3630
602 632 3631
632 3630 3631
633 634 3632
635 636 3633
637 638 3634
639 640 3635
641 642 3636
643 644 3637
645 646 3638
647 648 3639
649 650 3640
651 652 3641
653 654 3642
655 656 3643
657 658 3644
659 660 3645
661 662 3646
663 633 3647
633 3632 3647
696 695 3648
697 696 3649
696 3648 3649
698 697 3650
697 3649 3650
699 698 3651
698 3650 3651
700 699 3652
699 3651 3652
701 700 3653
700 3652 3653
702 701 3654
701 3653 3654
703 702 3655
702 3654 3655
704 703 3656
703 3655 3656
705 704 3657
704 3656 3657
706 705 3658
705 3657 3658
707 706 3659
706 3658 3659
708 707 3660
707 3659 3660
709 708 3661
708 3660 3661
710 709 3662
709 3661 3662
711 710 3663
710 3662 3663
712 711 3664
711 3663 3664
713 712 3665
712 3664 3665
714 713 3666
713 3665 3666
715 714 3667
714 3666 3667
716 715 3668
715 3667 3668
717 716 3669
716 3668 3669
718 717 3670
717 3669 3670
719 718 3671
718 3670 3671
720 719 3672
719 3671 3672
721 720 3673
720 3672 3673
722 721 3674
721 3673 3674
723 722 3675
722 3674 3675
724 723 3676
723 3675 3676
725 724 3677
724 3676 3677
695 725 3678
725 3677 3678
758 757 3679
759 758 3680
758 3679 3680
760 759 3681
759 3680 3681
761 760 3682
760 3681 3682
762 761 3683
761 3682 3683
763 762 3684
762 3683 3684
764 763 3685
763 3684 3685
765 764 3686
764 3685 3686
766 765 3687
765 3686 3687
767 766 3688
766 3687 3688
768 767 3689
767 3688 3689
769 768 3690
768 3689 3690
770 769 3691
769 3690 3691
771 770 3692
770 3691 3692
772 771 3693
771 3692 3693
773 772 3694
772 3693 3694
774 773 3695
773 3694 3695
775 774 3696
774 3695 3696
776 775 3697
775 3696 3697
777 776 3698
776 3697 3698
778 777 3699
777 3698 3699
779 778 3700
778 3699 3700
780 779 3701
779 3700 3701
781 780 3702
780 3701 3702
782 781 3703
781 3702 3703
783 782 3704
782 3703 3704
784 783 3705
783 3704 3705
785 784 3706
784 3705 3706
786 785 3707
785 3706 3707
787 786 3708
786 3707 3708
757 787 3709
787 3708 3709
788 789 3710
790 791 3711
792 793 3712
794 795 3713
796 797 3714
798 799 3715
800 801 3716
802 803 3717
804 805 3718
806 807 3719
808 809 3720
810 811 3721
812 813 3722
814 815 3723
816 817 3724
818 788 3725
788 3710 3725
851 850 3726
852 851 3727
851 3726 3727
853 852 3728
852 3727 3728
854 853 3729
853 3728 3729
855 854 3730
854 3729 3730
856 855 3731
855 3730 3731
857 856 3732
856 3731 3732
858 857 3733
857 3732 3733
859 858 3734
858 3733 3734
860 859 3735
859 3734 3735
861 860 3736
860 3735 3736
862 861 3737
861 3736 3737
863 862 3738
862 3737 3738
864 863 3739
863 3738 3739
865 864 3740
864 3739 3740
866 865 3741
865 3740 3741
867 866 3742
866 3741 3742
868 867 3743
867 3742 3743
869 868 3744
868 3743 3744
870 869 3745
869 3744 3745
871 870 3746
870 3745 3746
872 871 3747
871 3746 3747
873 872 3748
872 3747 3748
874 873 3749
873 3748 3749
875 874 3750
874 3749 3750
876 875 3751
875 3750 3751
877 876 3752
876 3751 3752
878 877 3753
877 3752 3753
879 878 3754
878 3753 3754
880 879 3755
879 3754 3755
850 880 3756
880 3755 3756
695 3678 3648
634 635 3757
636 637 3758
638 639 3759
640 641 3760
642 643 3761
644 645 3762
646 647 3763
648 649 3764
650 651 3765
652 653 3766
654 655 3767
656 657 3768
658 659 3769
660 661 3770
662 663 3771
634 3757 3632
757 3709 3679
850 3756 3726
789 790 3772
791 792 3773
793 794 3774
795 796 3775
797 798 3776
799 800 3777
801 802 3778
803 804 3779
805 806 3780
807 808 3781
809 810 3782
811 812 3783
813 814 3784
815 816 3785
817 818 3786
789 3772 3710
3758 637 3634
602 3631 3601
3633 636 3758
3634 638 3759
3635 640 3760
3636 642 3761
3637 644 3762
3638 646 3763
3639 648 3764
3640 650 3765
3641 652 3766
3642 654 3767
3643 656 3768
3644 658 3769
3645 660 3770
3646 662 3771
3711 791 3773
3712 793 3774
3713 795 3775
3714 797 3776
3715 799 3777
3716 801 3778
3717 803 3779
3718 805 3780
3719 807 3781
3720 809 3782
3721 811 3783
3722 813 3784
3723 815 3785
3724 817 3786
3759 639 3635
3760 641 3636
3761 643 3637
3762 645 3638
3763 647 3639
3764 649 3640
3765 651 3641
3766 653 3642
3767 655 3643
3768 657 3644
3769 659 3645
3770 661 3646
3771 663 3647
3775 796 3714
3776 798 3715
3777 800 3716
3778 802 3717
3779 804 3718
3780 806 3719
3781 808 3720
3782 810 3721
3783 812 3722
3784 814 3723
3785 816 3724
3786 818 3725
3757 635 3633
3774 794 3713
3773 792 3712
3772 790 3711
3603 3602 3787
3604 3603 3788
3603 3787 3788
3605 3604 3789
3604 3788 3789
3606 3605 3790
3605 3789 3790
3607 3606 3791
3606 3790 3791
3608 3607 3792
3607 3791 3792
3609 3608 3793
3608 3792 3793
3610 3609 3794
3609 3793 3794
3611 3610 3795
3610 3794 3795
3612 3611 3796
3611 3795 3796
3613 3612 3797
3612 3796 3797
3614 3613 3798
3613 3797 3798
3615 3614 3799
3614 3798 3799
3616 3615 3800
3615 3799 3800
3617 3616 3801
3616 3800 3801
3618 3617 3802
3617 3801 3802
3619 3618 3803
3618 3802 3803
3620 3619 3804
3619 3803 3804
3621 3620 3805
3620 3804 3805
3622 3621 3806
3621 3805 3806
3623 3622 3807
3622 3806 3807
3624 3623 3808
3623 3807 3808
3625 3624 3809
3624 3808 3809
3626 3625 3810
3625 3809 3810
3627 3626 3811
3626 3810 3811
3628 3627 3812
3627 3811 3812
3629 3628 3813
3628 3812 3813
3630 3629 3814
3629 3813 3814
3631 3630 3815
3630 3814 3815
3679 3709 3816
3774 3713 3817
3634 3759 3818
3601 3631 3819
3631 3815 3819
3635 3760 3820
3636 3761 3821
3637 3762 3822
3638 3763 3823
3639 3764 3824
3640 3765 3825
3641 3766 3826
3642 3767 3827
3643 3768 3828
3644 3769 3829
3645 3770 3830
3646 3771 3831
3711 3773 3832
3775 3714 3833
3632 3757 3834
3650 3649 3835
3651 3650 3836
3650 3835 3836
3652 3651 3837
3651 3836 3837
3653 3652 3838
3652 3837 3838
3654 3653 3839
3653 3838 3839
3655 3654 3840
3654 3839 3840
3656 3655 3841
3655 3840 3841
3657 3656 3842
3656 3841 3842
3658 3657 3843
3657 3842 3843
3659 3658 3844
3658 3843 3844
3660 3659 3845
3659 3844 3845
3661 3660 3846
3660 3845 3846
3662 3661 3847
3661 3846 3847
3663 3662 3848
3662 3847 3848
3664 3663 3849
3663 3848 3849
3665 3664 3850
3664 3849 3850
3666 3665 3851
3665 3850 3851
3667 3666 3852
3666 3851 3852
3668 3667 3853
3667 3852 3853
3669 3668 3854
3668 3853 3854
3670 3669 3855
3669 3854 3855
3671 3670 3856
3670 3855 3856
3672 3671 3857
3671 3856 3857
3673 3672 3858
3672 3857 3858
3674 3673 3859
3673 3858 3859
3675 3674 3860
3674 3859 3860
3676 3675 3861
3675 3860 3861
3677 3676 3862
3676 3861 3862
3678 3677 3863
3677 3862 3863
3726 3756 3864
3681 3680 3865
3682 3681 3866
3681 3865 3866
3683 3682 3867
3682 3866 3867
3684 3683 3868
3683 3867 3868
3685 3684 3869
3684 3868 3869
3686 3685 3870
3685 3869 3870
3687 3686 3871
3686 3870 3871
3688 3687 3872
3687 3871 3872
3689 3688 3873
3688 3872 3873
3690 3689 3874
3689 3873 3874
3691 3690 3875
3690 3874 3875
3692 3691 3876
3691 3875 3876
3693 3692 3877
3692 3876 3877
3694 3693 3878
3693 3877 3878
3695 3694 3879
3694 3878 3879
3696 3695 3880
3695 3879 3880
3697 3696 3881
3696 3880 3881
3698 3697 3882
3697 3881 3882
3699 3698 3883
3698 3882 3883
3700 3699 3884
3699 3883 3884
3701 3700 3885
3700 3884 3885
3702 3701 3886
3701 3885 3886
3703 3702 3887
3702 3886 3887
3704 3703 3888
3703 3887 3888
3705 3704 3889
3704 3888 3889
3706 3705 3890
3705 3889 3890
3707 3706 3891
3706 3890 3891
3708 3707 3892
3707 3891 3892
3709 3708 3893
3708 3892 3893
3758 3634 3894
3634 3818 3894
3712 3774 3895
3774 3817 3895
3772 3711 3896
3711 3832 3896
3713 3775 3897
3775 3833 3897
3773 3712 3898
3712 3895 3898
3776 3715 3899
3777 3716 3900
3778 3717 3901
3779 3718 3902
3780 3719 3903
3781 3720 3904
3782 3721 3905
3783 3722 3906
3784 3723 3907
3785 3724 3908
3786 3725 3909
3759 3635 3910
3818 3759 3910
3635 3820 3910
3710 3772 3911
3772 3896 3911
3648 3678 3912
3678 3863 3912
3728 3727 3913
3729 3728 3914
3728 3913 3914
3730 3729 3915
3729 3914 3915
3731 3730 3916
3730 3915 3916
3732 3731 3917
3731 3916 3917
3733 3732 3918
3732 3917 3918
3734 3733 3919
3733 3918 3919
3735 3734 3920
3734 3919 3920
3736 3735 3921
3735 3920 3921
3737 3736 3922
3736 3921 3922
3738 3737 3923
3737 3922 3923
3739 3738 3924
3738 3923 3924
3740 3739 3925
3739 3924 3925
3741 3740 3926
3740 3925 3926
3742 3741 3927
3741 3926 3927
3743 3742 3928
3742 3927 3928
3744 3743 3929
3743 3928 3929
3745 3744 3930
3744 3929 3930
3746 3745 3931
3745 3930 3931
3747 3746 3932
3746 3931 3932
3748 3747 3933
3747 3932 3933
3749 3748 3934
3748 3933 3934
3750 3749 3935
3749 3934 3935
3751 3750 3936
3750 3935 3936
3752 3751 3937
3751 3936 3937
3753 3752 3938
3752 3937 3938
3754 3753 3939
3753 3938 3939
3755 3754 3940
3754 3939 3940
3756 3755 3941
3755 3940 3941
3633 3758 3942
3758 3894 3942
3602 3601 3943
3601 3819 3943
3647 3632 3944
3632 3834 3944
3649 3648 3945
3648 3912 3945
3680 3679 3946
3679 3816 3946
3725 3710 3947
3710 3911 3947
3727 3726 3948
3726 3864 3948
3725 3947 3909
3816 3709 3893
3680 3946 3865
3820 3760 3949
3760 3636 3949
3636 3821 3949
3761 3637 3950
3762 3638 3951
3763 3639 3952
3764 3640 3953
3765 3641 3954
3766 3642 3955
3767 3643 3956
3768 3644 3957
3769 3645 3958
3770 3646 3959
3713 3897 3817
3771 3647 3960
3773 3898 3832
3649 3945 3835
3756 3941 3864
3771 3960 3831
3787 3602 3943
3727 3948 3913
3714 3776 3961
3715 3777 3962
3716 3778 3963
3717 3779 3964
3718 3780 3965
3719 3781 3966
3720 3782 3967
3721 3783 3968
3722 3784 3969
3723 3785 3970
3724 3786 3971
3757 3633 3972
3714 3961 3833
3633 3942 3972
3971 3786 3909
3970 3785 3908
3969 3784 3907
3968 3783 3906
3967 3782 3905
3959 3646 3831
3958 3645 3830
3957 3644 3829
3956 3643 3828
3955 3642 3827
3908 3724 3971
3907 3723 3970
3906 3722 3969
3954 3641 3826
3905 3721 3968
3904 3720 3967
3903 3719 3966
3902 3718 3965
3901 3717 3964
3900 3716 3963
3834 3757 3972
3830 3770 3959
3829 3769 3958
3828 3768 3957
3827 3767 3956
3826 3766 3955
3825 3765 3954
3824 3764 3953
3823 3763 3952
3822 3762 3951
3821 3761 3950
3953 3640 3825
3952 3639 3824
3951 3638 3823
3950 3637 3822
3960 3647 3944
3966 3781 3904
3965 3780 3903
3964 3779 3902
3963 3778 3901
3962 3777 3900
3961 3776 3899
3715 3962 3899
3911 3896 3973
3789 3788 3974
3790 3789 3975
3789 3974 3975
3791 3790 3976
3790 3975 3976
3792 3791 3977
3791 3976 3977
3793 3792 3978
3792 3977 3978
3794 3793 3979
3793 3978 3979
3795 3794 3980
3794 3979 3980
3796 3795 3981
3795 3980 3981
3797 3796 3982
3796 3981 3982
3798 3797 3983
3797 3982 3983
3799 3798 3984
3798 3983 3984
3800 3799 3985
3799 3984 3985
3801 3800 3986
3800 3985 3986
3802 3801 3987
3801 3986 3987
3803 3802 3988
3802 3987 3988
3804 3803 3989
3803 3988 3989
3805 3804 3990
3804 3989 3990
3806 3805 3991
3805 3990 3991
3807 3806 3992
3806 3991 3992
3808 3807 3993
3807 3992 3993
3809 3808 3994
3808 3993 3994
3810 3809 3995
3809 3994 3995
3811 3810 3996
3810 3995 3996
3812 3811 3997
3811 3996 3997
3813 3812 3998
3812 3997 3998
3814 3813 3999
3813 3998 3999
3815 3814 4000
3814 3999 4000
3953 3825 4001
3899 3962 4002
3966 3904 4003
3949 3821 4004
3960 3944 4005
3950 3822 4006
3951 3823 4007
3952 3824 4008
3824 3953 4009
3953 4001 4009
3905 3968 4010
3908 3971 4011
3826 3955 4012
3827 3956 4013
3828 3957 4014
3829 3958 4015
3817 3897 4016
3832 3898 4017
3909 3947 4018
3837 3836 4019
3838 3837 4020
3837 4019 4020
3839 3838 4021
3838 4020 4021
3840 3839 4022
3839 4021 4022
3841 3840 4023
3840 4022 4023
3842 3841 4024
3841 4023 4024
3843 3842 4025
3842 4024 4025
3844 3843 4026
3843 4025 4026
3845 3844 4027
3844 4026 4027
3846 3845 4028
3845 4027 4028
3847 3846 4029
3846 4028 4029
3848 3847 4030
3847 4029 4030
3849 3848 4031
3848 4030 4031
3850 3849 4032
3849 4031 4032
3851 3850 4033
3850 4032 4033
3852 3851 4034
3851 4033 4034
3853 3852 4035
3852 4034 4035
3854 3853 4036
3853 4035 4036
3855 3854 4037
3854 4036 4037
3856 3855 4038
3855 4037 4038
3857 3856 4039
3856 4038 4039
3858 3857 4040
3857 4039 4040
3859 3858 4041
3858 4040 4041
3860 3859 4042
3859 4041 4042
3861 3860 4043
3860 4042 4043
3862 3861 4044
3861 4043 4044
3863 3862 4045
3862 4044 4045
3831 3960 4046
3960 4005 4046
3865 3946 4047
3913 3948 4048
3867 3866 4049
3868 3867 4050
3867 4049 4050
3869 3868 4051
3868 4050 4051
3870 3869 4052
3869 4051 4052
3871 3870 4053
3870 4052 4053
3872 3871 4054
3871 4053 4054
3873 3872 4055
3872 4054 4055
3874 3873 4056
3873 4055 4056
3875 3874 4057
3874 4056 4057
3876 3875 4058
3875 4057 4058
3877 3876 4059
3876 4058 4059
3878 3877 4060
3877 4059 4060
3879 3878 4061
3878 4060 4061
3880 3879 4062
3879 4061 4062
3881 3880 4063
3880 4062 4063
3882 3881 4064
3881 4063 4064
3883 3882 4065
3882 4064 4065
3884 3883 4066
3883 4065 4066
3885 3884 4067
3884 4066 4067
3886 3885 4068
3885 4067 4068
3887 3886 4069
3886 4068 4069
3888 3887 4070
3887 4069 4070
3889 3888 4071
3888 4070 4071
3890 3889 4072
3889 4071 4072
3891 3890 4073
3890 4072 4073
3892 3891 4074
3891 4073 4074
3893 3892 4075
3892 4074 4075
3894 3818 4076
3895 3817 4077
3817 4016 4077
3896 3832 4078
3832 4017 4078
3898 3895 4079
3895 4077 4079
3961 3899 4080
3899 4002 4080
3834 3972 4081
3900 3963 4082
3901 3964 4083
3902 3965 4084
3903 3966 4085
3966 4003 4085
3959 3831 4086
3831 4046 4086
3967 3905 4087
3905 4010 4087
3954 3826 4088
3826 4012 4088
3906 3969 4089
3907 3970 4090
3970 3908 4091
4090 3970 4091
3908 4011 4091
3830 3959 4092
3959 4086 4092
3914 3913 4093
3913 4048 4093
3833 3961 4094
3961 4080 4094
3912 3863 4095
3863 4045 4095
3915 3914 4096
3914 4093 4096
3916 3915 4097
3915 4096 4097
3917 3916 4098
3916 4097 4098
3918 3917 4099
3917 4098 4099
3919 3918 4100
3918 4099 4100
3920 3919 4101
3919 4100 4101
3921 3920 4102
3920 4101 4102
3922 3921 4103
3921 4102 4103
3923 3922 4104
3922 4103 4104
3924 3923 4105
3923 4104 4105
3925 3924 4106
3924 4105 4106
3926 3925 4107
3925 4106 4107
3927 3926 4108
3926 4107 4108
3928 3927 4109
3927 4108 4109
3929 3928 4110
3928 4109 4110
3930 3929 4111
3929 4110 4111
3931 3930 4112
3930 4111 4112
3932 3931 4113
3931 4112 4113
3933 3932 4114
3932 4113 4114
3934 3933 4115
3933 4114 4115
3935 3934 4116
3934 4115 4116
3936 3935 4117
3935 4116 4117
3937 3936 4118
3936 4117 4118
3938 3937 4119
3937 4118 4119
3939 3938 4120
3938 4119 4120
3940 3939 4121
3939 4120 4121
3941 3940 4122
3940 4121 4122
3942 3894 4123
3894 4076 4123
3943 3819 4124
3944 3834 4125
3834 4081 4125
3971 3909 4126
3909 4018 4126
3945 3912 4127
3912 4095 4127
3947 3911 4128
3911 3973 4128
3816 3893 4129
3893 4075 4129
3866 3865 4130
3865 4047 4130
3820 3949 4131
3949 4004 4131
3864 3941 4132
3941 4122 4132
3972 3942 4133
4081 3972 4133
3942 4123 4133
3835 3945 4134
3945 4127 4134
3787 3943 4135
3943 4124 4135
3819 3815 4136
4124 3819 4136
3815 4000 4136
4011 3971 4126
4001 3825 4137
3825 3954 4137
4008 3824 4009
4007 3823 4138
3823 3952 4138
3821 3950 4139
3822 3951 4140
3952 4008 4138
3821 4139 4004
4010 3968 4141
3968 3906 4141
3906 4089 4141
3955 3827 4142
3956 3828 4143
3957 3829 4144
3896 4078 3973
3958 3830 4145
3898 4079 4017
4006 3822 4140
4005 3944 4125
4003 3904 4146
3904 3967 4146
3788 3787 4147
3967 4087 4146
4047 3946 4148
3946 3816 4148
3866 4130 4049
4076 3818 4149
3818 3910 4149
3947 4128 4018
3974 3788 4147
3897 3833 4150
3816 4129 4148
3958 4145 4015
3962 3900 4151
3963 3901 4152
3964 3902 4153
3965 3903 4154
3897 4150 4016
3969 3907 4155
3910 3820 4156
3820 4131 4156
3948 3864 4157
4084 3965 4154
4083 3964 4153
4082 3963 4152
3836 3835 4158
4048 3948 4157
4019 3836 4158
3969 4155 4089
3962 4151 4002
4014 3957 4144
4013 3956 4143
4012 3955 4142
4137 3954 4088
4140 3951 4007
4139 3950 4006
4144 3829 4015
4143 3828 4014
4142 3827 4013
4145 3830 4092
4147 3787 4135
4154 3903 4085
4153 3902 4084
4150 3833 4094
4152 3901 4083
4151 3900 4082
4155 3907 4090
4157 3864 4132
4158 3835 4134
4011 4126 4159
4140 4007 4160
3976 3975 4161
3977 3976 4162
3976 4161 4162
3978 3977 4163
3977 4162 4163
3979 3978 4164
3978 4163 4164
3980 3979 4165
3979 4164 4165
3981 3980 4166
3980 4165 4166
3982 3981 4167
3981 4166 4167
3983 3982 4168
3982 4167 4168
3984 3983 4169
3983 4168 4169
3985 3984 4170
3984 4169 4170
3986 3985 4171
3985 4170 4171
3987 3986 4172
3986 4171 4172
3988 3987 4173
3987 4172 4173
3989 3988 4174
3988 4173 4174
3990 3989 4175
3989 4174 4175
3991 3990 4176
3990 4175 4176
3992 3991 4177
3991 4176 4177
3993 3992 4178
3992 4177 4178
3994 3993 4179
3993 4178 4179
3995 3994 4180
3994 4179 4180
3996 3995 4181
3995 4180 4181
3997 3996 4182
3996 4181 4182
3998 3997 4183
3997 4182 4183
3999 3998 4184
3998 4183 4184
4000 3999 4185
3999 4184 4185
4009 4001 4186
4158 4134 4187
4004 4139 4188
4019 4158 4189
4158 4187 4189
4144 4015 4190
4005 4125 4191
4138 4008 4192
4137 4088 4193
4007 4138 4194
4138 4192 4194
4147 4135 4195
4008 4009 4196
4009 4186 4196
4145 4092 4197
4012 4142 4198
4013 4143 4199
3973 4078 4200
4017 4079 4201
4154 4085 4202
4047 4148 4203
4010 4141 4204
4014 4144 4205
4144 4190 4205
4146 4087 4206
4015 4145 4207
4145 4197 4207
4021 4020 4208
4022 4021 4209
4021 4208 4209
4023 4022 4210
4022 4209 4210
4024 4023 4211
4023 4210 4211
4025 4024 4212
4024 4211 4212
4026 4025 4213
4025 4212 4213
4027 4026 4214
4026 4213 4214
4028 4027 4215
4027 4214 4215
4029 4028 4216
4028 4215 4216
4030 4029 4217
4029 4216 4217
4031 4030 4218
4030 4217 4218
4032 4031 4219
4031 4218 4219
4033 4032 4220
4032 4219 4220
4034 4033 4221
4033 4220 4221
4035 4034 4222
4034 4221 4222
4036 4035 4223
4035 4222 4223
4037 4036 4224
4036 4223 4224
4038 4037 4225
4037 4224 4225
4039 4038 4226
4038 4225 4226
4040 4039 4227
4039 4226 4227
4041 4040 4228
4040 4227 4228
4042 4041 4229
4041 4228 4229
4043 4042 4230
4042 4229 4230
4044 4043 4231
4043 4230 4231
4045 4044 4232
4044 4231 4232
4046 4005 4233
4005 4191 4233
4152 4083 4234
4051 4050 4235
4052 4051 4236
4051 4235 4236
4053 4052 4237
4052 4236 4237
4054 4053 4238
4053 4237 4238
4055 4054 4239
4054 4238 4239
4056 4055 4240
4055 4239 4240
4057 4056 4241
4056 4240 4241
4058 4057 4242
4057 4241 4242
4059 4058 4243
4058 4242 4243
4060 4059 4244
4059 4243 4244
4061 4060 4245
4060 4244 4245
4062 4061 4246
4061 4245 4246
4063 4062 4247
4062 4246 4247
4064 4063 4248
4063 4247 4248
4065 4064 4249
4064 4248 4249
4066 4065 4250
4065 4249 4250
4067 4066 4251
4066 4250 4251
4068 4067 4252
4067 4251 4252
4069 4068 4253
4068 4252 4253
4070 4069 4254
4069 4253 4254
4071 4070 4255
4070 4254 4255
4072 4071 4256
4071 4255 4256
4073 4072 4257
4072 4256 4257
4074 4073 4258
4073 4257 4258
4075 4074 4259
4074 4258 4259
4078 4017 4260
4017 4201 4260
4080 4002 4261
4155 4090 4262
4089 4155 4263
4155 4262 4263
4151 4082 4264
4082 4152 4265
4264 4082 4265
4152 4234 4265
4150 4094 4266
4153 4084 4267
4016 4150 4268
4150 4266 4268
4086 4046 4269
4046 4233 4269
4087 4010 4270
4010 4204 4270
4088 4012 4271
4012 4198 4271
4002 4151 4272
4261 4002 4272
4151 4264 4272
4141 4089 4273
4204 4141 4273
4089 4263 4273
4157 4132 4274
4093 4048 4275
4018 4128 4276
4094 4080 4277
4080 4261 4277
4095 4045 4278
4045 4232 4278
4096 4093 4279
4093 4275 4279
4097 4096 4280
4096 4279 4280
4098 4097 4281
4097 4280 4281
4099 4098 4282
4098 4281 4282
4100 4099 4283
4099 4282 4283
4101 4100 4284
4100 4283 4284
4102 4101 4285
4101 4284 4285
4103 4102 4286
4102 4285 4286
4104 4103 4287
4103 4286 4287
4105 4104 4288
4104 4287 4288
4106 4105 4289
4105 4288 4289
4107 4106 4290
4106 4289 4290
4108 4107 4291
4107 4290 4291
4109 4108 4292
4108 4291 4292
4110 4109 4293
4109 4292 4293
4111 4110 4294
4110 4293 4294
4112 4111 4295
4111 4294 4295
4113 4112 4296
4112 4295 4296
4114 4113 4297
4113 4296 4297
4115 4114 4298
4114 4297 4298
4116 4115 4299
4115 4298 4299
4117 4116 4300
4116 4299 4300
4118 4117 4301
4117 4300 4301
4119 4118 4302
4118 4301 4302
4120 4119 4303
4119 4302 4303
4121 4120 4304
4120 4303 4304
4122 4121 4305
4121 4304 4305
4123 4076 4306
4003 4146 4307
4146 4206 4307
4126 4018 4308
4018 4276 4308
4127 4095 4309
4095 4278 4309
4128 3973 4310
3973 4200 4310
4049 4130 4311
4129 4075 4312
4075 4259 4312
4130 4047 4313
4047 4203 4313
4084 4154 4314
4154 4202 4314
4092 4086 4315
4086 4269 4315
4085 4003 4316
4003 4307 4316
4077 4016 4317
4016 4268 4317
4050 4049 4318
4049 4311 4318
4131 4004 4319
4004 4188 4319
4132 4122 4320
4122 4305 4320
4048 4157 4321
4157 4274 4321
4020 4019 4322
4019 4189 4322
3974 4147 4323
4147 4195 4323
4006 4140 4324
4140 4160 4324
4201 4079 4325
4079 4077 4325
4048 4321 4275
4186 4001 4326
4001 4137 4326
4200 4078 4260
4126 4308 4159
4132 4320 4274
4199 4143 4327
4143 4014 4327
4190 4015 4207
4085 4316 4202
4139 4006 4328
4137 4193 4326
4198 4142 4329
4142 4013 4329
4007 4194 4160
4195 4135 4330
4135 4124 4330
4008 4196 4192
4197 4092 4315
4013 4199 4329
4128 4310 4276
4193 4088 4271
4084 4314 4267
4014 4205 4327
4206 4087 4270
4081 4133 4331
4208 4020 4322
4234 4083 4332
4083 4153 4332
4156 4131 4333
4131 4319 4333
4130 4313 4311
3975 3974 4334
4149 3910 4156
4191 4125 4335
4125 4081 4335
4188 4139 4328
4148 4129 4336
4187 4134 4337
4134 4127 4337
4266 4094 4277
4153 4267 4332
4050 4318 4235
4161 3975 4334
4127 4309 4337
4306 4076 4338
4076 4149 4338
4077 4317 4325
4129 4312 4336
4091 4011 4339
4011 4159 4339
4262 4090 4340
4090 4091 4340
4133 4123 4341
4331 4133 4341
4123 4306 4341
4136 4000 4342
4000 4185 4342
4203 4148 4336
4328 4006 4324
4330 4124 4343
4124 4136 4343
4334 3974 4323
4335 4081 4331
4201 4325 4344
4203 4336 4345
4198 4329 4346
4163 4162 4347
4164 4163 4348
4163 4347 4348
4165 4164 4349
4164 4348 4349
4166 4165 4350
4165 4349 4350
4167 4166 4351
4166 4350 4351
4168 4167 4352
4167 4351 4352
4169 4168 4353
4168 4352 4353
4170 4169 4354
4169 4353 4354
4171 4170 4355
4170 4354 4355
4172 4171 4356
4171 4355 4356
4173 4172 4357
4172 4356 4357
4174 4173 4358
4173 4357 4358
4175 4174 4359
4174 4358 4359
4176 4175 4360
4175 4359 4360
4177 4176 4361
4176 4360 4361
4178 4177 4362
4177 4361 4362
4179 4178 4363
4178 4362 4363
4180 4179 4364
4179 4363 4364
4181 4180 4365
4180 4364 4365
4182 4181 4366
4181 4365 4366
4183 4182 4367
4182 4366 4367
4184 4183 4368
4183 4367 4368
4185 4184 4369
4184 4368 4369
4200 4260 4370
4206 4270 4371
4335 4331 4372
4326 4193 4373
4276 4310 4374
4196 4186 4375
4194 4192 4376
4160 4194 4377
4194 4376 4377
4311 4313 4378
4190 4207 4379
4263 4262 4380
4267 4314 4381
4197 4315 4382
4202 4316 4383
4208 4322 4384
4235 4318 4385
4210 4209 4386
4211 4210 4387
4210 4386 4387
4212 4211 4388
4211 4387 4388
4213 4212 4389
4212 4388 4389
4214 4213 4390
4213 4389 4390
4215 4214 4391
4214 4390 4391
4216 4215 4392
4215 4391 4392
4217 4216 4393
4216 4392 4393
4218 4217 4394
4217 4393 4394
4219 4218 4395
4218 4394 4395
4220 4219 4396
4219 4395 4396
4221 4220 4397
4220 4396 4397
4222 4221 4398
4221 4397 4398
4223 4222 4399
4222 4398 4399
4224 4223 4400
4223 4399 4400
4225 4224 4401
4224 4400 4401
4226 4225 4402
4225 4401 4402
4227 4226 4403
4226 4402 4403
4228 4227 4404
4227 4403 4404
4229 4228 4405
4228 4404 4405
4230 4229 4406
4229 4405 4406
4231 4230 4407
4230 4406 4407
4232 4231 4408
4231 4407 4408
4233 4191 4409
4149 4156 4410
4338 4149 4410
4156 4333 4410
4334 4323 4411
4159 4308 4412
4237 4236 4413
4238 4237 4414
4237 4413 4414
4239 4238 4415
4238 4414 4415
4240 4239 4416
4239 4415 4416
4241 4240 4417
4240 4416 4417
4242 4241 4418
4241 4417 4418
4243 4242 4419
4242 4418 4419
4244 4243 4420
4243 4419 4420
4245 4244 4421
4244 4420 4421
4246 4245 4422
4245 4421 4422
4247 4246 4423
4246 4422 4423
4248 4247 4424
4247 4423 4424
4249 4248 4425
4248 4424 4425
4250 4249 4426
4249 4425 4426
4251 4250 4427
4250 4426 4427
4252 4251 4428
4251 4427 4428
4253 4252 4429
4252 4428 4429
4254 4253 4430
4253 4429 4430
4255 4254 4431
4254 4430 4431
4256 4255 4432
4255 4431 4432
4257 4256 4433
4256 4432 4433
4258 4257 4434
4257 4433 4434
4259 4258 4435
4258 4434 4435
4260 4201 4436
4201 4344 4436
4189 4187 4437
4275 4321 4438
4266 4277 4439
4234 4332 4440
4327 4205 4441
4269 4233 4442
4233 4409 4442
4271 4198 4443
4198 4346 4443
4193 4271 4444
4373 4193 4444
4271 4443 4444
4186 4326 4445
4326 4373 4445
4191 4335 4446
4335 4372 4446
4188 4328 4447
4332 4267 4448
4440 4332 4448
4267 4381 4448
4278 4232 4449
4232 4408 4449
4279 4275 4450
4275 4438 4450
4280 4279 4451
4279 4450 4451
4281 4280 4452
4280 4451 4452
4282 4281 4453
4281 4452 4453
4283 4282 4454
4282 4453 4454
4284 4283 4455
4283 4454 4455
4285 4284 4456
4284 4455 4456
4286 4285 4457
4285 4456 4457
4287 4286 4458
4286 4457 4458
4288 4287 4459
4287 4458 4459
4289 4288 4460
4288 4459 4460
4290 4289 4461
4289 4460 4461
4291 4290 4462
4290 4461 4462
4292 4291 4463
4291 4462 4463
4293 4292 4464
4292 4463 4464
4294 4293 4465
4293 4464 4465
4295 4294 4466
4294 4465 4466
4296 4295 4467
4295 4466 4467
4297 4296 4468
4296 4467 4468
4298 4297 4469
4297 4468 4469
4299 4298 4470
4298 4469 4470
4300 4299 4471
4299 4470 4471
4301 4300 4472
4300 4471 4472
4302 4301 4473
4301 4472 4473
4303 4302 4474
4302 4473 4474
4304 4303 4475
4303 4474 4475
4305 4304 4476
4304 4475 4476
4268 4266 4477
4266 4439 4477
4308 4276 4478
4276 4374 4478
4309 4278 4479
4278 4449 4479
4310 4200 4480
4200 4370 4480
4337 4309 4481
4309 4479 4481
4313 4203 4482
4203 4345 4482
4195 4330 4483
4314 4202 4484
4202 4383 4484
4312 4259 4485
4259 4435 4485
4315 4269 4486
4269 4442 4486
4317 4268 4487
4268 4477 4487
4236 4235 4488
4235 4385 4488
4274 4320 4489
4318 4311 4490
4311 4378 4490
4319 4188 4491
4188 4447 4491
4320 4305 4492
4305 4476 4492
4321 4274 4493
4274 4489 4493
4322 4189 4494
4189 4437 4494
4325 4317 4495
4344 4325 4495
4317 4487 4495
4307 4206 4496
4206 4371 4496
4192 4196 4497
4376 4192 4497
4196 4375 4497
4161 4334 4498
4334 4411 4498
4323 4195 4499
4195 4483 4499
4209 4208 4500
4208 4384 4500
4324 4160 4501
4160 4377 4501
4336 4312 4502
4345 4336 4502
4312 4485 4502
4207 4197 4503
4197 4382 4503
4205 4190 4504
4190 4379 4504
4199 4327 4505
4327 4441 4505
4328 4324 4506
4447 4328 4506
4324 4501 4506
4209 4500 4386
4370 4260 4436
4441 4205 4504
4439 4277 4507
4277 4261 4507
4320 4492 4489
4191 4446 4409
4438 4321 4493
4343 4136 4342
4313 4482 4378
4413 4236 4488
4385 4318 4490
4384 4322 4494
4383 4316 4508
4316 4307 4508
4329 4199 4509
4265 4234 4510
4234 4440 4510
4310 4480 4374
4382 4315 4486
4381 4314 4484
4207 4503 4379
4342 4185 4511
4185 4369 4511
4186 4445 4375
4333 4319 4512
4319 4491 4512
4380 4262 4513
4262 4340 4513
4412 4308 4478
4306 4338 4514
4273 4263 4515
4263 4380 4515
4091 4339 4340
4187 4337 4516
4204 4273 4517
4273 4515 4517
4162 4161 4518
4264 4265 4519
4265 4510 4519
4307 4496 4508
4323 4499 4411
4270 4204 4520
4272 4264 4521
4264 4519 4521
4270 4520 4371
4372 4331 4522
4331 4341 4522
4339 4159 4523
4159 4412 4523
4483 4330 4524
4330 4343 4524
4187 4516 4437
4329 4509 4346
4341 4306 4525
4306 4514 4525
4347 4162 4518
4507 4261 4526
4261 4272 4526
4509 4199 4505
4516 4337 4481
4204 4517 4520
4518 4161 4498
4442 4409 4527
4375 4445 4528
4520 4517 4529
4349 4348 4530
4350 4349 4531
4349 4530 4531
4351 4350 4532
4350 4531 4532
4352 4351 4533
4351 4532 4533
4353 4352 4534
4352 4533 4534
4354 4353 4535
4353 4534 4535
4355 4354 4536
4354 4535 4536
4356 4355 4537
4355 4536 4537
4357 4356 4538
4356 4537 4538
4358 4357 4539
4357 4538 4539
4359 4358 4540
4358 4539 4540
4360 4359 4541
4359 4540 4541
4361 4360 4542
4360 4541 4542
4362 4361 4543
4361 4542 4543
4363 4362 4544
4362 4543 4544
4364 4363 4545
4363 4544 4545
4365 4364 4546
4364 4545 4546
4366 4365 4547
4365 4546 4547
4367 4366 4548
4366 4547 4548
4368 4367 4549
4367 4548 4549
4369 4368 4550
4368 4549 4550
4449 4408 4551
4412 4478 4552
4414 4413 4553
4437 4516 4554
4387 4386 4555
4370 4436 4556
4509 4505 4557
4340 4339 4558
4513 4340 4558
4339 4523 4558
4411 4499 4559
4508 4496 4560
4439 4507 4561
4383 4508 4562
4508 4560 4562
4343 4342 4563
4342 4511 4563
4388 4387 4564
4387 4555 4564
4389 4388 4565
4388 4564 4565
4390 4389 4566
4389 4565 4566
4391 4390 4567
4390 4566 4567
4392 4391 4568
4391 4567 4568
4393 4392 4569
4392 4568 4569
4394 4393 4570
4393 4569 4570
4395 4394 4571
4394 4570 4571
4396 4395 4572
4395 4571 4572
4397 4396 4573
4396 4572 4573
4398 4397 4574
4397 4573 4574
4399 4398 4575
4398 4574 4575
4400 4399 4576
4399 4575 4576
4401 4400 4577
4400 4576 4577
4402 4401 4578
4401 4577 4578
4403 4402 4579
4402 4578 4579
4404 4403 4580
4403 4579 4580
4405 4404 4581
4404 4580 4581
4406 4405 4582
4405 4581 4582
4407 4406 4583
4406 4582 4583
4408 4407 4584
4407 4583 4584
4438 4493 4585
4503 4382 4586
4514 4338 4587
4338 4410 4587
4381 4484 4588
4441 4504 4589
4415 4414 4590
4414 4553 4590
4416 4415 4591
4415 4590 4591
4417 4416 4592
4416 4591 4592
4418 4417 4593
4417 4592 4593
4419 4418 4594
4418 4593 4594
4420 4419 4595
4419 4594 4595
4421 4420 4596
4420 4595 4596
4422 4421 4597
4421 4596 4597
4423 4422 4598
4422 4597 4598
4424 4423 4599
4423 4598 4599
4425 4424 4600
4424 4599 4600
4426 4425 4601
4425 4600 4601
4427 4426 4602
4426 4601 4602
4428 4427 4603
4427 4602 4603
4429 4428 4604
4428 4603 4604
4430 4429 4605
4429 4604 4605
4431 4430 4606
4430 4605 4606
4432 4431 4607
4431 4606 4607
4433 4432 4608
4432 4607 4608
4434 4433 4609
4433 4608 4609
4435 4434 4610
4434 4609 4610
4346 4509 4611
4509 4557 4611
4385 4490 4612
4347 4518 4613
4371 4520 4614
4520 4529 4614
4374 4480 4615
4377 4376 4616
4498 4411 4617
4411 4559 4617
4518 4498 4618
4498 4617 4618
4443 4346 4619
4346 4611 4619
4446 4372 4620
4378 4482 4621
4484 4383 4622
4383 4562 4622
4450 4438 4623
4438 4585 4623
4451 4450 4624
4450 4623 4624
4452 4451 4625
4451 4624 4625
4453 4452 4626
4452 4625 4626
4454 4453 4627
4453 4626 4627
4455 4454 4628
4454 4627 4628
4456 4455 4629
4455 4628 4629
4457 4456 4630
4456 4629 4630
4458 4457 4631
4457 4630 4631
4459 4458 4632
4458 4631 4632
4460 4459 4633
4459 4632 4633
4461 4460 4634
4460 4633 4634
4462 4461 4635
4461 4634 4635
4463 4462 4636
4462 4635 4636
4464 4463 4637
4463 4636 4637
4465 4464 4638
4464 4637 4638
4466 4465 4639
4465 4638 4639
4467 4466 4640
4466 4639 4640
4468 4467 4641
4467 4640 4641
4469 4468 4642
4468 4641 4642
4470 4469 4643
4469 4642 4643
4471 4470 4644
4470 4643 4644
4472 4471 4645
4471 4644 4645
4473 4472 4646
4472 4645 4646
4474 4473 4647
4473 4646 4647
4475 4474 4648
4474 4647 4648
4476 4475 4649
4475 4648 4649
4477 4439 4650
4439 4561 4650
4478 4374 4651
4374 4615 4651
4479 4449 4652
4449 4551 4652
4480 4370 4653
4370 4556 4653
4481 4479 4654
4479 4652 4654
4379 4503 4655
4503 4586 4655
4485 4435 4656
4435 4610 4656
4490 4378 4657
4378 4621 4657
4486 4442 4658
4442 4527 4658
4487 4477 4659
4477 4650 4659
4488 4385 4660
4385 4612 4660
4409 4446 4661
4527 4409 4661
4446 4620 4661
4384 4494 4662
4491 4447 4663
4492 4476 4664
4476 4649 4664
4494 4437 4665
4437 4554 4665
4348 4347 4666
4347 4613 4666
4500 4384 4667
4384 4662 4667
4501 4377 4668
4377 4616 4668
4504 4379 4669
4379 4655 4669
4505 4441 4670
4441 4589 4670
4489 4492 4671
4492 4664 4671
4621 4482 4672
4482 4345 4672
4373 4444 4673
4505 4670 4557
4480 4653 4615
4551 4408 4584
4616 4376 4674
4376 4497 4674
4613 4518 4618
4348 4666 4530
4589 4504 4669
4341 4525 4522
4410 4333 4675
4587 4410 4675
4333 4512 4675
4380 4513 4676
4510 4440 4677
4413 4488 4678
4516 4481 4679
4560 4496 4680
4496 4371 4680
4343 4563 4524
4478 4651 4552
4561 4507 4681
4507 4526 4681
4494 4665 4662
4511 4369 4682
4369 4550 4682
4519 4510 4683
4510 4677 4683
4386 4500 4684
4344 4495 4685
4512 4491 4686
4491 4663 4686
4585 4493 4687
4493 4489 4687
4559 4499 4688
4499 4483 4688
4515 4380 4689
4380 4676 4689
4514 4587 4690
4588 4484 4622
4489 4671 4687
4490 4657 4612
4436 4344 4691
4436 4691 4556
4500 4667 4684
4517 4515 4692
4529 4517 4692
4515 4689 4692
4371 4614 4680
4528 4445 4693
4445 4373 4693
4521 4519 4694
4519 4683 4694
4620 4372 4695
4372 4522 4695
4272 4521 4526
4444 4443 4696
4443 4619 4696
4382 4486 4697
4555 4386 4684
4448 4381 4698
4381 4588 4698
4486 4658 4697
4440 4448 4699
4677 4440 4699
4448 4698 4699
4523 4412 4700
4412 4552 4700
4373 4673 4693
4554 4516 4679
4553 4413 4678
4525 4514 4701
4514 4690 4701
4663 4447 4702
4447 4506 4702
4495 4487 4703
4685 4495 4703
4487 4659 4703
4497 4375 4704
4375 4528 4704
4502 4485 4705
4485 4656 4705
4506 4501 4706
4501 4668 4706
4679 4481 4654
4678 4488 4660
4344 4685 4691
4688 4483 4707
4483 4524 4707
4382 4697 4586
4673 4444 4696
4557 4670 4708
4532 4531 4578
4533 4532 4577
4534 4533 4576
4535 4534 4575
4536 4535 4574
4537 4536 4573
4538 4537 4572
4539 4538 4571
4540 4539 4570
4541 4540 4569
4542 4541 4568
4543 4542 4567
4544 4543 4566
4545 4544 4565
4546 4545 4564
4547 4546 4555
4548 4547 4684
4549 4548 4667
4550 4549 4662
4617 4559 4584
4531 4530 4579
4693 4673 4709
4662 4549 4667
4613 4618 4582
4679 4654 4710
4614 4529 4711
4528 4693 4712
4693 4709 4712
4590 4553 4713
4575 4534 4576
4576 4533 4577
4691 4685 4714
4676 4513 4715
4513 4558 4715
4678 4660 4716
4345 4502 4717
4553 4678 4718
4678 4716 4718
4560 4680 4719
4667 4548 4684
4589 4669 4720
4562 4560 4721
4560 4719 4721
4615 4653 4722
4683 4677 4723
4563 4511 4710
4564 4555 4546
4612 4657 4724
4565 4564 4545
4566 4565 4544
4567 4566 4543
4568 4567 4542
4569 4568 4541
4570 4569 4540
4571 4570 4539
4572 4571 4538
4573 4572 4537
4574 4573 4536
4575 4574 4535
4717 4502 4705
4578 4577 4532
4579 4578 4531
4580 4579 4530
4581 4580 4666
4582 4581 4613
4583 4582 4618
4584 4583 4617
4697 4658 4725
4690 4587 4726
4587 4675 4726
4588 4622 4727
4684 4547 4555
4524 4563 4710
4586 4697 4728
4697 4725 4728
4591 4590 4729
4590 4713 4729
4592 4591 4730
4591 4729 4730
4593 4592 4731
4592 4730 4731
4594 4593 4732
4593 4731 4732
4595 4594 4733
4594 4732 4733
4596 4595 4734
4595 4733 4734
4597 4596 4735
4596 4734 4735
4598 4597 4736
4597 4735 4736
4599 4598 4737
4598 4736 4737
4600 4599 4738
4599 4737 4738
4601 4600 4739
4600 4738 4739
4602 4601 4740
4601 4739 4740
4603 4602 4741
4602 4740 4741
4604 4603 4742
4603 4741 4742
4605 4604 4743
4604 4742 4743
4606 4605 4744
4605 4743 4744
4607 4606 4745
4606 4744 4745
4608 4607 4746
4607 4745 4746
4609 4608 4747
4608 4746 4747
4610 4609 4748
4609 4747 4748
4611 4557 4749
4557 4708 4749
4556 4691 4750
4691 4714 4750
4662 4665 4550
4554 4679 4682
4551 4584 4559
4522 4525 4751
4695 4522 4751
4525 4701 4751
4618 4617 4583
4619 4611 4752
4611 4749 4752
4687 4671 4753
4622 4562 4754
4562 4721 4754
4530 4666 4580
4623 4585 4755
4624 4623 4756
4623 4755 4756
4625 4624 4757
4624 4756 4757
4626 4625 4758
4625 4757 4758
4627 4626 4759
4626 4758 4759
4628 4627 4760
4627 4759 4760
4629 4628 4761
4628 4760 4761
4630 4629 4762
4629 4761 4762
4631 4630 4763
4630 4762 4763
4632 4631 4764
4631 4763 4764
4633 4632 4765
4632 4764 4765
4634 4633 4766
4633 4765 4766
4635 4634 4767
4634 4766 4767
4636 4635 4768
4635 4767 4768
4637 4636 4769
4636 4768 4769
4638 4637 4770
4637 4769 4770
4639 4638 4771
4638 4770 4771
4640 4639 4772
4639 4771 4772
4641 4640 4773
4640 4772 4773
4642 4641 4774
4641 4773 4774
4643 4642 4775
4642 4774 4775
4644 4643 4776
4643 4775 4776
4645 4644 4777
4644 4776 4777
4646 4645 4778
4645 4777 4778
4647 4646 4779
4646 4778 4779
4648 4647 4780
4647 4779 4780
4649 4648 4781
4648 4780 4781
4650 4561 4782
4651 4615 4783
4615 4722 4783
4652 4551 4688
4653 4556 4784
4556 4750 4784
4654 4652 4707
4655 4586 4785
4586 4728 4785
4552 4651 4786
4651 4783 4786
4656 4610 4787
4610 4748 4787
4659 4650 4788
4650 4782 4788
4660 4612 4789
4612 4724 4789
4585 4687 4790
4687 4753 4790
4621 4672 4791
4665 4554 4682
4559 4688 4551
4666 4613 4581
4526 4521 4792
4681 4526 4792
4521 4694 4792
4680 4614 4793
4719 4680 4793
4614 4711 4793
4668 4616 4794
4669 4655 4795
4655 4785 4795
4670 4589 4796
4589 4720 4796
4664 4649 4797
4649 4781 4797
4672 4345 4717
4652 4688 4707
4550 4665 4682
4708 4670 4796
4620 4695 4798
4714 4685 4799
4685 4703 4799
4717 4705 4800
4585 4790 4755
4720 4669 4795
4674 4497 4704
4672 4717 4801
4711 4529 4802
4529 4692 4802
4710 4654 4707
4679 4710 4682
4713 4553 4718
4676 4715 4803
4716 4660 4789
4672 4801 4791
4675 4512 4804
4512 4686 4804
4700 4552 4805
4552 4786 4805
4527 4661 4806
4794 4616 4807
4616 4674 4807
4723 4677 4808
4677 4699 4808
4686 4663 4809
4722 4653 4784
4704 4528 4810
4528 4712 4810
4558 4523 4811
4715 4558 4811
4523 4700 4811
4707 4524 4710
4725 4658 4812
4658 4527 4812
4506 4706 4702
4690 4726 4813
4689 4676 4814
4676 4803 4814
4727 4622 4754
4724 4657 4815
4657 4621 4815
4694 4683 4816
4683 4723 4816
4511 4682 4710
4717 4800 4801
4696 4619 4817
4619 4752 4817
4812 4527 4806
4698 4588 4818
4588 4727 4818
4782 4561 4819
4561 4681 4819
4701 4690 4820
4690 4813 4820
4661 4620 4821
4806 4661 4821
4620 4798 4821
4703 4659 4822
4659 4788 4822
4705 4656 4823
4656 4787 4823
4706 4668 4824
4668 4794 4824
4709 4673 4825
4673 4696 4825
4671 4664 4826
4671 4826 4753
4809 4663 4827
4663 4702 4827
4815 4621 4791
4826 4664 4797
4798 4695 4828
4695 4751 4828
4800 4705 4823
4718 4716 4755
4755 4790 4718
4752 4749 4814
4826 4797 4730
4803 4715 4829
4715 4811 4829
4801 4800 4761
4716 4789 4756
4727 4754 4725
4785 4728 4721
4756 4789 4757
4721 4719 4785
4722 4784 4807
4708 4796 4802
4725 4812 4727
4720 4795 4793
4726 4675 4804
4813 4726 4830
4726 4804 4830
4728 4725 4754
4729 4713 4753
4730 4729 4826
4731 4730 4797
4732 4731 4781
4733 4732 4781
4734 4733 4780
4735 4734 4779
4736 4735 4778
4737 4736 4777
4738 4737 4776
4739 4738 4775
4740 4739 4774
4741 4740 4773
4742 4741 4772
4743 4742 4771
4744 4743 4770
4745 4744 4769
4746 4745 4768
4747 4746 4767
4748 4747 4766
4749 4708 4831
4814 4749 4831
4708 4802 4831
4750 4714 4824
4713 4718 4790
4692 4689 4831
4774 4739 4775
4776 4737 4777
4754 4721 4728
4815 4791 4759
4759 4791 4760
4699 4698 4832
4698 4818 4832
4724 4815 4758
4784 4750 4794
4756 4755 4716
4791 4801 4760
4785 4719 4795
4758 4757 4724
4759 4758 4815
4761 4760 4801
4762 4761 4800
4763 4762 4823
4764 4763 4787
4787 4748 4764
4766 4765 4748
4767 4766 4747
4768 4767 4746
4769 4768 4745
4770 4769 4744
4771 4770 4743
4772 4771 4742
4773 4772 4741
4774 4773 4740
4776 4775 4738
4778 4777 4736
4779 4778 4735
4780 4779 4734
4781 4780 4733
4786 4783 4810
4765 4764 4748
4788 4782 4833
4702 4706 4834
4827 4702 4834
4706 4824 4834
4789 4724 4757
4790 4753 4713
4729 4753 4826
4712 4709 4805
4812 4806 4818
4674 4704 4835
4704 4810 4835
4796 4720 4711
4797 4781 4731
4762 4800 4823
4787 4763 4823
4727 4812 4818
4794 4750 4824
4795 4719 4793
4784 4794 4807
4796 4711 4802
4711 4720 4793
4714 4799 4834
4692 4831 4802
4824 4714 4834
4803 4829 4817
4696 4817 4825
4752 4814 4803
4807 4674 4835
4804 4686 4833
4805 4786 4712
4822 4788 4809
4722 4807 4835
4808 4699 4832
4783 4722 4835
4810 4712 4786
4811 4700 4836
4700 4805 4836
4792 4694 4837
4694 4816 4837
4689 4814 4831
4822 4809 4827
4816 4723 4828
4810 4783 4835
4723 4808 4798
4751 4701 4838
4828 4751 4838
4701 4820 4838
4817 4752 4803
4798 4828 4723
4686 4809 4833
4782 4819 4830
4798 4808 4821
4833 4782 4830
4788 4833 4809
4820 4813 4839
4703 4822 4799
4806 4821 4832
4818 4806 4832
4813 4830 4819
4805 4709 4836
4839 4813 4819
4836 4709 4825
4681 4792 4840
4825 4817 4829
4825 4829 4836
4834 4799 4827
4820 4839 4837
4836 4829 4811
4830 4804 4833
4808 4832 4821
4822 4827 4799
4816 4828 4838
4681 4840 4819
4837 4816 4838
4838 4820 4837
4840 4792 4837
4839 4819 4840
4839 4840 4837
665 664 4841
666 665 4842
665 4841 4842
667 666 4843
666 4842 4843
668 667 4844
667 4843 4844
669 668 4845
668 4844 4845
670 669 4846
669 4845 4846
671 670 4847
670 4846 4847
672 671 4848
671 4847 4848
673 672 4849
672 4848 4849
674 673 4850
673 4849 4850
675 674 4851
674 4850 4851
676 675 4852
675 4851 4852
677 676 4853
676 4852 4853
678 677 4854
677 4853 4854
679 678 4855
678 4854 4855
680 679 4856
679 4855 4856
681 680 4857
680 4856 4857
682 681 4858
681 4857 4858
683 682 4859
682 4858 4859
684 683 4860
683 4859 4860
685 684 4861
684 4860 4861
686 685 4862
685 4861 4862
687 686 4863
686 4862 4863
688 687 4864
687 4863 4864
689 688 4865
688 4864 4865
690 689 4866
689 4865 4866
691 690 4867
690 4866 4867
692 691 4868
691 4867 4868
693 692 4869
692 4868 4869
694 693 4870
693 4869 4870
664 694 4871
694 4870 4871
727 726 4872
728 727 4873
727 4872 4873
729 728 4874
728 4873 4874
730 729 4875
729 4874 4875
731 730 4876
730 4875 4876
732 731 4877
731 4876 4877
733 732 4878
732 4877 4878
734 733 4879
733 4878 4879
735 734 4880
734 4879 4880
736 735 4881
735 4880 4881
737 736 4882
736 4881 4882
738 737 4883
737 4882 4883
739 738 4884
738 4883 4884
740 739 4885
739 4884 4885
741 740 4886
740 4885 4886
742 741 4887
741 4886 4887
743 742 4888
742 4887 4888
744 743 4889
743 4888 4889
745 744 4890
744 4889 4890
746 745 4891
745 4890 4891
747 746 4892
746 4891 4892
748 747 4893
747 4892 4893
749 748 4894
748 4893 4894
750 749 4895
749 4894 4895
751 750 4896
750 4895 4896
752 751 4897
751 4896 4897
753 752 4898
752 4897 4898
754 753 4899
753 4898 4899
755 754 4900
754 4899 4900
756 755 4901
755 4900 4901
726 756 4902
756 4901 4902
726 4902 4872
664 4871 4841
4843 4842 4903
4844 4843 4904
4843 4903 4904
4845 4844 4905
4844 4904 4905
4846 4845 4906
4845 4905 4906
4847 4846 4907
4846 4906 4907
4848 4847 4908
4847 4907 4908
4849 4848 4909
4848 4908 4909
4850 4849 4910
4849 4909 4910
4851 4850 4911
4850 4910 4911
4852 4851 4912
4851 4911 4912
4853 4852 4913
4852 4912 4913
4854 4853 4914
4853 4913 4914
4855 4854 4915
4854 4914 4915
4856 4855 4916
4855 4915 4916
4857 4856 4917
4856 4916 4917
4858 4857 4918
4857 4917 4918
4859 4858 4919
4858 4918 4919
4860 4859 4920
4859 4919 4920
4861 4860 4921
4860 4920 4921
4862 4861 4922
4861 4921 4922
4863 4862 4923
4862 4922 4923
4864 4863 4924
4863 4923 4924
4865 4864 4925
4864 4924 4925
4866 4865 4926
4865 4925 4926
4867 4866 4927
4866 4926 4927
4868 4867 4928
4867 4927 4928
4869 4868 4929
4868 4928 4929
4870 4869 4930
4869 4929 4930
4871 4870 4931
4870 4930 4931
4841 4871 4932
4871 4931 4932
4872 4902 4933
4874 4873 4934
4875 4874 4935
4874 4934 4935
4876 4875 4936
4875 4935 4936
4877 4876 4937
4876 4936 4937
4878 4877 4938
4877 4937 4938
4879 4878 4939
4878 4938 4939
4880 4879 4940
4879 4939 4940
4881 4880 4941
4880 4940 4941
4882 4881 4942
4881 4941 4942
4883 4882 4943
4882 4942 4943
4884 4883 4944
4883 4943 4944
4885 4884 4945
4884 4944 4945
4886 4885 4946
4885 4945 4946
4887 4886 4947
4886 4946 4947
4888 4887 4948
4887 4947 4948
4889 4888 4949
4888 4948 4949
4890 4889 4950
4889 4949 4950
4891 4890 4951
4890 4950 4951
4892 4891 4952
4891 4951 4952
4893 4892 4953
4892 4952 4953
4894 4893 4954
4893 4953 4954
4895 4894 4955
4894 4954 4955
4896 4895 4956
4895 4955 4956
4897 4896 4957
4896 4956 4957
4898 4897 4958
4897 4957 4958
4899 4898 4959
4898 4958 4959
4900 4899 4960
4899 4959 4960
4901 4900 4961
4900 4960 4961
4902 4901 4962
4901 4961 4962
4842 4841 4963
4841 4932 4963
4873 4872 4964
4872 4933 4964
4873 4964 4934
4933 4902 4962
4842 4963 4903
4904 4903 4965
4905 4904 4966
4904 4965 4966
4906 4905 4967
4905 4966 4967
4907 4906 4968
4906 4967 4968
4908 4907 4969
4907 4968 4969
4909 4908 4970
4908 4969 4970
4910 4909 4971
4909 4970 4971
4911 4910 4972
4910 4971 4972
4912 4911 4973
4911 4972 4973
4913 4912 4974
4912 4973 4974
4914 4913 4975
4913 4974 4975
4915 4914 4976
4914 4975 4976
4916 4915 4977
4915 4976 4977
4917 4916 4978
4916 4977 4978
4918 4917 4979
4917 4978 4979
4919 4918 4980
4918 4979 4980
4920 4919 4981
4919 4980 4981
4921 4920 4982
4920 4981 4982
4922 4921 4983
4921 4982 4983
4923 4922 4984
4922 4983 4984
4924 4923 4985
4923 4984 4985
4925 4924 4986
4924 4985 4986
4926 4925 4987
4925 4986 4987
4927 4926 4988
4926 4987 4988
4928 4927 4989
4927 4988 4989
4929 4928 4990
4928 4989 4990
4930 4929 4991
4929 4990 4991
4931 4930 4992
4930 4991 4992
4932 4931 4993
4931 4992 4993
4936 4935 4994
4937 4936 4995
4936 4994 4995
4938 4937 4996
4937 4995 4996
4939 4938 4997
4938 4996 4997
4940 4939 4998
4939 4997 4998
4941 4940 4999
4940 4998 4999
4942 4941 5000
4941 4999 5000
4943 4942 5001
4942 5000 5001
4944 4943 5002
4943 5001 5002
4945 4944 5003
4944 5002 5003
4946 4945 5004
4945 5003 5004
4947 4946 5005
4946 5004 5005
4948 4947 5006
4947 5005 5006
4949 4948 5007
4948 5006 5007
4950 4949 5008
4949 5007 5008
4951 4950 5009
4950 5008 5009
4952 4951 5010
4951 5009 5010
4953 4952 5011
4952 5010 5011
4954 4953 5012
4953 5011 5012
4955 4954 5013
4954 5012 5013
4956 4955 5014
4955 5013 5014
4957 4956 5015
4956 5014 5015
4958 4957 5016
4957 5015 5016
4959 4958 5017
4958 5016 5017
4960 4959 5018
4959 5017 5018
4961 4960 5019
4960 5018 5019
4962 4961 5020
4961 5019 5020
4963 4932 5021
4932 4993 5021
4933 4962 5022
4962 5020 5022
4934 4964 5023
4964 4933 5024
4933 5022 5024
4935 4934 5025
4934 5023 5025
4994 4935 5025
4903 4963 5026
4965 4903 5026
4963 5021 5026
5023 4964 5024
4994 5025 5027
4995 4994 5028
4994 5027 5028
4967 4966 5029
4968 4967 5030
4967 5029 5030
4969 4968 5031
4968 5030 5031
4970 4969 5032
4969 5031 5032
4971 4970 5033
4970 5032 5033
4972 4971 5034
4971 5033 5034
4973 4972 5035
4972 5034 5035
4974 4973 5036
4973 5035 5036
4975 4974 5037
4974 5036 5037
4976 4975 5038
4975 5037 5038
4977 4976 5039
4976 5038 5039
4978 4977 5040
4977 5039 5040
4979 4978 5041
4978 5040 5041
4980 4979 5042
4979 5041 5042
4981 4980 5043
4980 5042 5043
4982 4981 5044
4981 5043 5044
4983 4982 5045
4982 5044 5045
4984 4983 5046
4983 5045 5046
4985 4984 5047
4984 5046 5047
4986 4985 5048
4985 5047 5048
4987 4986 5049
4986 5048 5049
4988 4987 5050
4987 5049 5050
4989 4988 5051
4988 5050 5051
4990 4989 5052
4989 5051 5052
4991 4990 5053
4990 5052 5053
4992 4991 5054
4991 5053 5054
4993 4992 5055
4992 5054 5055
5023 5024 5056
4965 5026 5057
4996 4995 5058
4995 5028 5058
4997 4996 5059
4996 5058 5059
4998 4997 5060
4997 5059 5060
4999 4998 5061
4998 5060 5061
5000 4999 5062
4999 5061 5062
5001 5000 5063
5000 5062 5063
5002 5001 5064
5001 5063 5064
5003 5002 5065
5002 5064 5065
5004 5003 5066
5003 5065 5066
5005 5004 5067
5004 5066 5067
5006 5005 5068
5005 5067 5068
5007 5006 5069
5006 5068 5069
5008 5007 5070
5007 5069 5070
5009 5008 5071
5008 5070 5071
5010 5009 5072
5009 5071 5072
5011 5010 5073
5010 5072 5073
5012 5011 5074
5011 5073 5074
5013 5012 5075
5012 5074 5075
5014 5013 5076
5013 5075 5076
5015 5014 5077
5014 5076 5077
5016 5015 5078
5015 5077 5078
5017 5016 5079
5016 5078 5079
5018 5017 5080
5017 5079 5080
5019 5018 5081
5018 5080 5081
5020 5019 5082
5019 5081 5082
5021 4993 5083
4993 5055 5083
5022 5020 5084
5020 5082 5084
5026 5021 5085
5057 5026 5085
5021 5083 5085
5025 5023 5086
5023 5056 5086
5024 5022 5087
5022 5084 5087
5025 5086 5027
5029 4966 5088
4966 4965 5088
5024 5087 5056
4965 5057 5088
5031 5030 5089
5032 5031 5090
5031 5089 5090
5033 5032 5091
5032 5090 5091
5034 5033 5092
5033 5091 5092
5035 5034 5093
5034 5092 5093
5036 5035 5094
5035 5093 5094
5037 5036 5095
5036 5094 5095
5038 5037 5096
5037 5095 5096
5039 5038 5097
5038 5096 5097
5040 5039 5098
5039 5097 5098
5041 5040 5099
5040 5098 5099
5042 5041 5100
5041 5099 5100
5043 5042 5101
5042 5100 5101
5044 5043 5102
5043 5101 5102
5045 5044 5103
5044 5102 5103
5046 5045 5104
5045 5103 5104
5047 5046 5105
5046 5104 5105
5048 5047 5106
5047 5105 5106
5049 5048 5107
5048 5106 5107
5050 5049 5108
5049 5107 5108
5051 5050 5109
5050 5108 5109
5052 5051 5110
5051 5109 5110
5053 5052 5111
5052 5110 5111
5054 5053 5112
5053 5111 5112
5055 5054 5113
5054 5112 5113
5088 5057 5114
5056 5087 5115
5028 5027 5116
5059 5058 5117
5060 5059 5118
5059 5117 5118
5061 5060 5119
5060 5118 5119
5062 5061 5120
5061 5119 5120
5063 5062 5121
5062 5120 5121
5064 5063 5122
5063 5121 5122
5065 5064 5123
5064 5122 5123
5066 5065 5124
5065 5123 5124
5067 5066 5125
5066 5124 5125
5068 5067 5126
5067 5125 5126
5069 5068 5127
5068 5126 5127
5070 5069 5128
5069 5127 5128
5071 5070 5129
5070 5128 5129
5072 5071 5130
5071 5129 5130
5073 5072 5131
5072 5130 5131
5074 5073 5132
5073 5131 5132
5075 5074 5133
5074 5132 5133
5076 5075 5134
5075 5133 5134
5077 5076 5135
5076 5134 5135
5078 5077 5136
5077 5135 5136
5079 5078 5137
5078 5136 5137
5080 5079 5138
5079 5137 5138
5081 5080 5139
5080 5138 5139
5082 5081 5140
5081 5139 5140
5083 5055 5141
5055 5113 5141
5084 5082 5142
5082 5140 5142
5029 5088 5143
5088 5114 5143
5087 5084 5144
5084 5142 5144
5086 5056 5145
5056 5115 5145
5058 5028 5146
5028 5116 5146
5115 5087 5144
5114 5057 5147
5057 5085 5147
5058 5146 5117
5089 5030 5148
5030 5029 5148
5029 5143 5148
5085 5083 5149
5147 5085 5149
5083 5141 5149
5027 5086 5150
5116 5027 5150
5150 5086 5145
5090 5089 5151
5091 5090 5152
5090 5151 5152
5092 5091 5153
5091 5152 5153
5093 5092 5154
5092 5153 5154
5094 5093 5155
5093 5154 5155
5095 5094 5156
5094 5155 5156
5096 5095 5157
5095 5156 5157
5097 5096 5158
5096 5157 5158
5098 5097 5159
5097 5158 5159
5099 5098 5160
5098 5159 5160
5100 5099 5161
5099 5160 5161
5101 5100 5162
5100 5161 5162
5102 5101 5163
5101 5162 5163
5103 5102 5164
5102 5163 5164
5104 5103 5165
5103 5164 5165
5105 5104 5166
5104 5165 5166
5106 5105 5167
5105 5166 5167
5107 5106 5168
5106 5167 5168
5108 5107 5169
5107 5168 5169
5109 5108 5170
5108 5169 5170
5110 5109 5171
5109 5170 5171
5111 5110 5172
5110 5171 5172
5112 5111 5173
5111 5172 5173
5113 5112 5174
5112 5173 5174
5115 5144 5175
5117 5146 5176
5148 5143 5177
5150 5145 5178
5119 5118 5179
5120 5119 5180
5119 5179 5180
5121 5120 5181
5120 5180 5181
5122 5121 5182
5121 5181 5182
5123 5122 5183
5122 5182 5183
5124 5123 5184
5123 5183 5184
5125 5124 5185
5124 5184 5185
5126 5125 5186
5125 5185 5186
5127 5126 5187
5126 5186 5187
5128 5127 5188
5127 5187 5188
5129 5128 5189
5128 5188 5189
5130 5129 5190
5129 5189 5190
5131 5130 5191
5130 5190 5191
5132 5131 5192
5131 5191 5192
5133 5132 5193
5132 5192 5193
5134 5133 5194
5133 5193 5194
5135 5134 5195
5134 5194 5195
5136 5135 5196
5135 5195 5196
5137 5136 5197
5136 5196 5197
5138 5137 5198
5137 5197 5198
5139 5138 5199
5138 5198 5199
5140 5139 5200
5139 5199 5200
5141 5113 5201
5113 5174 5201
5142 5140 5202
5140 5200 5202
5144 5142 5203
5142 5202 5203
5089 5148 5204
5148 5177 5204
5116 5150 5205
5150 5178 5205
5145 5115 5206
5115 5175 5206
5146 5116 5207
5116 5205 5207
5118 5117 5208
5117 5176 5208
5146 5207 5176
5151 5089 5204
5114 5147 5209
5175 5144 5203
5178 5145 5206
5177 5143 5210
5143 5114 5210
5118 5208 5179
5149 5141 5211
5141 5201 5211
5114 5209 5210
5209 5147 5212
5147 5149 5212
5175 5203 5213
5153 5152 5214
5154 5153 5213
5156 5155 5215
5157 5156 5216
5156 5215 5216
5158 5157 5217
5157 5216 5217
5159 5158 5218
5158 5217 5218
5160 5159 5219
5159 5218 5219
5161 5160 5220
5160 5219 5220
5162 5161 5221
5161 5220 5221
5163 5162 5222
5162 5221 5222
5164 5163 5223
5163 5222 5223
5165 5164 5224
5164 5223 5224
5166 5165 5225
5165 5224 5225
5167 5166 5226
5166 5225 5226
5168 5167 5227
5167 5226 5227
5169 5168 5228
5168 5227 5228
5170 5169 5229
5169 5228 5229
5171 5170 5230
5170 5229 5230
5172 5171 5231
5171 5230 5231
5173 5172 5232
5172 5231 5232
5174 5173 5233
5173 5232 5233
5176 5207 5234
5177 5210 5234
5178 5206 5235
5181 5180 5236
5182 5181 5237
5181 5236 5237
5183 5182 5233
5184 5183 5232
5185 5184 5231
5186 5185 5230
5187 5186 5229
5188 5187 5228
5189 5188 5227
5190 5189 5226
5191 5190 5225
5192 5191 5224
5193 5192 5223
5194 5193 5222
5195 5194 5221
5196 5195 5220
5197 5196 5219
5198 5197 5218
5199 5198 5217
5200 5199 5216
5202 5200 5215
5203 5202 5238
5213 5203 5238
5202 5215 5238
5179 5208 5239
5151 5204 5240
5204 5177 5241
5240 5204 5241
5177 5234 5241
5205 5178 5240
5207 5205 5241
5208 5176 5242
5176 5234 5242
5180 5179 5243
5179 5239 5243
5239 5208 5242
5212 5149 5211
5153 5214 5213
5154 5213 5238
5174 5233 5237
5155 5154 5238
5180 5243 5236
5234 5207 5241
5215 5155 5238
5209 5212 5239
5175 5213 5214
5205 5240 5241
5211 5201 5236
5178 5235 5240
5210 5209 5244
5214 5152 5235
5183 5233 5232
5182 5237 5233
5184 5232 5231
5185 5231 5230
5186 5230 5229
5187 5229 5228
5188 5228 5227
5189 5227 5226
5190 5226 5225
5191 5225 5224
5192 5224 5223
5193 5223 5222
5194 5222 5221
5195 5221 5220
5196 5220 5219
5197 5219 5218
5198 5218 5217
5199 5217 5216
5200 5216 5215
5201 5174 5237
5151 5240 5235
5236 5201 5237
5206 5175 5214
5152 5151 5235
5235 5206 5214
5239 5212 5243
5236 5243 5211
5243 5212 5211
5244 5209 5239
5210 5244 5234
5234 5244 5242
5239 5242 5244
789 788 5245
790 789 5246
789 5245 5246
791 790 5247
790 5246 5247
792 791 5247
793 792 5248
792 5247 5248
794 793 5249
793 5248 5249
795 794 5250
796 795 5250
794 5249 5250
797 796 5251
798 797 5252
797 5251 5252
799 798 5253
798 5252 5253
800 799 5253
801 800 5254
800 5253 5254
802 801 5255
801 5254 5255
803 802 5256
804 803 5256
802 5255 5256
805 804 5257
804 5256 5257
806 805 5258
805 5257 5258
807 806 5259
806 5258 5259
808 807 5260
807 5259 5260
809 808 5260
810 809 5261
809 5260 5261
811 810 5262
810 5261 5262
812 811 5263
813 812 5263
811 5262 5263
814 813 5264
813 5263 5264
815 814 5265
814 5264 5265
816 815 5266
815 5265 5266
817 816 5266
818 817 5267
817 5266 5267
788 818 5268
5245 788 5268
818 5267 5268
5251 796 5250
5247 5246 5269
5248 5247 5270
5247 5269 5270
5249 5248 5270
5250 5249 5271
5251 5250 5271
5253 5252 5272
5254 5253 5272
5255 5254 5273
5254 5272 5273
5256 5255 5274
5255 5273 5274
5257 5256 5274
5258 5257 5275
5259 5258 5275
5257 5274 5275
5260 5259 5276
5259 5275 5276
5261 5260 5277
5260 5276 5277
5262 5261 5277
5263 5262 5278
5264 5263 5278
5265 5264 5279
5264 5278 5279
5266 5265 5280
5265 5279 5280
5267 5266 5280
5246 5245 5281
5269 5246 5281
5245 5268 5281
5262 5277 5278
5271 5249 5270
5252 5251 5282
5272 5252 5282
5268 5267 5283
5281 5268 5283
5267 5280 5283
5282 5251 5271
5278 5277 5284
5272 5282 5285
5282 5271 5286
5271 5270 5286
5273 5272 5285
5274 5273 5287
5275 5274 5287
5276 5275 5287
5279 5278 5284
5280 5279 5288
5279 5284 5288
5280 5288 5283
5282 5286 5285
5287 5273 5285
5287 5284 5276
5277 5276 5284
5269 5281 5289
5281 5283 5289
5270 5269 5290
5269 5289 5290
5270 5290 5286
5285 5286 5291
5287 5285 5291
5286 5290 5291
5283 5288 5289
5284 5287 5291
5288 5284 5291
5290 5289 5288
5290 5288 5291
850 851 5292
852 853 5293
854 855 5294
856 857 5295
858 859 5296
860 861 5297
862 863 5298
864 865 5299
866 867 5300
868 869 5301
870 871 5302
872 873 5303
874 875 5304
876 877 5305
878 879 5306
880 850 5307
850 5292 5307
851 852 5308
853 854 5309
855 856 5310
857 858 5311
859 860 5312
861 862 5313
863 864 5314
865 866 5315
867 868 5316
869 870 5317
871 872 5318
873 874 5319
875 876 5320
877 878 5321
880 5307 879
5308 852 5293
851 5308 5292
5293 853 5309
5294 855 5310
5295 857 5311
5296 859 5312
5297 861 5313
5298 863 5314
5299 865 5315
5300 867 5316
5301 869 5317
5302 871 5318
5303 873 5319
5304 875 5320
5305 877 5321
5306 879 5307
5309 854 5294
5310 856 5295
5311 858 5296
5312 860 5297
5313 862 5298
5314 864 5299
5315 866 5300
5316 868 5301
5317 870 5302
5318 872 5303
5319 874 5304
5320 876 5305
5321 878 5306
5292 5308 5322
5294 5310 5323
5310 5295 5323
5296 5312 5324
5312 5297 5325
5324 5312 5325
5297 5313 5325
5298 5314 5326
5314 5299 5327
5326 5314 5327
5299 5315 5327
5300 5316 5328
5316 5301 5329
5328 5316 5329
5301 5317 5329
5302 5318 5330
5318 5303 5330
5303 5319 5331
5319 5304 5332
5331 5319 5332
5304 5320 5332
5320 5305 5333
5305 5321 5334
5333 5305 5334
5321 5306 5334
5309 5294 5335
5294 5323 5335
5308 5293 5336
5322 5308 5336
5293 5309 5336
5307 5292 5337
5292 5322 5337
5323 5295 5338
5295 5311 5338
5303 5331 5330
5311 5296 5339
5338 5311 5339
5296 5324 5339
5327 5315 5340
5315 5300 5340
5313 5298 5341
5298 5326 5341
5300 5328 5340
5313 5341 5325
5332 5320 5333
5317 5302 5342
5329 5317 5342
5302 5330 5342
5334 5306 5337
5309 5335 5336
5306 5307 5337
5322 5336 5343
5336 5335 5343
5330 5331 5344
5324 5325 5345
5325 5341 5345
5326 5327 5346
5327 5340 5346
5328 5329 5347
5329 5342 5347
5331 5332 5348
5332 5333 5348
5333 5334 5349
5348 5333 5349
5334 5337 5349
5337 5322 5350
5322 5343 5350
5344 5331 5348
5339 5324 5351
5324 5345 5351
5346 5340 5352
5340 5328 5352
5341 5326 5353
5345 5341 5353
5326 5346 5353
5342 5330 5354
5347 5342 5354
5330 5344 5354
5337 5350 5349
5338 5339 5355
5339 5351 5355
5335 5323 5356
5338 5355 5356
5335 5356 5343
5323 5338 5356
5328 5347 5352
5357 5360 5355
5344 5348 5358

10722
1 0
2 0
3 0
4 0
5 0
6 0
7 0
8 0
9 0
10 0
11 0
12 0
13 0
14 0
15 0
16 0
17 0
18 0
19 0
20 0
21 0
22 0
23 0
24 0
25 0
26 0
27 0
28 0
29 0
30 0
31 0
32 0
33 0
34 0
35 0
36 0
37 0
38 0
39 0
40 0
41 0
42 0
43 0
44 0
45 0
46 0
47 0
48 0
49 0
50 0
51 0
52 0
53 0
54 0
55 0
56 0
57 0
58 0
59 0
60 0
61 0
62 0
63 0
64 0
65 0
66 0
67 0
68 0
69 0
70 0
71 0
72 0
73 0
74 0
75 0
76 0
77 0
78 0
79 0
80 0
81 0
82 0
83 0
84 0
85 0
86 0
87 0
88 0
89 0
90 0
91 0
92 0
93 0
94 0
95 0
96 0
97 0
98 0
99 0
100 0
101 0
102 0
103 0
104 0
105 0
106 0
107 0
108 0
109 0
110 0
111 0
112 0
113 0
114 0
115 0
116 0
117 0
118 0
119 0
120 0
121 0
122 0
123 0
124 0
125 0
126 0
127 0
128 0
129 0
130 0
131 0
132 0
133 0
134 0
135 0
136 0
137 0
138 0
139 0
140 0
141 0
142 0
143 0
144 0
145 0
146 0
147 0
148 0
149 0
150 0
151 0
152 0
153 0
154 0
155 0
156 0
157 0
158 0
159 0
160 0
161 0
162 0
163 0
164 0
165 0
166 0
167 0
168 0
169 0
170 0
171 0
172 0
173 0
174 0
175 0
176 0
177 0
178 0
179 0
180 0
181 0
182 0
183 0
184 0
185 0
186 0
187 0
188 0
189 0
190 0
191 0
192 0
193 0
194 0
195 0
196 0
197 0
198 0
199 0
200 0
201 0
202 0
203 0
204 0
205 0
206 0
207 0
208 0
209 0
210 0
211 0
212 0
213 0
214 0
215 0
216 0
217 0
218 0
219 0
220 0
221 0
222 0
223 0
224 0
225 0
226 0
227 0
228 0
229 0
230 0
231 0
232 0
233 0
234 0
235 0
236 0
237 0
238 0
239 0
240 0
241 0
242 0
243 0
244 0
245 0
246 0
247 0
248 0
249 0
250 0
251 0
252 0
253 0
254 0
255 0
256 0
257 0
258 0
259 0
260 0
261 0
262 0
263 0
264 0
265 0
266 0
267 0
268 0
269 0
270 0
271 0
272 0
273 0
274 0
275 0
276 0
277 0
278 0
279 0
280 0
281 0
282 0
283 0
284 0
285 0
286 0
287 0
288 0
289 0
290 0
291 0
292 0
293 0
294 0
295 0
296 0
297 0
298 0
299 0
300 0
301 0
302 0
303 0
304 0
305 0
306 0
307 0
308 0
309 0
310 0
311 0
312 0
313 0
314 0
315 0
316 0
317 0
318 0
319 0
320 0
321 0
322 0
323 0
324 0
325 0
326 0
327 0
328 0
329 0
330 0
331 0
332 0
333 0
334 0
335 0
336 0
337 0
338 0
339 0
340 0
341 0
342 0
343 0
344 0
345 0
346 0
347 0
348 0
349 0
350 0
351 0
352 0
353 0
354 0
355 0
356 0
357 0
358 0
359 0
360 0
361 0
362 0
363 0
364 0
365 0
366 0
367 0
368 0
369 0
370 0
371 0
372 0
373 0
374 0
375 0
376 0
377 0
378 0
379 0
380 0
381 0
382 0
383 0
384 0
385 0
386 0
387 0
388 0
389 0
390 0
391 0
392 0
393 0
394 0
395 0
396 0
397 0
398 0
399 0
400 0
401 0
402 0
403 0
404 0
405 0
406 0
407 0
408 0
409 0
410 0
411 0
412 0
413 0
414 0
415 0
416 0
417 0
418 0
419 0
420 0
421 0
422 0
423 0
424 0
425 0
426 0
427 0
428 0
429 0
430 0
431 0
432 0
433 0
434 0
435 0
436 0
437 0
438 0
439 0
440 0
441 0
442 0
443 0
444 0
445 0
446 0
447 0
448 0
449 0
450 0
451 0
452 0
453 0
454 0
455 0
456 0
457 0
458 0
459 0
460 0
461 0
462 0
463 0
464 0
465 0
466 0
467 0
468 0
469 0
470 0
471 0
472 0
473 0
474 0
475 0
476 0
477 0
478 0
479 0
480 0
481 0
482 0
483 0
484 0
485 0
486 0
487 0
488 0
489 0
490 0
491 0
492 0
493 0
494 0
495 0
496 0
497 0
498 0
499 0
500 0
501 0
502 0
503 0
504 0
505 0
506 0
507 0
508 0
509 0
510 0
511 0
512 0
513 0
514 0
515 0
516 0
517 0
518 0
519 0
520 0
521 0
522 0
523 0
524 0
525 0
526 0
527 0
528 0
529 0
530 0
531 0
532 0
533 0
534 0
535 0
536 0
537 0
538 0
539 0
540 0
541 0
542 0
543 0
544 0
545 0
546 0
547 0
548 0
549 0
550 0
551 0
552 0
553 0
554 0
555 0
556 0
557 0
558 0
559 0
560 0
561 0
562 0
563 0
564 0
565 0
566 0
567 0
568 0
569 0
570 0
571 0
572 0
573 0
574 0
575 0
576 0
577 0
578 0
579 0
580 0
581 0
582 0
583 0
584 0
585 0
586 0
587 0
588 0
589 0
590 0
591 0
592 0
593 0
594 0
595 0
596 0
597 0
598 0
599 0
600 0
601 0
602 0
603 0
604 0
605 0
606 0
607 0
608 0
609 0
610 0
611 0
612 0
613 0
614 0
615 0
616 0
617 0
618 0
619 0
620 0
621 0
622 0
623 0
624 0
625 0
626 0
627 0
628 0
629 0
630 0
631 0
632 0
633 0
634 0
635 0
636 0
637 0
638 0
639 0
640 0
641 0
642 0
643 0
644 0
645 0
646 0
647 0
648 0
649 0
650 0
651 0
652 0
653 0
654 0
655 0
656 0
657 0
658 0
659 0
660 0
661 0
662 0
663 0
664 0
665 0
666 0
667 0
668 0
669 0
670 0
671 0
672 0
673 0
674 0
675 0
676 0
677 0
678 0
679 0
680 0
681 0
682 0
683 0
684 0
685 0
686 0
687 0
688 0
689 0
690 0
691 0
692 0
693 0
694 0
695 0
696 0
697 0
698 0
699 0
700 0
701 0
702 0
703 0
704 0
705 0
706 0
707 0
708 0
709 0
710 0
711 0
712 0
713 0
714 0
715 0
716 0
717 0
718 0
719 0
720 0
721 0
722 0
723 0
724 0
725 0
726 0
727 0
728 0
729 0
730 0
731 0
732 0
733 0
734 0
735 0
736 0
737 0
738 0
739 0
740 0
741 0
742 0
743 0
744 0
745 0
746 0
747 0
748 0
749 0
750 0
751 0
752 0
753 0
754 0
755 0
756 0
757 0
758 0
759 0
760 0
761 0
762 0
763 0
764 0
765 0
766 0
767 0
768 0
769 0
770 0
771 0
772 0
773 0
774 0
775 0
776 0
777 0
778 0
779 0
780 0
781 0
782 0
783 0
784 0
785 0
786 0
787 0
788 0
789 0
790 0
791 0
792 0
793 0
794 0
795 0
796 0
797 0
798 0
799 0
800 0
801 0
802 0
803 0
804 0
805 0
806 0
807 0
808 0
809 0
810 0
811 0
812 0
813 0
814 0
815 0
816 0
817 0
818 0
819 0
820 0
821 0
822 0
823 0
824 0
825 0
826 0
827 0
828 0
829 0
830 0
831 0
832 0
833 0
834 0
835 0
836 0
837 0
838 0
839 0
840 0
841 0
842 0
843 0
844 0
845 0
846 0
847 0
848 0
849 0
850 0
851 0
852 0
853 0
854 0
855 0
856 0
857 0
858 0
859 0
860 0
861 0
862 0
863 0
864 0
865 0
866 0
867 0
868 0
869 0
870 0
871 0
872 0
873 0
874 0
875 0
876 0
877 0
878 0
879 0
880 0
881 0
882 0
883 0
884 0
885 0
886 0
887 0
888 0
889 0
890 0
891 0
892 0
893 0
894 0
895 0
896 0
897 0
898 0
899 0
900 0
901 0
902 0
903 0
904 0
905 0
906 0
907 0
908 0
909 0
910 0
911 0
912 0
913 0
914 0
915 0
916 0
917 0
918 0
919 0
920 0
921 0
922 0
923 0
924 0
925 0
926 0
927 0
928 0
929 0
930 0
931 0
932 0
933 0
934 0
935 0
936 0
937 0
938 0
939 0
940 0
941 0
942 0
943 0
944 0
945 0
946 0
947 0
948 0
949 0
950 0
951 0
952 0
953 0
954 0
955 0
956 0
957 0
958 0
959 0
960 0
961 0
962 0
963 0
964 0
965 0
966 0
967 0
968 0
969 0
970 0
971 0
972 0
973 0
974 0
975 0
976 0
977 0
978 0
979 0
980 0
981 0
982 0
983 0
984 0
985 0
986 0
987 0
988 0
989 0
990 0
991 0
992 0
993 0
994 0
995 0
996 0
997 0
998 0
999 0
1000 0
1001 0
1002 0
1003 0
1004 0
1005 0
1006 0
1007 0
1008 0
1009 0
1010 0
1011 0
1012 0
1013 0
1014 0
1015 0
1016 0
1017 0
1018 0
1019 0
1020 0
1021 0
1022 0
1023 0
1024 0
1025 0
1026 0
1027 0
1028 0
1029 0
1030 0
1031 0
1032 0
1033 0
1034 0
1035 0
1036 0
1037 0
1038 0
1039 0
1040 0
1041 0
1042 0
1043 0
1044 0
1045 0
1046 0
1047 0
1048 0
1049 0
1050 0
1051 0
1052 0
1053 0
1054 0
1055 0
1056 0
1057 0
1058 0
1059 0
1060 0
1061 0
1062 0
1063 0
1064 0
1065 0
1066 0
1067 0
1068 0
1069 0
1070 0
1071 0
1072 0
1073 0
1074 0
1075 0
1076 0
1077 0
1078 0
1079 0
1080 0
1081 0
1082 0
1083 0
1084 0
1085 0
1086 0
1087 0
1088 0
1089 0
1090 0
1091 0
1092 0
1093 0
1094 0
1095 0
1096 0
1097 0
1098 0
1099 0
1100 0
1101 0
1102 0
1103 0
1104 0
1105 0
1106 0
1107 0
1108 0
1109 0
1110 0
1111 0
1112 0
1113 0
1114 0
1115 0
1116 0
1117 0
1118 0
1119 0
1120 0
1121 0
1122 0
1123 0
1124 0
1125 0
1126 0
1127 0
1128 0
1129 0
1130 0
1131 0
1132 0
1133 0
1134 0
1135 0
1136 0
1137 0
1138 0
1139 0
1140 0
1141 0
1142 0
1143 0
1144 0
1145 0
1146 0
1147 0
1148 0
1149 0
1150 0
1151 0
1152 0
1153 0
1154 0
1155 0
1156 0
1157 0
1158 0
1159 0
1160 0
1161 0
1162 0
1163 0
1164 0
1165 0
1166 0
1167 0
1168 0
1169 0
1170 0
1171 0
1172 0
1173 0
1174 0
1175 0
1176 0
1177 0
1178 0
1179 0
1180 0
1181 0
1182 0
1183 0
1184 0
1185 0
1186 0
1187 0
1188 0
1189 0
1190 0
1191 0
1192 0
1193 0
1194 0
1195 0
1196 0
1197 0
1198 0
1199 0
1200 0
1201 0
1202 0
1203 0
1204 0
1205 0
1206 0
1207 0
1208 0
1209 0
1210 0
1211 0
1212 0
1213 0
1214 0
1215 0
1216 0
1217 0
1218 0
1219 0
1220 0
1221 0
1222 0
1223 0
1224 0
1225 0
1226 0
1227 0
1228 0
1229 0
1230 0
1231 0
1232 0
1233 0
1234 0
1235 0
1236 0
1237 0
1238 0
1239 0
1240 0
1241 0
1242 0
1243 0
1244 0
1245 0
1246 0
1247 0
1248 0
1249 0
1250 0
1251 0
1252 0
1253 0
1254 0
1255 0
1256 0
1257 0
1258 0
1259 0
1260 0
1261 0
1262 0
1263 0
1264 0
1265 0
1266 0
1267 0
1268 0
1269 0
1270 0
1271 0
1272 0
1273 0
1274 0
1275 0
1276 0
1277 0
1278 0
1279 0
1280 0
1281 0
1282 0
1283 0
1284 0
1285 0
1286 0
1287 0
1288 0
1289 0
1290 0
1291 0
1292 0
1293 0
1294 0
1295 0
1296 0
1297 0
1298 0
1299 0
1300 0
1301 0
1302 0
1303 0
1304 0
1305 0
1306 0
1307 0
1308 0
1309 0
1310 0
1311 0
1312 0
1313 0
1314 0
1315 0
1316 0
1317 0
1318 0
1319 0
1320 0
1321 0
1322 0
1323 0
1324 0
1325 0
1326 0
1327 0
1328 0
1329 0
1330 0
1331 0
1332 0
1333 0
1334 0
1335 0
1336 0
1337 0
1338 0
1339 0
1340 0
1341 0
1342 0
1343 0
1344 0
1345 0
1346 0
1347 0
1348 0
1349 0
1350 0
1351 0
1352 0
1353 0
1354 0
1355 0
1356 0
1357 0
1358 0
1359 0
1360 0
1361 0
1362 0
1363 0
1364 0
1365 0
1366 0
1367 0
1368 0
1369 0
1370 0
1371 0
1372 0
1373 0
1374 0
1375 0
1376 0
1377 0
1378 0
1379 0
1380 0
1381 0
1382 0
1383 0
1384 0
1385 0
1386 0
1387 0
1388 0
1389 0
1390 0
1391 0
1392 0
1393 0
1394 0
1395 0
1396 0
1397 0
1398 0
1399 0
1400 0
1401 0
1402 0
1403 0
1404 0
1405 0
1406 0
1407 0
1408 0
1409 0
1410 0
1411 0
1412 0
1413 0
1414 0
1415 0
1416 0
1417 0
1418 0
1419 0
1420 0
1421 0
1422 0
1423 0
1424 0
1425 0
1426 0
1427 0
1428 0
1429 0
1430 0
1431 0
1432 0
1433 0
1434 0
1435 0
1436 0
1437 0
1438 0
1439 0
1440 0
1441 0
1442 0
1443 0
1444 0
1445 0
1446 0
1447 0
1448 0
1449 0
1450 0
1451 0
1452 0
1453 0
1454 0
1455 0
1456 0
1457 0
1458 0
1459 0
1460 0
1461 0
1462 0
1463 0
1464 0
1465 0
1466 0
1467 0
1468 0
1469 0
1470 0
1471 0
1472 0
1473 0
1474 0
1475 0
1476 0
1477 0
1478 0
1479 0
1480 0
1481 0
1482 0
1483 0
1484 0
1485 0
1486 0
1487 0
1488 0
1489 0
1490 0
1491 0
1492 0
1493 0
1494 0
1495 0
1496 0
1497 0
1498 0
1499 0
1500 0
1501 0
1502 0
1503 0
1504 0
1505 0
1506 0
1507 0
1508 0
1509 0
1510 0
1511 0
1512 0
1513 0
1514 0
1515 0
1516 0
1517 0
1518 0
1519 0
1520 0
1521 0
1522 0
1523 0
1524 0
1525 0
1526 0
1527 0
1528 0
1529 0
1530 0
1531 0
1532 0
1533 0
1534 0
1535 0
1536 0
1537 0
1538 0
1539 0
1540 0
1541 0
1542 0
1543 0
1544 0
1545 0
1546 0
1547 0
1548 0
1549 0
1550 0
1551 0
1552 0
1553 0
1554 0
1555 0
1556 0
1557 0
1558 0
1559 0
1560 0
1561 0
1562 0
1563 0
1564 0
1565 0
1566 0
1567 0
1568 0
1569 0
1570 0
1571 0
1572 0
1573 0
1574 0
1575 0
1576 0
1577 0
1578 0
1579 0
1580 0
1581 0
1582 0
1583 0
1584 0
1585 0
1586 0
1587 0
1588 0
1589 0
1590 0
1591 0
1592 0
1593 0
1594 0
1595 0
1596 0
1597 0
1598 0
1599 0
1600 0
1601 0
1602 0
1603 0
1604 0
1605 0
1606 0
1607 0
1608 0
1609 0
1610 0
1611 0
1612 0
1613 0
1614 0
1615 0
1616 0
1617 0
1618 0
1619 0
1620 0
1621 0
1622 0
1623 0
1624 0
1625 0
1626 0
1627 0
1628 0
1629 0
1630 0
1631 0
1632 0
1633 0
1634 0
1635 0
1636 0
1637 0
1638 0
1639 0
1640 0
1641 0
1642 0
1643 0
1644 0
1645 0
1646 0
1647 0
1648 0
1649 0
1650 0
1651 0
1652 0
1653 0
1654 0
1655 0
1656 0
1657 0
1658 0
1659 0
1660 0
1661 0
1662 0
1663 0
1664 0
1665 0
1666 0
1667 0
1668 0
1669 0
1670 0
1671 0
1672 0
1673 0
1674 0
1675 0
1676 0
1677 0
1678 0
1679 0
1680 0
1681 0
1682 0
1683 0
1684 0
1685 0
1686 0
1687 0
1688 0
1689 0
1690 0
1691 0
1692 0
1693 0
1694 0
1695 0
1696 0
1697 0
1698 0
1699 0
1700 0
1701 0
1702 0
1703 0
1704 0
1705 0
1706 0
1707 0
1708 0
1709 0
1710 0
1711 0
1712 0
1713 0
1714 0
1715 0
1716 0
1717 0
1718 0
1719 0
1720 0
1721 0
1722 0
1723 0
1724 0
1725 0
1726 0
1727 0
1728 0
1729 0
1730 0
1731 0
1732 0
1733 0
1734 0
1735 0
1736 0
1737 0
1738 0
1739 0
1740 0
1741 0
1742 0
1743 0
1744 0
1745 0
1746 0
1747 0
1748 0
1749 0
1750 0
1751 0
1752 0
1753 0
1754 0
1755 0
1756 0
1757 0
1758 0
1759 0
1760 0
1761 0
1762 0
1763 0
1764 0
1765 0
1766 0
1767 0
1768 0
1769 0
1770 0
1771 0
1772 0
1773 0
1774 0
1775 0
1776 0
1777 0
1778 0
1779 0
1780 0
1781 0
1782 0
1783 0
1784 0
1785 0
1786 0
1787 0
1788 0
1789 0
1790 0
1791 0
1792 0
1793 0
1794 0
1795 0
1796 0
1797 0
1798 0
1799 0
1800 0
1801 0
1802 0
1803 0
1804 0
1805 0
1806 0
1807 0
1808 0
1809 0
1810 0
1811 0
1812 0
1813 0
1814 0
1815 0
1816 0
1817 0
1818 0
1819 0
1820 0
1821 0
1822 0
1823 0
1824 0
1825 0
1826 0
1827 0
1828 0
1829 0
1830 0
1831 0
1832 0
1833 0
1834 0
1835 0
1836 0
1837 0
1838 0
1839 0
1840 0
1841 0
1842 0
1843 0
1844 0
1845 0
1846 0
1847 0
1848 0
1849 0
1850 0
1851 0
1852 0
1853 0
1854 0
1855 0
1856 0
1857 0
1858 0
1859 0
1860 0
1861 0
1862 0
1863 0
1864 0
1865 0
1866 0
1867 0
1868 0
1869 0
1870 0
1871 0
1872 0
1873 0
1874 0
1875 0
1876 0
1877 0
1878 0
1879 0
1880 0
1881 0
1882 0
1883 0
1884 0
1885 0
1886 0
1887 0
1888 0
1889 0
1890 0
1891 0
1892 0
1893 0
1894 0
1895 0
1896 0
1897 0
1898 0
1899 0
1900 0
1901 0
1902 0
1903 0
1904 0
1905 0
1906 0
1907 0
1908 0
1909 0
1910 0
1911 0
1912 0
1913 0
1914 0
1915 0
1916 0
1917 0
1918 0
1919 0
1920 0
1921 0
1922 0
1923 0
1924 0
1925 0
1926 0
1927 0
1928 0
1929 0
1930 0
1931 0
1932 0
1933 0
1934 0
1935 0
1936 0
1937 0
1938 0
1939 0
1940 0
1941 0
1942 0
1943 0
1944 0
1945 0
1946 0
1947 0
1948 0
1949 0
1950 0
1951 0
1952 0
1953 0
1954 0
1955 0
1956 0
1957 0
1958 0
1959 0
1960 0
1961 0
1962 0
1963 0
1964 0
1965 0
1966 0
1967 0
1968 0
1969 0
1970 0
1971 0
1972 0
1973 0
1974 0
1975 0
1976 0
1977 0
1978 0
1979 0
1980 0
1981 0
1982 0
1983 0
1984 0
1985 0
1986 0
1987 0
1988 0
1989 0
1990 0
1991 0
1992 0
1993 0
1994 0
1995 0
1996 0
1997 0
1998 0
1999 0
2000 0
2001 0
2002 0
2003 0
2004 0
2005 0
2006 0
2007 0
2008 0
2009 0
2010 0
2011 0
2012 0
2013 0
2014 0
2015 0
2016 0
2017 0
2018 0
2019 0
2020 0
2021 0
2022 0
2023 0
2024 0
2025 0
2026 0
2027 0
2028 0
2029 0
2030 0
2031 0
2032 0
2033 0
2034 0
2035 0
2036 0
2037 0
2038 0
2039 0
2040 0
2041 0
2042 0
2043 0
2044 0
2045 0
2046 0
2047 0
2048 0
2049 0
2050 0
2051 0
2052 0
2053 0
2054 0
2055 0
2056 0
2057 0
2058 0
2059 0
2060 0
2061 0
2062 0
2063 0
2064 0
2065 0
2066 0
2067 0
2068 0
2069 0
2070 0
2071 0
2072 0
2073 0
2074 0
2075 0
2076 0
2077 0
2078 0
2079 0
2080 0
2081 0
2082 0
2083 0
2084 0
2085 0
2086 0
2087 0
2088 0
2089 0
2090 0
2091 0
2092 0
2093 0
2094 0
2095 0
2096 0
2097 0
2098 0
2099 0
2100 0
2101 0
2102 0
2103 0
2104 0
2105 0
2106 0
2107 0
2108 0
2109 0
2110 0
2111 0
2112 0
2113 0
2114 0
2115 0
2116 0
2117 0
2118 0
2119 0
2120 0
2121 0
2122 0
2123 0
2124 0
2125 0
2126 0
2127 0
2128 0
2129 0
2130 0
2131 0
2132 0
2133 0
2134 0
2135 0
2136 0
2137 0
2138 0
2139 0
2140 0
2141 0
2142 0
2143 0
2144 0
2145 0
2146 0
2147 0
2148 0
2149 0
2150 0
2151 0
2152 0
2153 0
2154 0
2155 0
2156 0
2157 0
2158 0
2159 0
2160 0
2161 0
2162 0
2163 0
2164 0
2165 0
2166 0
2167 0
2168 0
2169 0
2170 0
2171 0
2172 0
2173 0
2174 0
2175 0
2176 0
2177 0
2178 0
2179 0
2180 0
2181 0
2182 0
2183 0
2184 0
2185 0
2186 0
2187 0
2188 0
2189 0
2190 0
2191 0
2192 0
2193 0
2194 0
2195 0
2196 0
2197 0
2198 0
2199 0
2200 0
2201 0
2202 0
2203 0
2204 0
2205 0
2206 0
2207 0
2208 0
2209 0
2210 0
2211 0
2212 0
2213 0
2214 0
2215 0
2216 0
2217 0
2218 0
2219 0
2220 0
2221 0
2222 0
2223 0
2224 0
2225 0
2226 0
2227 0
2228 0
2229 0
2230 0
2231 0
2232 0
2233 0
2234 0
2235 0
2236 0
2237 0
2238 0
2239 0
2240 0
2241 0
2242 0
2243 0
2244 0
2245 0
2246 0
2247 0
2248 0
2249 0
2250 0
2251 0
2252 0
2253 0
2254 0
2255 0
2256 0
2257 0
2258 0
2259 0
2260 0
2261 0
2262 0
2263 0
2264 0
2265 0
2266 0
2267 0
2268 0
2269 0
2270 0
2271 0
2272 0
2273 0
2274 0
2275 0
2276 0
2277 0
2278 0
2279 0
2280 0
2281 0
2282 0
2283 0
2284 0
2285 0
2286 0
2287 0
2288 0
2289 0
2290 0
2291 0
2292 0
2293 0
2294 0
2295 0
2296 0
2297 0
2298 0
2299 0
2300 0
2301 0
2302 0
2303 0
2304 0
2305 0
2306 0
2307 0
2308 0
2309 0
2310 0
2311 0
2312 0
2313 0
2314 0
2315 0
2316 0
2317 0
2318 0
2319 0
2320 0
2321 0
2322 0
2323 0
2324 0
2325 0
2326 0
2327 0
2328 0
2329 0
2330 0
2331 0
2332 0
2333 0
2334 0
2335 0
2336 0
2337 0
2338 0
2339 0
2340 0
2341 0
2342 0
2343 0
2344 0
2345 0
2346 0
2347 0
2348 0
2349 0
2350 0
2351 0
2352 0
2353 0
2354 0
2355 0
2356 0
2357 0
2358 0
2359 0
2360 0
2361 0
2362 0
2363 0
2364 0
2365 0
2366 0
2367 0
2368 0
2369 0
2370 0
2371 0
2372 0
2373 0
2374 0
2375 0
2376 0
2377 0
2378 0
2379 0
2380 0
2381 0
2382 0
2383 0
2384 0
2385 0
2386 0
2387 0
2388 0
2389 0
2390 0
2391 0
2392 0
2393 0
2394 0
2395 0
2396 0
2397 0
2398 0
2399 0
2400 0
2401 0
2402 0
2403 0
2404 0
2405 0
2406 0
2407 0
2408 0
2409 0
2410 0
2411 0
2412 0
2413 0
2414 0
2415 0
2416 0
2417 0
2418 0
2419 0
2420 0
2421 0
2422 0
2423 0
2424 0
2425 0
2426 0
2427 0
2428 0
2429 0
2430 0
2431 0
2432 0
2433 0
2434 0
2435 0
2436 0
2437 0
2438 0
2439 0
2440 0
2441 0
2442 0
2443 0
2444 0
2445 0
2446 0
2447 0
2448 0
2449 0
2450 0
2451 0
2452 0
2453 0
2454 0
2455 0
2456 0
2457 0
2458 0
2459 0
2460 0
2461 0
2462 0
2463 0
2464 0
2465 0
2466 0
2467 0
2468 0
2469 0
2470 0
2471 0
2472 0
2473 0
2474 0
2475 0
2476 0
2477 0
2478 0
2479 0
2480 0
2481 0
2482 0
2483 0
2484 0
2485 0
2486 0
2487 0
2488 0
2489 0
2490 0
2491 0
2492 0
2493 0
2494 0
2495 0
2496 0
2497 0
2498 0
2499 0
2500 0
2501 0
2502 0
2503 0
2504 0
2505 0
2506 0
2507 0
2508 0
2509 0
2510 0
2511 0
2512 0
2513 0
2514 0
2515 0
2516 0
2517 0
2518 0
2519 0
2520 0
2521 0
2522 0
2523 0
2524 0
2525 0
2526 0
2527 0
2528 0
2529 0
2530 0
2531 0
2532 0
2533 0
2534 0
2535 0
2536 0
2537 0
2538 0
2539 0
2540 0
2541 0
2542 0
2543 0
2544 0
2545 0
2546 0
2547 0
2548 0
2549 0
2550 0
2551 0
2552 0
2553 0
2554 0
2555 0
2556 0
2557 0
2558 0
2559 0
2560 0
2561 0
2562 0
2563 0
2564 0
2565 0
2566 0
2567 0
2568 0
2569 0
2570 0
2571 0
2572 0
2573 0
2574 0
2575 0
2576 0
2577 0
2578 0
2579 0
2580 0
2581 0
2582 0
2583 0
2584 0
2585 0
2586 0
2587 0
2588 0
2589 0
2590 0
2591 0
2592 0
2593 0
2594 0
2595 0
2596 0
2597 0
2598 0
2599 0
2600 0
2601 0
2602 0
2603 0
2604 0
2605 0
2606 0
2607 0
2608 0
2609 0
2610 0
2611 0
2612 0
2613 0
2614 0
2615 0
2616 0
2617 0
2618 0
2619 0
2620 0
2621 0
2622 0
2623 0
2624 0
2625 0
2626 0
2627 0
2628 0
2629 0
2630 0
2631 0
2632 0
2633 0
2634 0
2635 0
2636 0
2637 0
2638 0
2639 0
2640 0
2641 0
2642 0
2643 0
2644 0
2645 0
2646 0
2647 0
2648 0
2649 0
2650 0
2651 0
2652 0
2653 0
2654 0
2655 0
2656 0
2657 0
2658 0
2659 0
2660 0
2661 0
2662 0
2663 0
2664 0
2665 0
2666 0
2667 0
2668 0
2669 0
2670 0
2671 0
2672 0
2673 0
2674 0
2675 0
2676 0
2677 0
2678 0
2679 0
2680 0
2681 0
2682 0
2683 0
2684 0
2685 0
2686 0
2687 0
2688 0
2689 0
2690 0
2691 0
2692 0
2693 0
2694 0
2695 0
2696 0
2697 0
2698 0
2699 0
2700 0
2701 0
2702 0
2703 0
2704 0
2705 0
2706 0
2707 0
2708 0
2709 0
2710 0
2711 0
2712 0
2713 0
2714 0
2715 0
2716 0
2717 0
2718 0
2719 0
2720 0
2721 0
2722 0
2723 0
2724 0
2725 0
2726 0
2727 0
2728 0
2729 0
2730 0
2731 0
2732 0
2733 0
2734 0
2735 0
2736 0
2737 0
2738 0
2739 0
2740 0
2741 0
2742 0
2743 0
2744 0
2745 0
2746 0
2747 0
2748 0
2749 0
2750 0
2751 0
2752 0
2753 0
2754 0
2755 0
2756 0
2757 0
2758 0
2759 0
2760 0
2761 0
2762 0
2763 0
2764 0
2765 0
2766 0
2767 0
2768 0
2769 0
2770 0
2771 0
2772 0
2773 0
2774 0
2775 0
2776 0
2777 0
2778 0
2779 0
2780 0
2781 0
2782 0
2783 0
2784 0
2785 0
2786 0
2787 0
2788 0
2789 0
2790 0
2791 0
2792 0
2793 0
2794 0
2795 0
2796 0
2797 0
2798 0
2799 0
2800 0
2801 0
2802 0
2803 0
2804 0
2805 0
2806 0
2807 0
2808 0
2809 0
2810 0
2811 0
2812 0
2813 0
2814 0
2815 0
2816 0
2817 0
2818 0
2819 0
2820 0
2821 0
2822 0
2823 0
2824 0
2825 0
2826 0
2827 0
2828 0
2829 0
2830 0
2831 0
2832 0
2833 0
2834 0
2835 0
2836 0
2837 0
2838 0
2839 0
2840 0
2841 0
2842 0
2843 0
2844 0
2845 0
2846 0
2847 0
2848 0
2849 0
2850 0
2851 0
2852 0
2853 0
2854 0
2855 0
2856 0
2857 0
2858 0
2859 0
2860 0
2861 0
2862 0
2863 0
2864 0
2865 0
2866 0
2867 0
2868 0
2869 0
2870 0
2871 0
2872 0
2873 0
2874 0
2875 0
2876 0
2877 0
2878 0
2879 0
2880 0
2881 0
2882 0
2883 0
2884 0
2885 0
2886 0
2887 0
2888 0
2889 0
2890 0
2891 0
2892 0
2893 0
2894 0
2895 0
2896 0
2897 0
2898 0
2899 0
2900 0
2901 0
2902 0
2903 0
2904 0
2905 0
2906 0
2907 0
2908 0
2909 0
2910 0
2911 0
2912 0
2913 0
2914 0
2915 0
2916 0
2917 0
2918 0
2919 0
2920 0
2921 0
2922 0
2923 0
2924 0
2925 0
2926 0
2927 0
2928 0
2929 0
2930 0
2931 0
2932 0
2933 0
2934 0
2935 0
2936 0
2937 0
2938 0
2939 0
2940 0
2941 0
2942 0
2943 0
2944 0
2945 0
2946 0
2947 0
2948 0
2949 0
2950 0
2951 0
2952 0
2953 0
2954 0
2955 0
2956 0
2957 0
2958 0
2959 0
2960 0
2961 0
2962 0
2963 0
2964 0
2965 0
2966 0
2967 0
2968 0
2969 0
2970 0
2971 0
2972 0
2973 0
2974 0
2975 0
2976 0
2977 0
2978 0
2979 0
2980 0
2981 0
2982 0
2983 0
2984 0
2985 0
2986 0
2987 0
2988 0
2989 0
2990 0
2991 0
2992 0
2993 0
2994 0
2995 0
2996 0
2997 0
2998 0
2999 0
3000 0
3001 0
3002 0
3003 0
3004 0
3005 0
3006 0
3007 0
3008 0
3009 0
3010 0
3011 0
3012 0
3013 0
3014 0
3015 0
3016 0
3017 0
3018 0
3019 0
3020 0
3021 0
3022 0
3023 0
3024 0
3025 0
3026 0
3027 0
3028 0
3029 0
3030 0
3031 0
3032 0
3033 0
3034 0
3035 0
3036 0
3037 0
3038 0
3039 0
3040 0
3041 0
3042 0
3043 0
3044 0
3045 0
3046 0
3047 0
3048 0
3049 0
3050 0
3051 0
3052 0
3053 0
3054 0
3055 0
3056 0
3057 0
3058 0
3059 0
3060 0
3061 0
3062 0
3063 0
3064 0
3065 0
3066 0
3067 0
3068 0
3069 0
3070 0
3071 0
3072 0
3073 0
3074 0
3075 0
3076 0
3077 0
3078 0
3079 0
3080 0
3081 0
3082 0
3083 0
3084 0
3085 0
3086 0
3087 0
3088 0
3089 0
3090 0
3091 0
3092 0
3093 0
3094 0
3095 0
3096 0
3097 0
3098 0
3099 0
3100 0
3101 0
3102 0
3103 0
3104 0
3105 0
3106 0
3107 0
3108 0
3109 0
3110 0
3111 0
3112 0
3113 0
3114 0
3115 0
3116 0
3117 0
3118 0
3119 0
3120 0
3121 0
3122 0
3123 0
3124 0
3125 0
3126 0
3127 0
3128 0
3129 0
3130 0
3131 0
3132 0
3133 0
3134 0
3135 0
3136 0
3137 0
3138 0
3139 0
3140 0
3141 0
3142 0
3143 0
3144 0
3145 0
3146 0
3147 0
3148 0
3149 0
3150 0
3151 0
3152 0
3153 0
3154 0
3155 0
3156 0
3157 0
3158 0
3159 0
3160 0
3161 0
3162 0
3163 0
3164 0
3165 0
3166 0
3167 0
3168 0
3169 0
3170 0
3171 0
3172 0
3173 0
3174 0
3175 0
3176 0
3177 0
3178 0
3179 0
3180 0
3181 0
3182 0
3183 0
3184 0
3185 0
3186 0
3187 0
3188 0
3189 0
3190 0
3191 0
3192 0
3193 0
3194 0
3195 0
3196 0
3197 0
3198 0
3199 0
3200 0
3201 0
3202 0
3203 0
3204 0
3205 0
3206 0
3207 0
3208 0
3209 0
3210 0
3211 0
3212 0
3213 0
3214 0
3215 0
3216 0
3217 0
3218 0
3219 0
3220 0
3221 0
3222 0
3223 0
3224 0
3225 0
3226 0
3227 0
3228 0
3229 0
3230 0
3231 0
3232 0
3233 0
3234 0
3235 0
3236 0
3237 0
3238 0
3239 0
3240 0
3241 0
3242 0
3243 0
3244 0
3245 0
3246 0
3247 0
3248 0
3249 0
3250 0
3251 0
3252 0
3253 0
3254 0
3255 0
3256 0
3257 0
3258 0
3259 0
3260 0
3261 0
3262 0
3263 0
3264 0
3265 0
3266 0
3267 0
3268 0
3269 0
3270 0
3271 0
3272 0
3273 0
3274 0
3275 0
3276 0
3277 0
3278 0
3279 0
3280 0
3281 0
3282 0
3283 0
3284 0
3285 0
3286 0
3287 0
3288 0
3289 0
3290 0
3291 0
3292 0
3293 0
3294 0
3295 0
3296 0
3297 0
3298 0
3299 0
3300 0
3301 0
3302 0
3303 0
3304 0
3305 0
3306 0
3307 0
3308 0
3309 0
3310 0
3311 0
3312 0
3313 0
3314 0
3315 0
3316 0
3317 0
3318 0
3319 0
3320 0
3321 0
3322 0
3323 0
3324 0
3325 0
3326 0
3327 0
3328 0
3329 0
3330 0
3331 0
3332 0
3333 0
3334 0
3335 0
3336 0
3337 0
3338 0
3339 0
3340 0
3341 0
3342 0
3343 0
3344 0
3345 0
3346 0
3347 0
3348 0
3349 0
3350 0
3351 0
3352 0
3353 0
3354 0
3355 0
3356 0
3357 0
3358 0
3359 0
3360 0
3361 0
3362 0
3363 0
3364 0
3365 0
3366 0
3367 0
3368 0
3369 0
3370 0
3371 0
3372 0
3373 0
3374 0
3375 0
3376 0
3377 0
3378 0
3379 0
3380 0
3381 0
3382 0
3383 0
3384 0
3385 0
3386 0
3387 0
3388 0
3389 0
3390 0
3391 0
3392 0
3393 0
3394 0
3395 0
3396 0
3397 0
3398 0
3399 0
3400 0
3401 0
3402 0
3403 0
3404 0
3405 0
3406 0
3407 0
3408 0
3409 0
3410 0
3411 0
3412 0
3413 0
3414 0
3415 0
3416 0
3417 0
3418 0
3419 0
3420 0
3421 0
3422 0
3423 0
3424 0
3425 0
3426 0
3427 0
3428 0
3429 0
3430 0
3431 0
3432 0
3433 0
3434 0
3435 0
3436 0
3437 0
3438 0
3439 0
3440 0
3441 0
3442 0
3443 0
3444 0
3445 0
3446 0
3447 0
3448 0
3449 0
3450 0
3451 0
3452 0
3453 0
3454 0
3455 0
3456 0
3457 0
3458 0
3459 0
3460 0
3461 0
3462 0
3463 0
3464 0
3465 0
3466 0
3467 0
3468 0
3469 0
3470 0
3471 0
3472 0
3473 0
3474 0
3475 0
3476 0
3477 0
3478 0
3479 0
3480 0
3481 0
3482 0
3483 0
3484 0
3485 0
3486 0
3487 0
3488 0
3489 0
3490 0
3491 0
3492 0
3493 0
3494 0
3495 0
3496 0
3497 0
3498 0
3499 0
3500 0
3501 0
3502 0
3503 0
3504 0
3505 0
3506 0
3507 0
3508 0
3509 0
3510 0
3511 0
3512 0
3513 0
3514 0
3515 0
3516 0
3517 0
3518 0
3519 0
3520 0
3521 0
3522 0
3523 0
3524 0
3525 0
3526 0
3527 0
3528 0
3529 0
3530 0
3531 0
3532 0
3533 0
3534 0
3535 0
3536 0
3537 0
3538 0
3539 0
3540 0
3541 0
3542 0
3543 0
3544 0
3545 0
3546 0
3547 0
3548 0
3549 0
3550 0
3551 0
3552 0
3553 0
3554 0
3555 0
3556 0
3557 0
3558 0
3559 0
3560 0
3561 0
3562 0
3563 0
3564 0
3565 0
3566 0
3567 0
3568 0
3569 0
3570 0
3571 0
3572 0
3573 0
3574 0
3575 0
3576 0
3577 0
3578 0
3579 0
3580 0
3581 0
3582 0
3583 0
3584 0
3585 0
3586 0
3587 0
3588 0
3589 0
3590 0
3591 0
3592 0
3593 0
3594 0
3595 0
3596 0
3597 0
3598 0
3599 0
3600 0
3601 0
3602 0
3603 0
3604 0
3605 0
3606 0
3607 0
3608 0
3609 0
3610 0
3611 0
3612 0
3613 0
3614 0
3615 0
3616 0
3617 0
3618 0
3619 0
3620 0
3621 0
3622 0
3623 0
3624 0
3625 0
3626 0
3627 0
3628 0
3629 0
3630 0
3631 0
3632 0
3633 0
3634 0
3635 0
3636 0
3637 0
3638 0
3639 0
3640 0
3641 0
3642 0
3643 0
3644 0
3645 0
3646 0
3647 0
3648 0
3649 0
3650 0
3651 0
3652 0
3653 0
3654 0
3655 0
3656 0
3657 0
3658 0
3659 0
3660 0
3661 0
3662 0
3663 0
3664 0
3665 0
3666 0
3667 0
3668 0
3669 0
3670 0
3671 0
3672 0
3673 0
3674 0
3675 0
3676 0
3677 0
3678 0
3679 0
3680 0
3681 0
3682 0
3683 0
3684 0
3685 0
3686 0
3687 0
3688 0
3689 0
3690 0
3691 0
3692 0
3693 0
3694 0
3695 0
3696 0
3697 0
3698 0
3699 0
3700 0
3701 0
3702 0
3703 0
3704 0
3705 0
3706 0
3707 0
3708 0
3709 0
3710 0
3711 0
3712 0
3713 0
3714 0
3715 0
3716 0
3717 0
3718 0
3719 0
3720 0
3721 0
3722 0
3723 0
3724 0
3725 0
3726 0
3727 0
3728 0
3729 0
3730 0
3731 0
3732 0
3733 0
3734 0
3735 0
3736 0
3737 0
3738 0
3739 0
3740 0
3741 0
3742 0
3743 0
3744 0
3745 0
3746 0
3747 0
3748 0
3749 0
3750 0
3751 0
3752 0
3753 0
3754 0
3755 0
3756 0
3757 0
3758 0
3759 0
3760 0
3761 0
3762 0
3763 0
3764 0
3765 0
3766 0
3767 0
3768 0
3769 0
3770 0
3771 0
3772 0
3773 0
3774 0
3775 0
3776 0
3777 0
3778 0
3779 0
3780 0
3781 0
3782 0
3783 0
3784 0
3785 0
3786 0
3787 0
3788 0
3789 0
3790 0
3791 0
3792 0
3793 0
3794 0
3795 0
3796 0
3797 0
3798 0
3799 0
3800 0
3801 0
3802 0
3803 0
3804 0
3805 0
3806 0
3807 0
3808 0
3809 0
3810 0
3811 0
3812 0
3813 0
3814 0
3815 0
3816 0
3817 0
3818 0
3819 0
3820 0
3821 0
3822 0
3823 0
3824 0
3825 0
3826 0
3827 0
3828 0
3829 0
3830 0
3831 0
3832 0
3833 0
3834 0
3835 0
3836 0
3837 0
3838 0
3839 0
3840 0
3841 0
3842 0
3843 0
3844 0
3845 0
3846 0
3847 0
3848 0
3849 0
3850 0
3851 0
3852 0
3853 0
3854 0
3855 0
3856 0
3857 0
3858 0
3859 0
3860 0
3861 0
3862 0
3863 0
3864 0
3865 0
3866 0
3867 0
3868 0
3869 0
3870 0
3871 0
3872 0
3873 0
3874 0
3875 0
3876 0
3877 0
3878 0
3879 0
3880 0
3881 0
3882 0
3883 0
3884 0
3885 0
3886 0
3887 0
3888 0
3889 0
3890 0
3891 0
3892 0
3893 0
3894 0
3895 0
3896 0
3897 0
3898 0
3899 0
3900 0
3901 0
3902 0
3903 0
3904 0
3905 0
3906 0
3907 0
3908 0
3909 0
3910 0
3911 0
3912 0
3913 0
3914 0
3915 0
3916 0
3917 0
3918 0
3919 0
3920 0
3921 0
3922 0
3923 0
3924 0
3925 0
3926 0
3927 0
3928 0
3929 0
3930 0
3931 0
3932 0
3933 0
3934 0
3935 0
3936 0
3937 0
3938 0
3939 0
3940 0
3941 0
3942 0
3943 0
3944 0
3945 0
3946 0
3947 0
3948 0
3949 0
3950 0
3951 0
3952 0
3953 0
3954 0
3955 0
3956 0
3957 0
3958 0
3959 0
3960 0
3961 0
3962 0
3963 0
3964 0
3965 0
3966 0
3967 0
3968 0
3969 0
3970 0
3971 0
3972 0
3973 0
3974 0
3975 0
3976 0
3977 0
3978 0
3979 0
3980 0
3981 0
3982 0
3983 0
3984 0
3985 0
3986 0
3987 0
3988 0
3989 0
3990 0
3991 0
3992 0
3993 0
3994 0
3995 0
3996 0
3997 0
3998 0
3999 0
4000 0
4001 0
4002 0
4003 0
4004 0
4005 0
4006 0
4007 0
4008 0
4009 0
4010 0
4011 0
4012 0
4013 0
4014 0
4015 0
4016 0
4017 0
4018 0
4019 0
4020 0
4021 0
4022 0
4023 0
4024 0
4025 0
4026 0
4027 0
4028 0
4029 0
4030 0
4031 0
4032 0
4033 0
4034 0
4035 0
4036 0
4037 0
4038 0
4039 0
4040 0
4041 0
4042 0
4043 0
4044 0
4045 0
4046 0
4047 0
4048 0
4049 0
4050 0
4051 0
4052 0
4053 0
4054 0
4055 0
4056 0
4057 0
4058 0
4059 0
4060 0
4061 0
4062 0
4063 0
4064 0
4065 0
4066 0
4067 0
4068 0
4069 0
4070 0
4071 0
4072 0
4073 0
4074 0
4075 0
4076 0
4077 0
4078 0
4079 0
4080 0
4081 0
4082 0
4083 0
4084 0
4085 0
4086 0
4087 0
4088 0
4089 0
4090 0
4091 0
4092 0
4093 0
4094 0
4095 0
4096 0
4097 0
4098 0
4099 0
4100 0
4101 0
4102 0
4103 0
4104 0
4105 0
4106 0
4107 0
4108 0
4109 0
4110 0
4111 0
4112 0
4113 0
4114 0
4115 0
4116 0
4117 0
4118 0
4119 0
4120 0
4121 0
4122 0
4123 0
4124 0
4125 0
4126 0
4127 0
4128 0
4129 0
4130 0
4131 0
4132 0
4133 0
4134 0
4135 0
4136 0
4137 0
4138 0
4139 0
4140 0
4141 0
4142 0
4143 0
4144 0
4145 0
4146 0
4147 0
4148 0
4149 0
4150 0
4151 0
4152 0
4153 0
4154 0
4155 0
4156 0
4157 0
4158 0
4159 0
4160 0
4161 0
4162 0
4163 0
4164 0
4165 0
4166 0
4167 0
4168 0
4169 0
4170 0
4171 0
4172 0
4173 0
4174 0
4175 0
4176 0
4177 0
4178 0
4179 0
4180 0
4181 0
4182 0
4183 0
4184 0
4185 0
4186 0
4187 0
4188 0
4189 0
4190 0
4191 0
4192 0
4193 0
4194 0
4195 0
4196 0
4197 0
4198 0
4199 0
4200 0
4201 0
4202 0
4203 0
4204 0
4205 0
4206 0
4207 0
4208 0
4209 0
4210 0
4211 0
4212 0
4213 0
4214 0
4215 0
4216 0
4217 0
4218 0
4219 0
4220 0
4221 0
4222 0
4223 0
4224 0
4225 0
4226 0
4227 0
4228 0
4229 0
4230 0
4231 0
4232 0
4233 0
4234 0
4235 0
4236 0
4237 0
4238 0
4239 0
4240 0
4241 0
4242 0
4243 0
4244 0
4245 0
4246 0
4247 0
4248 0
4249 0
4250 0
4251 0
4252 0
4253 0
4254 0
4255 0
4256 0
4257 0
4258 0
4259 0
4260 0
4261 0
4262 0
4263 0
4264 0
4265 0
4266 0
4267 0
4268 0
4269 0
4270 0
4271 0
4272 0
4273 0
4274 0
4275 0
4276 0
4277 0
4278 0
4279 0
4280 0
4281 0
4282 0
4283 0
4284 0
4285 0
4286 0
4287 0
4288 0
4289 0
4290 0
4291 0
4292 0
4293 0
4294 0
4295 0
4296 0
4297 0
4298 0
4299 0
4300 0
4301 0
4302 0
4303 0
4304 0
4305 0
4306 0
4307 0
4308 0
4309 0
4310 0
4311 0
4312 0
4313 0
4314 0
4315 0
4316 0
4317 0
4318 0
4319 0
4320 0
4321 0
4322 0
4323 0
4324 0
4325 0
4326 0
4327 0
4328 0
4329 0
4330 0
4331 0
4332 0
4333 0
4334 0
4335 0
4336 0
4337 0
4338 0
4339 0
4340 0
4341 0
4342 0
4343 0
4344 0
4345 0
4346 0
4347 0
4348 0
4349 0
4350 0
4351 0
4352 0
4353 0
4354 0
4355 0
4356 0
4357 0
4358 0
4359 0
4360 0
4361 0
4362 0
4363 0
4364 0
4365 0
4366 0
4367 0
4368 0
4369 0
4370 0
4371 0
4372 0
4373 0
4374 0
4375 0
4376 0
4377 0
4378 0
4379 0
4380 0
4381 0
4382 0
4383 0
4384 0
4385 0
4386 0
4387 0
4388 0
4389 0
4390 0
4391 0
4392 0
4393 0
4394 0
4395 0
4396 0
4397 0
4398 0
4399 0
4400 0
4401 0
4402 0
4403 0
4404 0
4405 0
4406 0
4407 0
4408 0
4409 0
4410 0
4411 0
4412 0
4413 0
4414 0
4415 0
4416 0
4417 0
4418 0
4419 0
4420 0
4421 0
4422 0
4423 0
4424 0
4425 0
4426 0
4427 0
4428 0
4429 0
4430 0
4431 0
4432 0
4433 0
4434 0
4435 0
4436 0
4437 0
4438 0
4439 0
4440 0
4441 0
4442 0
4443 0
4444 0
4445 0
4446 0
4447 0
4448 0
4449 0
4450 0
4451 0
4452 0
4453 0
4454 0
4455 0
4456 0
4457 0
4458 0
4459 0
4460 0
4461 0
4462 0
4463 0
4464 0
4465 0
4466 0
4467 0
4468 0
4469 0
4470 0
4471 0
4472 0
4473 0
4474 0
4475 0
4476 0
4477 0
4478 0
4479 0
4480 0
4481 0
4482 0
4483 0
4484 0
4485 0
4486 0
4487 0
4488 0
4489 0
4490 0
4491 0
4492 0
4493 0
4494 0
4495 0
4496 0
4497 0
4498 0
4499 0
4500 0
4501 0
4502 0
4503 0
4504 0
4505 0
4506 0
4507 0
4508 0
4509 0
4510 0
4511 0
4512 0
4513 0
4514 0
4515 0
4516 0
4517 0
4518 0
4519 0
4520 0
4521 0
4522 0
4523 0
4524 0
4525 0
4526 0
4527 0
4528 0
4529 0
4530 0
4531 0
4532 0
4533 0
4534 0
4535 0
4536 0
4537 0
4538 0
4539 0
4540 0
4541 0
4542 0
4543 0
4544 0
4545 0
4546 0
4547 0
4548 0
4549 0
4550 0
4551 0
4552 0
4553 0
4554 0
4555 0
4556 0
4557 0
4558 0
4559 0
4560 0
4561 0
4562 0
4563 0
4564 0
4565 0
4566 0
4567 0
4568 0
4569 0
4570 0
4571 0
4572 0
4573 0
4574 0
4575 0
4576 0
4577 0
4578 0
4579 0
4580 0
4581 0
4582 0
4583 0
4584 0
4585 0
4586 0
4587 0
4588 0
4589 0
4590 0
4591 0
4592 0
4593 0
4594 0
4595 0
4596 0
4597 0
4598 0
4599 0
4600 0
4601 0
4602 0
4603 0
4604 0
4605 0
4606 0
4607 0
4608 0
4609 0
4610 0
4611 0
4612 0
4613 0
4614 0
4615 0
4616 0
4617 0
4618 0
4619 0
4620 0
4621 0
4622 0
4623 0
4624 0
4625 0
4626 0
4627 0
4628 0
4629 0
4630 0
4631 0
4632 0
4633 0
4634 0
4635 0
4636 0
4637 0
4638 0
4639 0
4640 0
4641 0
4642 0
4643 0
4644 0
4645 0
4646 0
4647 0
4648 0
4649 0
4650 0
4651 0
4652 0
4653 0
4654 0
4655 0
4656 0
4657 0
4658 0
4659 0
4660 0
4661 0
4662 0
4663 0
4664 0
4665 0
4666 0
4667 0
4668 0
4669 0
4670 0
4671 0
4672 0
4673 0
4674 0
4675 0
4676 0
4677 0
4678 0
4679 0
4680 0
4681 0
4682 0
4683 0
4684 0
4685 0
4686 0
4687 0
4688 0
4689 0
4690 0
4691 0
4692 0
4693 0
4694 0
4695 0
4696 0
4697 0
4698 0
4699 0
4700 0
4701 0
4702 0
4703 0
4704 0
4705 0
4706 0
4707 0
4708 0
4709 0
4710 0
4711 0
4712 0
4713 0
4714 0
4715 0
4716 0
4717 0
4718 0
4719 0
4720 0
4721 0
4722 0
4723 0
4724 0
4725 0
4726 0
4727 0
4728 0
4729 0
4730 0
4731 0
4732 0
4733 0
4734 0
4735 0
4736 0
4737 0
4738 0
4739 0
4740 0
4741 0
4742 0
4743 0
4744 0
4745 0
4746 0
4747 0
4748 0
4749 0
4750 0
4751 0
4752 0
4753 0
4754 0
4755 0
4756 0
4757 0
4758 0
4759 0
4760 0
4761 0
4762 0
4763 0
4764 0
4765 0
4766 0
4767 0
4768 0
4769 0
4770 0
4771 0
4772 0
4773 0
4774 0
4775 0
4776 0
4777 0
4778 0
4779 0
4780 0
4781 0
4782 0
4783 0
4784 0
4785 0
4786 0
4787 0
4788 0
4789 0
4790 0
4791 0
4792 0
4793 0
4794 0
4795 0
4796 0
4797 0
4798 0
4799 0
4800 0
4801 0
4802 0
4803 0
4804 0
4805 0
4806 0
4807 0
4808 0
4809 0
4810 0
4811 0
4812 0
4813 0
4814 0
4815 0
4816 0
4817 0
4818 0
4819 0
4820 0
4821 0
4822 0
4823 0
4824 0
4825 0
4826 0
4827 0
4828 0
4829 0
4830 0
4831 0
4832 0
4833 0
4834 0
4835 0
4836 0
4837 0
4838 0
4839 0
4840 0
4841 0
4842 0
4843 0
4844 0
4845 0
4846 0
4847 0
4848 0
4849 0
4850 0
4851 0
4852 0
4853 0
4854 0
4855 0
4856 0
4857 0
4858 0
4859 0
4860 0
4861 0
4862 0
4863 0
4864 0
4865 0
4866 0
4867 0
4868 0
4869 0
4870 0
4871 0
4872 0
4873 0
4874 0
4875 0
4876 0
4877 0
4878 0
4879 0
4880 0
4881 0
4882 0
4883 0
4884 0
4885 0
4886 0
4887 0
4888 0
4889 0
4890 0
4891 0
4892 0
4893 0
4894 0
4895 0
4896 0
4897 0
4898 0
4899 0
4900 0
4901 0
4902 0
4903 0
4904 0
4905 0
4906 0
4907 0
4908 0
4909 0
4910 0
4911 0
4912 0
4913 0
4914 0
4915 0
4916 0
4917 0
4918 0
4919 0
4920 0
4921 0
4922 0
4923 0
4924 0
4925 0
4926 0
4927 0
4928 0
4929 0
4930 0
4931 0
4932 0
4933 0
4934 0
4935 0
4936 0
4937 0
4938 0
4939 0
4940 0
4941 0
4942 0
4943 0
4944 0
4945 0
4946 0
4947 0
4948 0
4949 0
4950 0
4951 0
4952 0
4953 0
4954 0
4955 0
4956 0
4957 0
4958 0
4959 0
4960 0
4961 0
4962 0
4963 0
4964 0
4965 0
4966 0
4967 0
4968 0
4969 0
4970 0
4971 0
4972 0
4973 0
4974 0
4975 0
4976 0
4977 0
4978 0
4979 0
4980 0
4981 0
4982 0
4983 0
4984 0
4985 0
4986 0
4987 0
4988 0
4989 0
4990 0
4991 0
4992 0
4993 0
4994 0
4995 0
4996 0
4997 0
4998 0
4999 0
5000 0
5001 0
5002 0
5003 0
5004 0
5005 0
5006 0
5007 0
5008 0
5009 0
5010 0
5011 0
5012 0
5013 0
5014 0
5015 0
5016 0
5017 0
5018 0
5019 0
5020 0
5021 0
5022 0
5023 0
5024 0
5025 0
5026 0
5027 0
5028 0
5029 0
5030 0
5031 0
5032 0
5033 0
5034 0
5035 0
5036 0
5037 0
5038 0
5039 0
5040 0
5041 0
5042 0
5043 0
5044 0
5045 0
5046 0
5047 0
5048 0
5049 0
5050 0
5051 0
5052 0
5053 0
5054 0
5055 0
5056 0
5057 0
5058 0
5059 0
5060 0
5061 0
5062 0
5063 0
5064 0
5065 0
5066 0
5067 0
5068 0
5069 0
5070 0
5071 0
5072 0
5073 0
5074 0
5075 0
5076 0
5077 0
5078 0
5079 0
5080 0
5081 0
5082 0
5083 0
5084 0
5085 0
5086 0
5087 0
5088 0
5089 0
5090 0
5091 0
5092 0
5093 0
5094 0
5095 0
5096 0
5097 0
5098 0
5099 0
5100 0
5101 0
5102 0
5103 0
5104 0
5105 0
5106 0
5107 0
5108 0
5109 0
5110 0
5111 0
5112 0
5113 0
5114 0
5115 0
5116 0
5117 0
5118 0
5119 0
5120 0
5121 0
5122 0
5123 0
5124 0
5125 0
5126 0
5127 0
5128 0
5129 0
5130 0
5131 0
5132 0
5133 0
5134 0
5135 0
5136 0
5137 0
5138 0
5139 0
5140 0
5141 0
5142 0
5143 0
5144 0
5145 0
5146 0
5147 0
5148 0
5149 0
5150 0
5151 0
5152 0
5153 0
5154 0
5155 0
5156 0
5157 0
5158 0
5159 0
5160 0
5161 0
5162 0
5163 0
5164 0
5165 0
5166 0
5167 0
5168 0
5169 0
5170 0
5171 0
5172 0
5173 0
5174 0
5175 0
5176 0
5177 0
5178 0
5179 0
5180 0
5181 0
5182 0
5183 0
5184 0
5185 0
5186 0
5187 0
5188 0
5189 0
5190 0
5191 0
5192 0
5193 0
5194 0
5195 0
5196 0
5197 0
5198 0
5199 0
5200 0
5201 0
5202 0
5203 0
5204 0
5205 0
5206 0
5207 0
5208 0
5209 0
5210 0
5211 0
5212 0
5213 0
5214 0
5215 0
5216 0
5217 0
5218 0
5219 0
5220 0
5221 0
5222 0
5223 0
5224 0
5225 0
5226 0
5227 0
5228 0
5229 0
5230 0
5231 0
5232 0
5233 0
5234 0
5235 0
5236 0
5237 0
5238 0
5239 0
5240 0
5241 0
5242 0
5243 0
5244 0
5245 0
5246 0
5247 0
5248 0
5249 0
5250 0
5251 0
5252 0
5253 0
5254 0
5255 0
5256 0
5257 0
5258 0
5259 0
5260 0
5261 0
5262 0
5263 0
5264 0
5265 0
5266 0
5267 0
5268 0
5269 0
5270 0
5271 0
5272 0
5273 0
5274 0
5275 0
5276 0
5277 0
5278 0
5279 0
5280 0
5281 0
5282 0
5283 0
5284 0
5285 0
5286 0
5287 0
5288 0
5289 0
5290 0
5291 0
5292 0
5293 0
5294 0
5295 0
5296 0
5297 0
5298 0
5299 0
5300 0
5301 0
5302 0
5303 0
5304 0
5305 0
5306 0
5307 0
5308 0
5309 0
5310 0
5311 0
5312 0
5313 0
5314 0
5315 0
5316 0
5317 0
5318 0
5319 0
5320 0
5321 0
5322 0
5323 0
5324 0
5325 0
5326 0
5327 0
5328 0
5329 0
5330 0
5331 0
5332 0
5333 0
5334 0
5335 0
5336 0
5337 0
5338 0
5339 0
5340 0
5341 0
5342 0
5343 0
5344 0
5345 0
5346 0
5347 0
5348 0
5349 0
5350 0
5351 0
5352 0
5353 0
5354 0
5355 0
5356 0
5357 0
5358 0
5359 0
5360 0
5361 0
5362 0
5363 0
5364 0
5365 0
5366 0
5367 0
5368 0
5369 0
5370 0
5371 0
5372 0
5373 0
5374 0
5375 0
5376 0
5377 0
5378 0
5379 0
5380 0
5381 0
5382 0
5383 0
5384 0
5385 0
5386 0
5387 0
5388 0
5389 0
5390 0
5391 0
5392 0
5393 0
5394 0
5395 0
5396 0
5397 0
5398 0
5399 0
5400 0
5401 0
5402 0
5403 0
5404 0
5405 0
5406 0
5407 0
5408 0
5409 0
5410 0
5411 0
5412 0
5413 0
5414 0
5415 0
5416 0
5417 0
5418 0
5419 0
5420 0
5421 0
5422 0
5423 0
5424 0
5425 0
5426 0
5427 0
5428 0
5429 0
5430 0
5431 0
5432 0
5433 0
5434 0
5435 0
5436 0
5437 0
5438 0
5439 0
5440 0
5441 0
5442 0
5443 0
5444 0
5445 0
5446 0
5447 0
5448 0
5449 0
5450 0
5451 0
5452 0
5453 0
5454 0
5455 0
5456 0
5457 0
5458 0
5459 0
5460 0
5461 0
5462 0
5463 0
5464 0
5465 0
5466 0
5467 0
5468 0
5469 0
5470 0
5471 0
5472 0
5473 0
5474 0
5475 0
5476 0
5477 0
5478 0
5479 0
5480 0
5481 0
5482 0
5483 0
5484 0
5485 0
5486 0
5487 0
5488 0
5489 0
5490 0
5491 0
5492 0
5493 0
5494 0
5495 0
5496 0
5497 0
5498 0
5499 0
5500 0
5501 0
5502 0
5503 0
5504 0
5505 0
5506 0
5507 0
5508 0
5509 0
5510 0
5511 0
5512 0
5513 0
5514 0
5515 0
5516 0
5517 0
5518 0
5519 0
5520 0
5521 0
5522 0
5523 0
5524 0
5525 0
5526 0
5527 0
5528 0
5529 0
5530 0
5531 0
5532 0
5533 0
5534 0
5535 0
5536 0
5537 0
5538 0
5539 0
5540 0
5541 0
5542 0
5543 0
5544 0
5545 0
5546 0
5547 0
5548 0
5549 0
5550 0
5551 0
5552 0
5553 0
5554 0
5555 0
5556 0
5557 0
5558 0
5559 0
5560 0
5561 0
5562 0
5563 0
5564 0
5565 0
5566 0
5567 0
5568 0
5569 0
5570 0
5571 0
5572 0
5573 0
5574 0
5575 0
5576 0
5577 0
5578 0
5579 0
5580 0
5581 0
5582 0
5583 0
5584 0
5585 0
5586 0
5587 0
5588 0
5589 0
5590 0
5591 0
5592 0
5593 0
5594 0
5595 0
5596 0
5597 0
5598 0
5599 0
5600 0
5601 0
5602 0
5603 0
5604 0
5605 0
5606 0
5607 0
5608 0
5609 0
5610 0
5611 0
5612 0
5613 0
5614 0
5615 0
5616 0
5617 0
5618 0
5619 0
5620 0
5621 0
5622 0
5623 0
5624 0
5625 0
5626 0
5627 0
5628 0
5629 0
5630 0
5631 0
5632 0
5633 0
5634 0
5635 0
5636 0
5637 0
5638 0
5639 0
5640 0
5641 0
5642 0
5643 0
5644 0
5645 0
5646 0
5647 0
5648 0
5649 0
5650 0
5651 0
5652 0
5653 0
5654 0
5655 0
5656 0
5657 0
5658 0
5659 0
5660 0
5661 0
5662 0
5663 0
5664 0
5665 0
5666 0
5667 0
5668 0
5669 0
5670 0
5671 0
5672 0
5673 0
5674 0
5675 0
5676 0
5677 0
5678 0
5679 0
5680 0
5681 0
5682 0
5683 0
5684 0
5685 0
5686 0
5687 0
5688 0
5689 0
5690 0
5691 0
5692 0
5693 0
5694 0
5695 0
5696 0
5697 0
5698 0
5699 0
5700 0
5701 0
5702 0
5703 0
5704 0
5705 0
5706 0
5707 0
5708 0
5709 0
5710 0
5711 0
5712 0
5713 0
5714 0
5715 0
5716 0
5717 0
5718 0
5719 0
5720 0
5721 0
5722 0
5723 0
5724 0
5725 0
5726 0
5727 0
5728 0
5729 0
5730 0
5731 0
5732 0
5733 0
5734 0
5735 0
5736 0
5737 0
5738 0
5739 0
5740 0
5741 0
5742 0
5743 0
5744 0
5745 0
5746 0
5747 0
5748 0
5749 0
5750 0
5751 0
5752 0
5753 0
5754 0
5755 0
5756 0
5757 0
5758 0
5759 0
5760 0
5761 0
5762 0
5763 0
5764 0
5765 0
5766 0
5767 0
5768 0
5769 0
5770 0
5771 0
5772 0
5773 0
5774 0
5775 0
5776 0
5777 0
5778 0
5779 0
5780 0
5781 0
5782 0
5783 0
5784 0
5785 0
5786 0
5787 0
5788 0
5789 0
5790 0
5791 0
5792 0
5793 0
5794 0
5795 0
5796 0
5797 0
5798 0
5799 0
5800 0
5801 0
5802 0
5803 0
5804 0
5805 0
5806 0
5807 0
5808 0
5809 0
5810 0
5811 0
5812 0
5813 0
5814 0
5815 0
5816 0
5817 0
5818 0
5819 0
5820 0
5821 0
5822 0
5823 0
5824 0
5825 0
5826 0
5827 0
5828 0
5829 0
5830 0
5831 0
5832 0
5833 0
5834 0
5835 0
5836 0
5837 0
5838 0
5839 0
5840 0
5841 0
5842 0
5843 0
5844 0
5845 0
5846 0
5847 0
5848 0
5849 0
5850 0
5851 0
5852 0
5853 0
5854 0
5855 0
5856 0
5857 0
5858 0
5859 0
5860 0
5861 0
5862 0
5863 0
5864 0
5865 0
5866 0
5867 0
5868 0
5869 0
5870 0
5871 0
5872 0
5873 0
5874 0
5875 0
5876 0
5877 0
5878 0
5879 0
5880 0
5881 0
5882 0
5883 0
5884 0
5885 0
5886 0
5887 0
5888 0
5889 0
5890 0
5891 0
5892 0
5893 0
5894 0
5895 0
5896 0
5897 0
5898 0
5899 0
5900 0
5901 0
5902 0
5903 0
5904 0
5905 0
5906 0
5907 0
5908 0
5909 0
5910 0
5911 0
5912 0
5913 0
5914 0
5915 0
5916 0
5917 0
5918 0
5919 0
5920 0
5921 0
5922 0
5923 0
5924 0
5925 0
5926 0
5927 0
5928 0
5929 0
5930 0
5931 0
5932 0
5933 0
5934 0
5935 0
5936 0
5937 0
5938 0
5939 0
5940 0
5941 0
5942 0
5943 0
5944 0
5945 0
5946 0
5947 0
5948 0
5949 0
5950 0
5951 0
5952 0
5953 0
5954 0
5955 0
5956 0
5957 0
5958 0
5959 0
5960 0
5961 0
5962 0
5963 0
5964 0
5965 0
5966 0
5967 0
5968 0
5969 0
5970 0
5971 0
5972 0
5973 0
5974 0
5975 0
5976 0
5977 0
5978 0
5979 0
5980 0
5981 0
5982 0
5983 0
5984 0
5985 0
5986 0
5987 0
5988 0
5989 0
5990 0
5991 0
5992 0
5993 0
5994 0
5995 0
5996 0
5997 0
5998 0
5999 0
6000 0
6001 0
6002 0
6003 0
6004 0
6005 0
6006 0
6007 0
6008 0
6009 0
6010 0
6011 0
6012 0
6013 0
6014 0
6015 0
6016 0
6017 0
6018 0
6019 0
6020 0
6021 0
6022 0
6023 0
6024 0
6025 0
6026 0
6027 0
6028 0
6029 0
6030 0
6031 0
6032 0
6033 0
6034 0
6035 0
6036 0
6037 0
6038 0
6039 0
6040 0
6041 0
6042 0
6043 0
6044 0
6045 0
6046 0
6047 0
6048 0
6049 0
6050 0
6051 0
6052 0
6053 0
6054 0
6055 0
6056 0
6057 0
6058 0
6059 0
6060 0
6061 0
6062 0
6063 0
6064 0
6065 0
6066 0
6067 0
6068 0
6069 0
6070 0
6071 0
6072 0
6073 0
6074 0
6075 0
6076 0
6077 0
6078 0
6079 0
6080 0
6081 0
6082 0
6083 0
6084 0
6085 0
6086 0
6087 0
6088 0
6089 0
6090 0
6091 0
6092 0
6093 0
6094 0
6095 0
6096 0
6097 0
6098 0
6099 0
6100 0
6101 0
6102 0
6103 0
6104 0
6105 0
6106 0
6107 0
6108 0
6109 0
6110 0
6111 0
6112 0
6113 0
6114 0
6115 0
6116 0
6117 0
6118 0
6119 0
6120 0
6121 0
6122 0
6123 0
6124 0
6125 0
6126 0
6127 0
6128 0
6129 0
6130 0
6131 0
6132 0
6133 0
6134 0
6135 0
6136 0
6137 0
6138 0
6139 0
6140 0
6141 0
6142 0
6143 0
6144 0
6145 0
6146 0
6147 0
6148 0
6149 0
6150 0
6151 0
6152 0
6153 0
6154 0
6155 0
6156 0
6157 0
6158 0
6159 0
6160 0
6161 0
6162 0
6163 0
6164 0
6165 0
6166 0
6167 0
6168 0
6169 0
6170 0
6171 0
6172 0
6173 0
6174 0
6175 0
6176 0
6177 0
6178 0
6179 0
6180 0
6181 0
6182 0
6183 0
6184 0
6185 0
6186 0
6187 0
6188 0
6189 0
6190 0
6191 0
6192 0
6193 0
6194 0
6195 0
6196 0
6197 0
6198 0
6199 0
6200 0
6201 0
6202 0
6203 0
6204 0
6205 0
6206 0
6207 0
6208 0
6209 0
6210 0
6211 0
6212 0
6213 0
6214 0
6215 0
6216 0
6217 0
6218 0
6219 0
6220 0
6221 0
6222 0
6223 0
6224 0
6225 0
6226 0
6227 0
6228 0
6229 0
6230 0
6231 0
6232 0
6233 0
6234 0
6235 0
6236 0
6237 0
6238 0
6239 0
6240 0
6241 0
6242 0
6243 0
6244 0
6245 0
6246 0
6247 0
6248 0
6249 0
6250 0
6251 0
6252 0
6253 0
6254 0
6255 0
6256 0
6257 0
6258 0
6259 0
6260 0
6261 0
6262 0
6263 0
6264 0
6265 0
6266 0
6267 0
6268 0
6269 0
6270 0
6271 0
6272 0
6273 0
6274 0
6275 0
6276 0
6277 0
6278 0
6279 0
6280 0
6281 0
6282 0
6283 0
6284 0
6285 0
6286 0
6287 0
6288 0
6289 0
6290 0
6291 0
6292 0
6293 0
6294 0
6295 0
6296 0
6297 0
6298 0
6299 0
6300 0
6301 0
6302 0
6303 0
6304 0
6305 0
6306 0
6307 0
6308 0
6309 0
6310 0
6311 0
6312 0
6313 0
6314 0
6315 0
6316 0
6317 0
6318 0
6319 0
6320 0
6321 0
6322 0
6323 0
6324 0
6325 0
6326 0
6327 0
6328 0
6329 0
6330 0
6331 0
6332 0
6333 0
6334 0
6335 0
6336 0
6337 0
6338 0
6339 0
6340 0
6341 0
6342 0
6343 0
6344 0
6345 0
6346 0
6347 0
6348 0
6349 0
6350 0
6351 0
6352 0
6353 0
6354 0
6355 0
6356 0
6357 0
6358 0
6359 0
6360 0
6361 0
6362 0
6363 0
6364 0
6365 0
6366 0
6367 0
6368 0
6369 0
6370 0
6371 0
6372 0
6373 0
6374 0
6375 0
6376 0
6377 0
6378 0
6379 0
6380 0
6381 0
6382 0
6383 0
6384 0
6385 0
6386 0
6387 0
6388 0
6389 0
6390 0
6391 0
6392 0
6393 0
6394 0
6395 0
6396 0
6397 0
6398 0
6399 0
6400 0
6401 0
6402 0
6403 0
6404 0
6405 0
6406 0
6407 0
6408 0
6409 0
6410 0
6411 0
6412 0
6413 0
6414 0
6415 0
6416 0
6417 0
6418 0
6419 0
6420 0
6421 0
6422 0
6423 0
6424 0
6425 0
6426 0
6427 0
6428 0
6429 0
6430 0
6431 0
6432 0
6433 0
6434 0
6435 0
6436 0
6437 0
6438 0
6439 0
6440 0
6441 0
6442 0
6443 0
6444 0
6445 0
6446 0
6447 0
6448 0
6449 0
6450 0
6451 0
6452 0
6453 0
6454 0
6455 0
6456 0
6457 0
6458 0
6459 0
6460 0
6461 0
6462 0
6463 0
6464 0
6465 0
6466 0
6467 0
6468 0
6469 0
6470 0
6471 0
6472 0
6473 0
6474 0
6475 0
6476 0
6477 0
6478 0
6479 0
6480 0
6481 0
6482 0
6483 0
6484 0
6485 0
6486 0
6487 0
6488 0
6489 0
6490 0
6491 0
6492 0
6493 0
6494 0
6495 0
6496 0
6497 0
6498 0
6499 0
6500 0
6501 0
6502 0
6503 0
6504 0
6505 0
6506 0
6507 0
6508 0
6509 0
6510 0
6511 0
6512 0
6513 0
6514 0
6515 0
6516 0
6517 0
6518 0
6519 0
6520 0
6521 0
6522 0
6523 0
6524 0
6525 0
6526 0
6527 0
6528 0
6529 0
6530 0
6531 0
6532 0
6533 0
6534 0
6535 0
6536 0
6537 0
6538 0
6539 0
6540 0
6541 0
6542 0
6543 0
6544 0
6545 0
6546 0
6547 0
6548 0
6549 0
6550 0
6551 0
6552 0
6553 0
6554 0
6555 0
6556 0
6557 0
6558 0
6559 0
6560 0
6561 0
6562 0
6563 0
6564 0
6565 0
6566 0
6567 0
6568 0
6569 0
6570 0
6571 0
6572 0
6573 0
6574 0
6575 0
6576 0
6577 0
6578 0
6579 0
6580 0
6581 0
6582 0
6583 0
6584 0
6585 0
6586 0
6587 0
6588 0
6589 0
6590 0
6591 0
6592 0
6593 0
6594 0
6595 0
6596 0
6597 0
6598 0
6599 0
6600 0
6601 0
6602 0
6603 0
6604 0
6605 0
6606 0
6607 0
6608 0
6609 0
6610 0
6611 0
6612 0
6613 0
6614 0
6615 0
6616 0
6617 0
6618 0
6619 0
6620 0
6621 0
6622 0
6623 0
6624 0
6625 0
6626 0
6627 0
6628 0
6629 0
6630 0
6631 0
6632 0
6633 0
6634 0
6635 0
6636 0
6637 0
6638 0
6639 0
6640 0
6641 0
6642 0
6643 0
6644 0
6645 0
6646 0
6647 0
6648 0
6649 0
6650 0
6651 0
6652 0
6653 0
6654 0
6655 0
6656 0
6657 0
6658 0
6659 0
6660 0
6661 0
6662 0
6663 0
6664 0
6665 0
6666 0
6667 0
6668 0
6669 0
6670 0
6671 0
6672 0
6673 0
6674 0
6675 0
6676 0
6677 0
6678 0
6679 0
6680 0
6681 0
6682 0
6683 0
6684 0
6685 0
6686 0
6687 0
6688 0
6689 0
6690 0
6691 0
6692 0
6693 0
6694 0
6695 0
6696 0
6697 0
6698 0
6699 0
6700 0
6701 0
6702 0
6703 0
6704 0
6705 0
6706 0
6707 0
6708 0
6709 0
6710 0
6711 0
6712 0
6713 0
6714 0
6715 0
6716 0
6717 0
6718 0
6719 0
6720 0
6721 0
6722 0
6723 0
6724 0
6725 0
6726 0
6727 0
6728 0
6729 0
6730 0
6731 0
6732 0
6733 0
6734 0
6735 0
6736 0
6737 0
6738 0
6739 0
6740 0
6741 0
6742 0
6743 0
6744 0
6745 0
6746 0
6747 0
6748 0
6749 0
6750 0
6751 0
6752 0
6753 0
6754 0
6755 0
6756 0
6757 0
6758 0
6759 0
6760 0
6761 0
6762 0
6763 0
6764 0
6765 0
6766 0
6767 0
6768 0
6769 0
6770 0
6771 0
6772 0
6773 0
6774 0
6775 0
6776 0
6777 0
6778 0
6779 0
6780 0
6781 0
6782 0
6783 0
6784 0
6785 0
6786 0
6787 0
6788 0
6789 0
6790 0
6791 0
6792 0
6793 0
6794 0
6795 0
6796 0
6797 0
6798 0
6799 0
6800 0
6801 0
6802 0
6803 0
6804 0
6805 0
6806 0
6807 0
6808 0
6809 0
6810 0
6811 0
6812 0
6813 0
6814 0
6815 0
6816 0
6817 0
6818 0
6819 0
6820 0
6821 0
6822 0
6823 0
6824 0
6825 0
6826 0
6827 0
6828 0
6829 0
6830 0
6831 0
6832 0
6833 0
6834 0
6835 0
6836 0
6837 0
6838 0
6839 0
6840 0
6841 0
6842 0
6843 0
6844 0
6845 0
6846 0
6847 0
6848 0
6849 0
6850 0
6851 0
6852 0
6853 0
6854 0
6855 0
6856 0
6857 0
6858 0
6859 0
6860 0
6861 0
6862 0
6863 0
6864 0
6865 0
6866 0
6867 0
6868 0
6869 0
6870 0
6871 0
6872 0
6873 0
6874 0
6875 0
6876 0
6877 0
6878 0
6879 0
6880 0
6881 0
6882 0
6883 0
6884 0
6885 0
6886 0
6887 0
6888 0
6889 0
6890 0
6891 0
6892 0
6893 0
6894 0
6895 0
6896 0
6897 0
6898 0
6899 0
6900 0
6901 0
6902 0
6903 0
6904 0
6905 0
6906 0
6907 0
6908 0
6909 0
6910 0
6911 0
6912 0
6913 0
6914 0
6915 0
6916 0
6917 0
6918 0
6919 0
6920 0
6921 0
6922 0
6923 0
6924 0
6925 0
6926 0
6927 0
6928 0
6929 0
6930 0
6931 0
6932 0
6933 0
6934 0
6935 0
6936 0
6937 0
6938 0
6939 0
6940 0
6941 0
6942 0
6943 0
6944 0
6945 0
6946 0
6947 0
6948 0
6949 0
6950 0
6951 0
6952 0
6953 0
6954 0
6955 0
6956 0
6957 0
6958 0
6959 0
6960 0
6961 0
6962 0
6963 0
6964 0
6965 0
6966 0
6967 0
6968 0
6969 0
6970 0
6971 0
6972 0
6973 0
6974 0
6975 0
6976 0
6977 0
6978 0
6979 0
6980 0
6981 0
6982 0
6983 0
6984 0
6985 0
6986 0
6987 0
6988 0
6989 0
6990 0
6991 0
6992 0
6993 0
6994 0
6995 0
6996 0
6997 0
6998 0
6999 0
7000 0
7001 0
7002 0
7003 0
7004 0
7005 0
7006 0
7007 0
7008 0
7009 0
7010 0
7011 0
7012 0
7013 0
7014 0
7015 0
7016 0
7017 0
7018 0
7019 0
7020 0
7021 0
7022 0
7023 0
7024 0
7025 0
7026 0
7027 0
7028 0
7029 0
7030 0
7031 0
7032 0
7033 0
7034 0
7035 0
7036 0
7037 0
7038 0
7039 0
7040 0
7041 0
7042 0
7043 0
7044 0
7045 0
7046 0
7047 0
7048 0
7049 0
7050 0
7051 0
7052 0
7053 0
7054 0
7055 0
7056 0
7057 0
7058 0
7059 0
7060 0
7061 0
7062 0
7063 0
7064 0
7065 0
7066 0
7067 0
7068 0
7069 0
7070 0
7071 0
7072 0
7073 0
7074 0
7075 0
7076 0
7077 0
7078 0
7079 0
7080 0
7081 0
7082 0
7083 0
7084 0
7085 0
7086 0
7087 0
7088 0
7089 0
7090 0
7091 0
7092 0
7093 0
7094 0
7095 0
7096 0
7097 0
7098 0
7099 0
7100 0
7101 0
7102 0
7103 0
7104 0
7105 0
7106 0
7107 0
7108 0
7109 0
7110 0
7111 0
7112 0
7113 0
7114 0
7115 0
7116 0
7117 0
7118 0
7119 0
7120 0
7121 0
7122 0
7123 0
7124 0
7125 0
7126 0
7127 0
7128 0
7129 0
7130 0
7131 0
7132 0
7133 0
7134 0
7135 0
7136 0
7137 0
7138 0
7139 0
7140 0
7141 0
7142 0
7143 0
7144 0
7145 0
7146 0
7147 0
7148 0
7149 0
7150 0
7151 0
7152 0
7153 0
7154 0
7155 0
7156 0
7157 0
7158 0
7159 0
7160 0
7161 0
7162 0
7163 0
7164 0
7165 0
7166 0
7167 0
7168 0
7169 0
7170 0
7171 0
7172 0
7173 0
7174 0
7175 0
7176 0
7177 0
7178 0
7179 0
7180 0
7181 0
7182 0
7183 0
7184 0
7185 0
7186 0
7187 0
7188 0
7189 0
7190 0
7191 0
7192 0
7193 0
7194 0
7195 0
7196 0
7197 0
7198 0
7199 0
7200 0
7201 0
7202 0
7203 0
7204 0
7205 0
7206 0
7207 0
7208 0
7209 0
7210 0
7211 0
7212 0
7213 0
7214 0
7215 0
7216 0
7217 0
7218 0
7219 0
7220 0
7221 0
7222 0
7223 0
7224 0
7225 0
7226 0
7227 0
7228 0
7229 0
7230 0
7231 0
7232 0
7233 0
7234 0
7235 0
7236 0
7237 0
7238 0
7239 0
7240 0
7241 0
7242 0
7243 0
7244 0
7245 0
7246 0
7247 0
7248 0
7249 0
7250 0
7251 0
7252 0
7253 0
7254 0
7255 0
7256 0
7257 0
7258 0
7259 0
7260 0
7261 0
7262 0
7263 0
7264 0
7265 0
7266 0
7267 0
7268 0
7269 0
7270 0
7271 0
7272 0
7273 0
7274 0
7275 0
7276 0
7277 0
7278 0
7279 0
7280 0
7281 0
7282 0
7283 0
7284 0
7285 0
7286 0
7287 0
7288 0
7289 0
7290 0
7291 0
7292 0
7293 0
7294 0
7295 0
7296 0
7297 0
7298 0
7299 0
7300 0
7301 0
7302 0
7303 0
7304 0
7305 0
7306 0
7307 0
7308 0
7309 0
7310 0
7311 0
7312 0
7313 0
7314 0
7315 0
7316 0
7317 0
7318 0
7319 0
7320 0
7321 0
7322 0
7323 0
7324 0
7325 0
7326 0
7327 0
7328 0
7329 0
7330 0
7331 0
7332 0
7333 0
7334 0
7335 0
7336 0
7337 0
7338 0
7339 0
7340 0
7341 0
7342 0
7343 0
7344 0
7345 0
7346 0
7347 0
7348 0
7349 0
7350 0
7351 0
7352 0
7353 0
7354 0
7355 0
7356 0
7357 0
7358 0
7359 0
7360 0
7361 0
7362 0
7363 0
7364 0
7365 0
7366 0
7367 0
7368 0
7369 0
7370 0
7371 0
7372 0
7373 0
7374 0
7375 0
7376 0
7377 0
7378 0
7379 0
7380 0
7381 0
7382 0
7383 0
7384 0
7385 0
7386 0
7387 0
7388 0
7389 0
7390 0
7391 0
7392 0
7393 0
7394 0
7395 0
7396 0
7397 0
7398 0
7399 0
7400 0
7401 0
7402 0
7403 0
7404 0
7405 0
7406 0
7407 0
7408 0
7409 0
7410 0
7411 0
7412 0
7413 0
7414 0
7415 0
7416 0
7417 0
7418 0
7419 0
7420 0
7421 0
7422 0
7423 0
7424 0
7425 0
7426 0
7427 0
7428 0
7429 0
7430 0
7431 0
7432 0
7433 0
7434 0
7435 0
7436 0
7437 0
7438 0
7439 0
7440 0
7441 0
7442 0
7443 0
7444 0
7445 0
7446 0
7447 0
7448 0
7449 0
7450 0
7451 0
7452 0
7453 0
7454 0
7455 0
7456 0
7457 0
7458 0
7459 0
7460 0
7461 0
7462 0
7463 0
7464 0
7465 0
7466 0
7467 0
7468 0
7469 0
7470 0
7471 0
7472 0
7473 0
7474 0
7475 0
7476 0
7477 0
7478 0
7479 0
7480 0
7481 0
7482 0
7483 0
7484 0
7485 0
7486 0
7487 0
7488 0
7489 0
7490 0
7491 0
7492 0
7493 0
7494 0
7495 0
7496 0
7497 0
7498 0
7499 0
7500 0
7501 0
7502 0
7503 0
7504 0
7505 0
7506 0
7507 0
7508 0
7509 0
7510 0
7511 0
7512 0
7513 0
7514 0
7515 0
7516 0
7517 0
7518 0
7519 0
7520 0
7521 0
7522 0
7523 0
7524 0
7525 0
7526 0
7527 0
7528 0
7529 0
7530 0
7531 0
7532 0
7533 0
7534 0
7535 0
7536 0
7537 0
7538 0
7539 0
7540 0
7541 0
7542 0
7543 0
7544 0
7545 0
7546 0
7547 0
7548 0
7549 0
7550 0
7551 0
7552 0
7553 0
7554 0
7555 0
7556 0
7557 0
7558 0
7559 0
7560 0
7561 0
7562 0
7563 0
7564 0
7565 0
7566 0
7567 0
7568 0
7569 0
7570 0
7571 0
7572 0
7573 0
7574 0
7575 0
7576 0
7577 0
7578 0
7579 0
7580 0
7581 0
7582 0
7583 0
7584 0
7585 0
7586 0
7587 0
7588 0
7589 0
7590 0
7591 0
7592 0
7593 0
7594 0
7595 0
7596 0
7597 0
7598 0
7599 0
7600 0
7601 0
7602 0
7603 0
7604 0
7605 0
7606 0
7607 0
7608 0
7609 0
7610 0
7611 0
7612 0
7613 0
7614 0
7615 0
7616 0
7617 0
7618 0
7619 0
7620 0
7621 0
7622 0
7623 0
7624 0
7625 0
7626 0
7627 0
7628 0
7629 0
7630 0
7631 0
7632 0
7633 0
7634 0
7635 0
7636 0
7637 0
7638 0
7639 0
7640 0
7641 0
7642 0
7643 0
7644 0
7645 0
7646 0
7647 0
7648 0
7649 0
7650 0
7651 0
7652 0
7653 0
7654 0
7655 0
7656 0
7657 0
7658 0
7659 0
7660 0
7661 0
7662 0
7663 0
7664 0
7665 0
7666 0
7667 0
7668 0
7669 0
7670 0
7671 0
7672 0
7673 0
7674 0
7675 0
7676 0
7677 0
7678 0
7679 0
7680 0
7681 0
7682 0
7683 0
7684 0
7685 0
7686 0
7687 0
7688 0
7689 0
7690 0
7691 0
7692 0
7693 0
7694 0
7695 0
7696 0
7697 0
7698 0
7699 0
7700 0
7701 0
7702 0
7703 0
7704 0
7705 0
7706 0
7707 0
7708 0
7709 0
7710 0
7711 0
7712 0
7713 0
7714 0
7715 0
7716 0
7717 0
7718 0
7719 0
7720 0
7721 0
7722 0
7723 0
7724 0
7725 0
7726 0
7727 0
7728 0
7729 0
7730 0
7731 0
7732 0
7733 0
7734 0
7735 0
7736 0
7737 0
7738 0
7739 0
7740 0
7741 0
7742 0
7743 0
7744 0
7745 0
7746 0
7747 0
7748 0
7749 0
7750 0
7751 0
7752 0
7753 0
7754 0
7755 0
7756 0
7757 0
7758 0
7759 0
7760 0
7761 0
7762 0
7763 0
7764 0
7765 0
7766 0
7767 0
7768 0
7769 0
7770 0
7771 0
7772 0
7773 0
7774 0
7775 0
7776 0
7777 0
7778 0
7779 0
7780 0
7781 0
7782 0
7783 0
7784 0
7785 0
7786 0
7787 0
7788 0
7789 0
7790 0
7791 0
7792 0
7793 0
7794 0
7795 0
7796 0
7797 0
7798 0
7799 0
7800 0
7801 0
7802 0
7803 0
7804 0
7805 0
7806 0
7807 0
7808 0
7809 0
7810 0
7811 0
7812 0
7813 0
7814 0
7815 0
7816 0
7817 0
7818 0
7819 0
7820 0
7821 0
7822 0
7823 0
7824 0
7825 0
7826 0
7827 0
7828 0
7829 0
7830 0
7831 0
7832 0
7833 0
7834 0
7835 0
7836 0
7837 0
7838 0
7839 0
7840 0
7841 0
7842 0
7843 0
7844 0
7845 0
7846 0
7847 0
7848 0
7849 0
7850 0
7851 0
7852 0
7853 0
7854 0
7855 0
7856 0
7857 0
7858 0
7859 0
7860 0
7861 0
7862 0
7863 0
7864 0
7865 0
7866 0
7867 0
7868 0
7869 0
7870 0
7871 0
7872 0
7873 0
7874 0
7875 0
7876 0
7877 0
7878 0
7879 0
7880 0
7881 0
7882 0
7883 0
7884 0
7885 0
7886 0
7887 0
7888 0
7889 0
7890 0
7891 0
7892 0
7893 0
7894 0
7895 0
7896 0
7897 0
7898 0
7899 0
7900 0
7901 0
7902 0
7903 0
7904 0
7905 0
7906 0
7907 0
7908 0
7909 0
7910 0
7911 0
7912 0
7913 0
7914 0
7915 0
7916 0
7917 0
7918 0
7919 0
7920 0
7921 0
7922 0
7923 0
7924 0
7925 0
7926 0
7927 0
7928 0
7929 0
7930 0
7931 0
7932 0
7933 0
7934 0
7935 0
7936 0
7937 0
7938 0
7939 0
7940 0
7941 0
7942 0
7943 0
7944 0
7945 0
7946 0
7947 0
7948 0
7949 0
7950 0
7951 0
7952 0
7953 0
7954 0
7955 0
7956 0
7957 0
7958 0
7959 0
7960 0
7961 0
7962 0
7963 0
7964 0
7965 0
7966 0
7967 0
7968 0
7969 0
7970 0
7971 0
7972 0
7973 0
7974 0
7975 0
7976 0
7977 0
7978 0
7979 0
7980 0
7981 0
7982 0
7983 0
7984 0
7985 0
7986 0
7987 0
7988 0
7989 0
7990 0
7991 0
7992 0
7993 0
7994 0
7995 0
7996 0
7997 0
7998 0
7999 0
8000 0
8001 0
8002 0
8003 0
8004 0
8005 0
8006 0
8007 0
8008 0
8009 0
8010 0
8011 0
8012 0
8013 0
8014 0
8015 0
8016 0
8017 0
8018 0
8019 0
8020 0
8021 0
8022 0
8023 0
8024 0
8025 0
8026 0
8027 0
8028 0
8029 0
8030 0
8031 0
8032 0
8033 0
8034 0
8035 0
8036 0
8037 0
8038 0
8039 0
8040 0
8041 0
8042 0
8043 0
8044 0
8045 0
8046 0
8047 0
8048 0
8049 0
8050 0
8051 0
8052 0
8053 0
8054 0
8055 0
8056 0
8057 0
8058 0
8059 0
8060 0
8061 0
8062 0
8063 0
8064 0
8065 0
8066 0
8067 0
8068 0
8069 0
8070 0
8071 0
8072 0
8073 0
8074 0
8075 0
8076 0
8077 0
8078 0
8079 0
8080 0
8081 0
8082 0
8083 0
8084 0
8085 0
8086 0
8087 0
8088 0
8089 0
8090 0
8091 0
8092 0
8093 0
8094 0
8095 0
8096 0
8097 0
8098 0
8099 0
8100 0
8101 0
8102 0
8103 0
8104 0
8105 0
8106 0
8107 0
8108 0
8109 0
8110 0
8111 0
8112 0
8113 0
8114 0
8115 0
8116 0
8117 0
8118 0
8119 0
8120 0
8121 0
8122 0
8123 0
8124 0
8125 0
8126 0
8127 0
8128 0
8129 0
8130 0
8131 0
8132 0
8133 0
8134 0
8135 0
8136 0
8137 0
8138 0
8139 0
8140 0
8141 0
8142 0
8143 0
8144 0
8145 0
8146 0
8147 0
8148 0
8149 0
8150 0
8151 0
8152 0
8153 0
8154 0
8155 0
8156 0
8157 0
8158 0
8159 0
8160 0
8161 0
8162 0
8163 0
8164 0
8165 0
8166 0
8167 0
8168 0
8169 0
8170 0
8171 0
8172 0
8173 0
8174 0
8175 0
8176 0
8177 0
8178 0
8179 0
8180 0
8181 0
8182 0
8183 0
8184 0
8185 0
8186 0
8187 0
8188 0
8189 0
8190 0
8191 0
8192 0
8193 0
8194 0
8195 0
8196 0
8197 0
8198 0
8199 0
8200 0
8201 0
8202 0
8203 0
8204 0
8205 0
8206 0
8207 0
8208 0
8209 0
8210 0
8211 0
8212 0
8213 0
8214 0
8215 0
8216 0
8217 0
8218 0
8219 0
8220 0
8221 0
8222 0
8223 0
8224 0
8225 0
8226 0
8227 0
8228 0
8229 0
8230 0
8231 0
8232 0
8233 0
8234 0
8235 0
8236 0
8237 0
8238 0
8239 0
8240 0
8241 0
8242 0
8243 0
8244 0
8245 0
8246 0
8247 0
8248 0
8249 0
8250 0
8251 0
8252 0
8253 0
8254 0
8255 0
8256 0
8257 0
8258 0
8259 0
8260 0
8261 0
8262 0
8263 0
8264 0
8265 0
8266 0
8267 0
8268 0
8269 0
8270 0
8271 0
8272 0
8273 0
8274 0
8275 0
8276 0
8277 0
8278 0
8279 0
8280 0
8281 0
8282 0
8283 0
8284 0
8285 0
8286 0
8287 0
8288 0
8289 0
8290 0
8291 0
8292 0
8293 0
8294 0
8295 0
8296 0
8297 0
8298 0
8299 0
8300 0
8301 0
8302 0
8303 0
8304 0
8305 0
8306 0
8307 0
8308 0
8309 0
8310 0
8311 0
8312 0
8313 0
8314 0
8315 0
8316 0
8317 0
8318 0
8319 0
8320 0
8321 0
8322 0
8323 0
8324 0
8325 0
8326 0
8327 0
8328 0
8329 0
8330 0
8331 0
8332 0
8333 0
8334 0
8335 0
8336 0
8337 0
8338 0
8339 0
8340 0
8341 0
8342 0
8343 0
8344 0
8345 0
8346 0
8347 0
8348 0
8349 0
8350 0
8351 0
8352 0
8353 0
8354 0
8355 0
8356 0
8357 0
8358 0
8359 0
8360 0
8361 0
8362 0
8363 0
8364 0
8365 0
8366 0
8367 0
8368 0
8369 0
8370 0
8371 0
8372 0
8373 0
8374 0
8375 0
8376 0
8377 0
8378 0
8379 0
8380 0
8381 0
8382 0
8383 0
8384 0
8385 0
8386 0
8387 0
8388 0
8389 0
8390 0
8391 0
8392 0
8393 0
8394 0
8395 0
8396 0
8397 0
8398 0
8399 0
8400 0
8401 0
8402 0
8403 0
8404 0
8405 0
8406 0
8407 0
8408 0
8409 0
8410 0
8411 0
8412 0
8413 0
8414 0
8415 0
8416 0
8417 0
8418 0
8419 0
8420 0
8421 0
8422 0
8423 0
8424 0
8425 0
8426 0
8427 0
8428 0
8429 0
8430 0
8431 0
8432 0
8433 0
8434 0
8435 0
8436 0
8437 0
8438 0
8439 0
8440 0
8441 0
8442 0
8443 0
8444 0
8445 0
8446 0
8447 0
8448 0
8449 0
8450 0
8451 0
8452 0
8453 0
8454 0
8455 0
8456 0
8457 0
8458 0
8459 0
8460 0
8461 0
8462 0
8463 0
8464 0
8465 0
8466 0
8467 0
8468 0
8469 0
8470 0
8471 0
8472 0
8473 0
8474 0
8475 0
8476 0
8477 0
8478 0
8479 0
8480 0
8481 0
8482 0
8483 0
8484 0
8485 0
8486 0
8487 0
8488 0
8489 0
8490 0
8491 0
8492 0
8493 0
8494 0
8495 0
8496 0
8497 0
8498 0
8499 0
8500 0
8501 0
8502 0
8503 0
8504 0
8505 0
8506 0
8507 0
8508 0
8509 0
8510 0
8511 0
8512 0
8513 0
8514 0
8515 0
8516 0
8517 0
8518 0
8519 0
8520 0
8521 0
8522 0
8523 0
8524 0
8525 0
8526 0
8527 0
8528 0
8529 0
8530 0
8531 0
8532 0
8533 0
8534 0
8535 0
8536 0
8537 0
8538 0
8539 0
8540 0
8541 0
8542 0
8543 0
8544 0
8545 0
8546 0
8547 0
8548 0
8549 0
8550 0
8551 0
8552 0
8553 0
8554 0
8555 0
8556 0
8557 0
8558 0
8559 0
8560 0
8561 0
8562 0
8563 0
8564 0
8565 0
8566 0
8567 0
8568 0
8569 0
8570 0
8571 0
8572 0
8573 0
8574 0
8575 0
8576 0
8577 0
8578 0
8579 0
8580 0
8581 0
8582 0
8583 0
8584 0
8585 0
8586 0
8587 0
8588 0
8589 0
8590 0
8591 0
8592 0
8593 0
8594 0
8595 0
8596 0
8597 0
8598 0
8599 0
8600 0
8601 0
8602 0
8603 0
8604 0
8605 0
8606 0
8607 0
8608 0
8609 0
8610 0
8611 0
8612 0
8613 0
8614 0
8615 0
8616 0
8617 0
8618 0
8619 0
8620 0
8621 0
8622 0
8623 0
8624 0
8625 0
8626 0
8627 0
8628 0
8629 0
8630 0
8631 0
8632 0
8633 0
8634 0
8635 0
8636 0
8637 0
8638 0
8639 0
8640 0
8641 0
8642 0
8643 0
8644 0
8645 0
8646 0
8647 0
8648 0
8649 0
8650 0
8651 0
8652 0
8653 0
8654 0
8655 0
8656 0
8657 0
8658 0
8659 0
8660 0
8661 0
8662 0
8663 0
8664 0
8665 0
8666 0
8667 0
8668 0
8669 0
8670 0
8671 0
8672 0
8673 0
8674 0
8675 0
8676 0
8677 0
8678 0
8679 0
8680 0
8681 0
8682 0
8683 0
8684 0
8685 0
8686 0
8687 0
8688 0
8689 0
8690 0
8691 0
8692 0
8693 0
8694 0
8695 0
8696 0
8697 0
8698 0
8699 0
8700 0
8701 0
8702 0
8703 0
8704 0
8705 0
8706 0
8707 0
8708 0
8709 0
8710 0
8711 0
8712 0
8713 0
8714 0
8715 0
8716 0
8717 0
8718 0
8719 0
8720 0
8721 0
8722 0
8723 0
8724 0
8725 0
8726 0
8727 0
8728 0
8729 0
8730 0
8731 0
8732 0
8733 0
8734 0
8735 0
8736 0
8737 0
8738 0
8739 0
8740 0
8741 0
8742 0
8743 0
8744 0
8745 0
8746 0
8747 0
8748 0
8749 0
8750 0
8751 0
8752 0
8753 0
8754 0
8755 0
8756 0
8757 0
8758 0
8759 0
8760 0
8761 0
8762 0
8763 0
8764 0
8765 0
8766 0
8767 0
8768 0
8769 0
8770 0
8771 0
8772 0
8773 0
8774 0
8775 0
8776 0
8777 0
8778 0
8779 0
8780 0
8781 0
8782 0
8783 0
8784 0
8785 0
8786 0
8787 0
8788 0
8789 0
8790 0
8791 0
8792 0
8793 0
8794 0
8795 0
8796 0
8797 0
8798 0
8799 0
8800 0
8801 0
8802 0
8803 0
8804 0
8805 0
8806 0
8807 0
8808 0
8809 0
8810 0
8811 0
8812 0
8813 0
8814 0
8815 0
8816 0
8817 0
8818 0
8819 0
8820 0
8821 0
8822 0
8823 0
8824 0
8825 0
8826 0
8827 0
8828 0
8829 0
8830 0
8831 0
8832 0
8833 0
8834 0
8835 0
8836 0
8837 0
8838 0
8839 0
8840 0
8841 0
8842 0
8843 0
8844 0
8845 0
8846 0
8847 0
8848 0
8849 0
8850 0
8851 0
8852 0
8853 0
8854 0
8855 0
8856 0
8857 0
8858 0
8859 0
8860 0
8861 0
8862 0
8863 0
8864 0
8865 0
8866 0
8867 0
8868 0
8869 0
8870 0
8871 0
8872 0
8873 0
8874 0
8875 0
8876 0
8877 0
8878 0
8879 0
8880 0
8881 0
8882 0
8883 0
8884 0
8885 0
8886 0
8887 0
8888 0
8889 0
8890 0
8891 0
8892 0
8893 0
8894 0
8895 0
8896 0
8897 0
8898 0
8899 0
8900 0
8901 0
8902 0
8903 0
8904 0
8905 0
8906 0
8907 0
8908 0
8909 0
8910 0
8911 0
8912 0
8913 0
8914 0
8915 0
8916 0
8917 0
8918 0
8919 0
8920 0
8921 0
8922 0
8923 0
8924 0
8925 0
8926 0
8927 0
8928 0
8929 0
8930 0
8931 0
8932 0
8933 0
8934 0
8935 0
8936 0
8937 0
8938 0
8939 0
8940 0
8941 0
8942 0
8943 0
8944 0
8945 0
8946 0
8947 0
8948 0
8949 0
8950 0
8951 0
8952 0
8953 0
8954 0
8955 0
8956 0
8957 0
8958 0
8959 0
8960 0
8961 0
8962 0
8963 0
8964 0
8965 0
8966 0
8967 0
8968 0
8969 0
8970 0
8971 0
8972 0
8973 0
8974 0
8975 0
8976 0
8977 0
8978 0
8979 0
8980 0
8981 0
8982 0
8983 0
8984 0
8985 0
8986 0
8987 0
8988 0
8989 0
8990 0
8991 0
8992 0
8993 0
8994 0
8995 0
8996 0
8997 0
8998 0
8999 0
9000 0
9001 0
9002 0
9003 0
9004 0
9005 0
9006 0
9007 0
9008 0
9009 0
9010 0
9011 0
9012 0
9013 0
9014 0
9015 0
9016 0
9017 0
9018 0
9019 0
9020 0
9021 0
9022 0
9023 0
9024 0
9025 0
9026 0
9027 0
9028 0
9029 0
9030 0
9031 0
9032 0
9033 0
9034 0
9035 0
9036 0
9037 0
9038 0
9039 0
9040 0
9041 0
9042 0
9043 0
9044 0
9045 0
9046 0
9047 0
9048 0
9049 0
9050 0
9051 0
9052 0
9053 0
9054 0
9055 0
9056 0
9057 0
9058 0
9059 0
9060 0
9061 0
9062 0
9063 0
9064 0
9065 0
9066 0
9067 0
9068 0
9069 0
9070 0
9071 0
9072 0
9073 0
9074 0
9075 0
9076 0
9077 0
9078 0
9079 0
9080 0
9081 0
9082 0
9083 0
9084 0
9085 0
9086 0
9087 0
9088 0
9089 0
9090 0
9091 0
9092 0
9093 0
9094 0
9095 0
9096 0
9097 0
9098 0
9099 0
9100 0
9101 0
9102 0
9103 0
9104 0
9105 0
9106 0
9107 0
9108 0
9109 0
9110 0
9111 0
9112 0
9113 0
9114 0
9115 0
9116 0
9117 0
9118 0
9119 0
9120 0
9121 0
9122 0
9123 0
9124 0
9125 0
9126 0
9127 0
9128 0
9129 0
9130 0
9131 0
9132 0
9133 0
9134 0
9135 0
9136 0
9137 0
9138 0
9139 0
9140 0
9141 0
9142 0
9143 0
9144 0
9145 0
9146 0
9147 0
9148 0
9149 0
9150 0
9151 0
9152 0
9153 0
9154 0
9155 0
9156 0
9157 0
9158 0
9159 0
9160 0
9161 0
9162 0
9163 0
9164 0
9165 0
9166 0
9167 0
9168 0
9169 0
9170 0
9171 0
9172 0
9173 0
9174 0
9175 0
9176 0
9177 0
9178 0
9179 0
9180 0
9181 0
9182 0
9183 0
9184 0
9185 0
9186 0
9187 0
9188 0
9189 0
9190 0
9191 0
9192 0
9193 0
9194 0
9195 0
9196 0
9197 0
9198 0
9199 0
9200 0
9201 0
9202 0
9203 0
9204 0
9205 0
9206 0
9207 0
9208 0
9209 0
9210 0
9211 0
9212 0
9213 0
9214 0
9215 0
9216 0
9217 0
9218 0
9219 0
9220 0
9221 0
9222 0
9223 0
9224 0
9225 0
9226 0
9227 0
9228 0
9229 0
9230 0
9231 0
9232 0
9233 0
9234 0
9235 0
9236 0
9237 0
9238 0
9239 0
9240 0
9241 0
9242 0
9243 0
9244 0
9245 0
9246 0
9247 0
9248 0
9249 0
9250 0
9251 0
9252 0
9253 0
9254 0
9255 0
9256 0
9257 0
9258 0
9259 0
9260 0
9261 0
9262 0
9263 0
9264 0
9265 0
9266 0
9267 0
9268 0
9269 0
9270 0
9271 0
9272 0
9273 0
9274 0
9275 0
9276 0
9277 0
9278 0
9279 0
9280 0
9281 0
9282 0
9283 0
9284 0
9285 0
9286 0
9287 0
9288 0
9289 0
9290 0
9291 0
9292 0
9293 0
9294 0
9295 0
9296 0
9297 0
9298 0
9299 0
9300 0
9301 0
9302 0
9303 0
9304 0
9305 0
9306 0
9307 0
9308 0
9309 0
9310 0
9311 0
9312 0
9313 0
9314 0
9315 0
9316 0
9317 0
9318 0
9319 0
9320 0
9321 0
9322 0
9323 0
9324 0
9325 0
9326 0
9327 0
9328 0
9329 0
9330 0
9331 0
9332 0
9333 0
9334 0
9335 0
9336 0
9337 0
9338 0
9339 0
9340 0
9341 0
9342 0
9343 0
9344 0
9345 0
9346 0
9347 0
9348 0
9349 0
9350 0
9351 0
9352 0
9353 0
9354 0
9355 0
9356 0
9357 0
9358 0
9359 0
9360 0
9361 0
9362 0
9363 0
9364 0
9365 0
9366 0
9367 0
9368 0
9369 0
9370 0
9371 0
9372 0
9373 0
9374 0
9375 0
9376 0
9377 0
9378 0
9379 0
9380 0
9381 0
9382 0
9383 0
9384 0
9385 0
9386 0
9387 0
9388 0
9389 0
9390 0
9391 0
9392 0
9393 0
9394 0
9395 0
9396 0
9397 0
9398 0
9399 0
9400 0
9401 0
9402 0
9403 0
9404 0
9405 0
9406 0
9407 0
9408 0
9409 0
9410 0
9411 0
9412 0
9413 0
9414 0
9415 0
9416 0
9417 0
9418 0
9419 0
9420 0
9421 0
9422 0
9423 0
9424 0
9425 0
9426 0
9427 0
9428 0
9429 0
9430 0
9431 0
9432 0
9433 0
9434 0
9435 0
9436 0
9437 0
9438 0
9439 0
9440 0
9441 0
9442 0
9443 0
9444 0
9445 0
9446 0
9447 0
9448 0
9449 0
9450 0
9451 0
9452 0
9453 0
9454 0
9455 0
9456 0
9457 0
9458 0
9459 0
9460 0
9461 0
9462 0
9463 0
9464 0
9465 0
9466 0
9467 0
9468 0
9469 0
9470 0
9471 0
9472 0
9473 0
9474 0
9475 0
9476 0
9477 0
9478 0
9479 0
9480 0
9481 0
9482 0
9483 0
9484 0
9485 0
9486 0
9487 0
9488 0
9489 0
9490 0
9491 0
9492 0
9493 0
9494 0
9495 0
9496 0
9497 0
9498 0
9499 0
9500 0
9501 0
9502 0
9503 0
9504 0
9505 0
9506 0
9507 0
9508 0
9509 0
9510 0
9511 0
9512 0
9513 0
9514 0
9515 0
9516 0
9517 0
9518 0
9519 0
9520 0
9521 0
9522 0
9523 0
9524 0
9525 0
9526 0
9527 0
9528 0
9529 0
9530 0
9531 0
9532 0
9533 0
9534 0
9535 0
9536 0
9537 0
9538 0
9539 0
9540 0
9541 0
9542 0
9543 0
9544 0
9545 0
9546 0
9547 0
9548 0
9549 0
9550 0
9551 0
9552 0
9553 0
9554 0
9555 0
9556 0
9557 0
9558 0
9559 0
9560 0
9561 0
9562 0
9563 0
9564 0
9565 0
9566 0
9567 0
9568 0
9569 0
9570 0
9571 0
9572 0
9573 0
9574 0
9575 0
9576 0
9577 0
9578 0
9579 0
9580 0
9581 0
9582 0
9583 0
9584 0
9585 0
9586 0
9587 0
9588 0
9589 0
9590 0
9591 0
9592 0
9593 0
9594 0
9595 0
9596 0
9597 0
9598 0
9599 0
9600 0
9601 0
9602 0
9603 0
9604 0
9605 0
9606 0
9607 0
9608 0
9609 0
9610 0
9611 0
9612 0
9613 0
9614 0
9615 0
9616 0
9617 0
9618 0
9619 0
9620 0
9621 0
9622 0
9623 0
9624 0
9625 0
9626 0
9627 0
9628 0
9629 0
9630 0
9631 0
9632 0
9633 0
9634 0
9635 0
9636 0
9637 0
9638 0
9639 0
9640 0
9641 0
9642 0
9643 0
9644 0
9645 0
9646 0
9647 0
9648 0
9649 0
9650 0
9651 0
9652 0
9653 0
9654 0
9655 0
9656 0
9657 0
9658 0
9659 0
9660 0
9661 0
9662 0
9663 0
9664 0
9665 0
9666 0
9667 0
9668 0
9669 0
9670 0
9671 0
9672 0
9673 0
9674 0
9675 0
9676 0
9677 0
9678 0
9679 0
9680 0
9681 0
9682 0
9683 0
9684 0
9685 0
9686 0
9687 0
9688 0
9689 0
9690 0
9691 0
9692 0
9693 0
9694 0
9695 0
9696 0
9697 0
9698 0
9699 0
9700 0
9701 0
9702 0
9703 0
9704 0
9705 0
9706 0
9707 0
9708 0
9709 0
9710 0
9711 0
9712 0
9713 0
9714 0
9715 0
9716 0
9717 0
9718 0
9719 0
9720 0
9721 0
9722 0
9723 0
9724 0
9725 0
9726 0
9727 0
9728 0
9729 0
9730 0
9731 0
9732 0
9733 0
9734 0
9735 0
9736 0
9737 0
9738 0
9739 0
9740 0
9741 0
9742 0
9743 0
9744 0
9745 0
9746 0
9747 0
9748 0
9749 0
9750 0
9751 0
9752 0
9753 0
9754 0
9755 0
9756 0
9757 0
9758 0
9759 0
9760 0
9761 0
9762 0
9763 0
9764 0
9765 0
9766 0
9767 0
9768 0
9769 0
9770 0
9771 0
9772 0
9773 0
9774 0
9775 0
9776 0
9777 0
9778 0
9779 0
9780 0
9781 0
9782 0
9783 0
9784 0
9785 0
9786 0
9787 0
9788 0
9789 0
9790 0
9791 0
9792 0
9793 0
9794 0
9795 0
9796 0
9797 0
9798 0
9799 0
9800 0
9801 0
9802 0
9803 0
9804 0
9805 0
9806 0
9807 0
9808 0
9809 0
9810 0
9811 0
9812 0
9813 0
9814 0
9815 0
9816 0
9817 0
9818 0
9819 0
9820 0
9821 0
9822 0
9823 0
9824 0
9825 0
9826 0
9827 0
9828 0
9829 0
9830 0
9831 0
9832 0
9833 0
9834 0
9835 0
9836 0
9837 0
9838 0
9839 0
9840 0
9841 0
9842 0
9843 0
9844 0
9845 0
9846 0
9847 0
9848 0
9849 0
9850 0
9851 0
9852 0
9853 0
9854 0
9855 0
9856 0
9857 0
9858 0
9859 0
9860 0
9861 0
9862 0
9863 0
9864 0
9865 0
9866 0
9867 0
9868 0
9869 0
9870 0
9871 0
9872 0
9873 0
9874 0
9875 0
9876 0
9877 0
9878 0
9879 0
9880 0
9881 0
9882 0
9883 0
9884 0
9885 0
9886 0
9887 0
9888 0
9889 0
9890 0
9891 0
9892 0
9893 0
9894 0
9895 0
9896 0
9897 0
9898 0
9899 0
9900 0
9901 0
9902 0
9903 0
9904 0
9905 0
9906 0
9907 0
9908 0
9909 0
9910 0
9911 0
9912 0
9913 0
9914 0
9915 0
9916 0
9917 0
9918 0
9919 0
9920 0
9921 0
9922 0
9923 0
9924 0
9925 0
9926 0
9927 0
9928 0
9929 0
9930 0
9931 0
9932 0
9933 0
9934 0
9935 0
9936 0
9937 0
9938 0
9939 0
9940 0
9941 0
9942 0
9943 0
9944 0
9945 0
9946 0
9947 0
9948 0
9949 0
9950 0
9951 0
9952 0
9953 0
9954 0
9955 0
9956 0
9957 0
9958 0
9959 0
9960 0
9961 0
9962 0
9963 0
9964 0
9965 0
9966 0
9967 0
9968 0
9969 0
9970 0
9971 0
9972 0
9973 0
9974 0
9975 0
9976 0
9977 0
9978 0
9979 0
9980 0
9981 0
9982 0
9983 0
9984 0
9985 0
9986 0
9987 0
9988 0
9989 0
9990 0
9991 0
9992 0
9993 0
9994 0
9995 0
9996 0
9997 0
9998 0
9999 0
10000 0
10001 0
10002 0
10003 0
10004 0
10005 0
10006 0
10007 0
10008 0
10009 0
10010 0
10011 0
10012 0
10013 0
10014 0
10015 0
10016 0
10017 0
10018 0
10019 0
10020 0
10021 0
10022 0
10023 0
10024 0
10025 0
10026 0
10027 0
10028 0
10029 0
10030 0
10031 0
10032 0
10033 0
10034 0
10035 0
10036 0
10037 0
10038 0
10039 0
10040 0
10041 0
10042 0
10043 0
10044 0
10045 0
10046 0
10047 0
10048 0
10049 0
10050 0
10051 0
10052 0
10053 0
10054 0
10055 0
10056 0
10057 0
10058 0
10059 0
10060 0
10061 0
10062 0
10063 0
10064 0
10065 0
10066 0
10067 0
10068 0
10069 0
10070 0
10071 0
10072 0
10073 0
10074 0
10075 0
10076 0
10077 0
10078 0
10079 0
10080 0
10081 0
10082 0
10083 0
10084 0
10085 0
10086 0
10087 0
10088 0
10089 0
10090 0
10091 0
10092 0
10093 0
10094 0
10095 0
10096 0
10097 0
10098 0
10099 0
10100 0
10101 0
10102 0
10103 0
10104 0
10105 0
10106 0
10107 0
10108 0
10109 0
10110 0
10111 0
10112 0
10113 0
10114 0
10115 0
10116 0
10117 0
10118 0
10119 0
10120 0
10121 0
10122 0
10123 0
10124 0
10125 0
10126 0
10127 0
10128 0
10129 0
10130 0
10131 0
10132 0
10133 0
10134 0
10135 0
10136 0
10137 0
10138 0
10139 0
10140 0
10141 0
10142 0
10143 0
10144 0
10145 0
10146 0
10147 0
10148 0
10149 0
10150 0
10151 0
10152 0
10153 0
10154 0
10155 0
10156 0
10157 0
10158 0
10159 0
10160 0
10161 0
10162 0
10163 0
10164 0
10165 0
10166 0
10167 0
10168 0
10169 0
10170 0
10171 0
10172 0
10173 0
10174 0
10175 0
10176 0
10177 0
10178 0
10179 0
10180 0
10181 0
10182 0
10183 0
10184 0
10185 0
10186 0
10187 0
10188 0
10189 0
10190 0
10191 0
10192 0
10193 0
10194 0
10195 0
10196 0
10197 0
10198 0
10199 0
10200 0
10201 0
10202 0
10203 0
10204 0
10205 0
10206 0
10207 0
10208 0
10209 0
10210 0
10211 0
10212 0
10213 0
10214 0
10215 0
10216 0
10217 0
10218 0
10219 0
10220 0
10221 0
10222 0
10223 0
10224 0
10225 0
10226 0
10227 0
10228 0
10229 0
10230 0
10231 0
10232 0
10233 0
10234 0
10235 0
10236 0
10237 0
10238 0
10239 0
10240 0
10241 0
10242 0
10243 0
10244 0
10245 0
10246 0
10247 0
10248 0
10249 0
10250 0
10251 0
10252 0
10253 0
10254 0
10255 0
10256 0
10257 0
10258 0
10259 0
10260 0
10261 0
10262 0
10263 0
10264 0
10265 0
10266 0
10267 0
10268 0
10269 0
10270 0
10271 0
10272 0
10273 0
10274 0
10275 0
10276 0
10277 0
10278 0
10279 0
10280 0
10281 0
10282 0
10283 0
10284 0
10285 0
10286 0
10287 0
10288 0
10289 0
10290 0
10291 0
10292 0
10293 0
10294 0
10295 0
10296 0
10297 0
10298 0
10299 0
10300 0
10301 0
10302 0
10303 0
10304 0
10305 0
10306 0
10307 0
10308 0
10309 0
10310 0
10311 0
10312 0
10313 0
10314 0
10315 0
10316 0
10317 0
10318 0
10319 0
10320 0
10321 0
10322 0
10323 0
10324 0
10325 0
10326 0
10327 0
10328 0
10329 0
10330 0
10331 0
10332 0
10333 0
10334 0
10335 0
10336 0
10337 0
10338 0
10339 0
10340 0
10341 0
10342 0
10343 0
10344 0
10345 0
10346 0
10347 0
10348 0
10349 0
10350 0
10351 0
10352 0
10353 0
10354 0
10355 0
10356 0
10357 0
10358 0
10359 0
10360 0
10361 0
10362 0
10363 0
10364 0
10365 0
10366 0
10367 0
10368 0
10369 0
10370 0
10371 0
10372 0
10373 0
10374 0
10375 0
10376 0
10377 0
10378 0
10379 0
10380 0
10381 0
10382 0
10383 0
10384 0
10385 0
10386 0
10387 0
10388 0
10389 0
10390 0
10391 0
10392 0
10393 0
10394 0
10395 0
10396 0
10397 0
10398 0
10399 0
10400 0
10401 0
10402 0
10403 0
10404 0
10405 0
10406 0
10407 0
10408 0
10409 0
10410 0
10411 0
10412 0
10413 0
10414 0
10415 0
10416 0
10417 0
10418 0
10419 0
10420 0
10421 0
10422 0
10423 0
10424 0
10425 0
10426 0
10427 0
10428 0
10429 0
10430 0
10431 0
10432 0
10433 0
10434 0
10435 0
10436 0
10437 0
10438 0
10439 0
10440 0
10441 0
10442 0
10443 0
10444 0
10445 0
10446 0
10447 0
10448 0
10449 0
10450 0
10451 0
10452 0
10453 0
10454 0
10455 0
10456 0
10457 0
10458 0
10459 0
10460 0
10461 0
10462 0
10463 0
10464 0
10465 0
10466 0
10467 0
10468 0
10469 0
10470 0
10471 0
10472 0
10473 0
10474 0
10475 0
10476 0
10477 0
10478 0
10479 0
10480 0
10481 0
10482 0
10483 0
10484 0
10485 0
10486 0
10487 0
10488 0
10489 0
10490 0
10491 0
10492 0
10493 0
10494 0
10495 0
10496 0
10497 0
10498 0
10499 0
10500 0
10501 0
10502 0
10503 0
10504 0
10505 0
10506 0
10507 0
10508 0
10509 0
10510 0
10511 0
10512 0
10513 0
10514 0
10515 0
10516 0
10517 0
10518 0
10519 0
10520 0
10521 0
10522 0
10523 0
10524 0
10525 0
10526 0
10527 0
10528 0
10529 0
10530 0
10531 0
10532 0
10533 0
10534 0
10535 0
10536 0
10537 0
10538 0
10539 0
10540 0
10541 0
10542 0
10543 0
10544 0
10545 0
10546 0
10547 0
10548 0
10549 0
10550 0
10551 0
10552 0
10553 0
10554 0
10555 0
10556 0
10557 0
10558 0
10559 0
10560 0
10561 0
10562 0
10563 0
10564 0
10565 0
10566 0
10567 0
10568 0
10569 0
10570 0
10571 0
10572 0
10573 0
10574 0
10575 0
10576 0
10577 0
10578 0
10579 0
10580 0
10581 0
10582 0
10583 0
10584 0
10585 0
10586 0
10587 0
10588 0
10589 0
10590 0
10591 0
10592 0
10593 0
10594 0
10595 0
10596 0
10597 0
10598 0
10599 0
10600 0
10601 0
10602 0
10603 0
10604 0
10605 0
10606 0
10607 0
10608 0
10609 0
10610 0
10611 0
10612 0
10613 0
10614 0
10615 0
10616 0
10617 0
10618 0
10619 0
10620 0
10621 0
10622 0
10623 0
10624 0
10625 0
10626 0
10627 0
10628 0
10629 0
10630 0
10631 0
10632 0
10633 0
10634 0
10635 0
10636 0
10637 0
10638 0
10639 0
10640 0
10641 0
10642 0
10643 0
10644 0
10645 0
10646 0
10647 0
10648 0
10649 0
10650 0
10651 0
10652 0
10653 0
10654 0
10655 0
10656 0
10657 0
10658 0
10659 0
10660 0
10661 0
10662 0
10663 0
10664 0
10665 0
10666 0
10667 0
10668 0
10669 0
10670 0
10671 0
10672 0
10673 0
10674 0
10675 0
10676 0
10677 0
10678 0
10679 0
10680 0
10681 0
10682 0
10683 0
10684 0
10685 0
10686 0
10687 0
10688 0
10689 0
10690 0
10691 0
10692 0
10693 0
10694 0
10695 0
10696 0
10697 0
10698 0
10699 0
10700 0
10701 0
10702 0
10703 0
10704 0
10705 0
10706 0
10707 0
10708 0
10709 0
10710 0
10711 0
10712 0
10713 0
10714 0
10715 0
10716 0
10717 0
10718 0
10719 0
10720 0
10721 0
10722 0
